BEGIN TRANSACTION;
CREATE TABLE "Contact" (
	id INTEGER NOT NULL, 
	"FirstName" VARCHAR(255), 
	"LastName" VARCHAR(255), 
	"Email" VARCHAR(255), 
	account_id VARCHAR(255), 
	PRIMARY KEY (id)
);
INSERT INTO "Contact" VALUES(1,'Dalia','Osborn','daliaosborn@example.com','1');
INSERT INTO "Contact" VALUES(2,'Laura','Woodard','laurawoodard@example.com','10');
INSERT INTO "Contact" VALUES(3,'Simon','Davila','simondavila@example.com','100');
INSERT INTO "Contact" VALUES(4,'Jamarcus','Barnett','jamarcusbarnett@example.com','101');
INSERT INTO "Contact" VALUES(5,'Adrianna','Norman','adriannanorman@example.com','102');
INSERT INTO "Contact" VALUES(6,'Donna','Snow','donnasnow@example.com','103');
INSERT INTO "Contact" VALUES(7,'Gary','Wood','garywood@example.com','104');
INSERT INTO "Contact" VALUES(8,'Reagan','Norton','reagannorton@example.com','105');
INSERT INTO "Contact" VALUES(9,'Jaylin','Morgan','jaylinmorgan@example.com','106');
INSERT INTO "Contact" VALUES(10,'Mira','Decker','miradecker@example.com','107');
INSERT INTO "Contact" VALUES(11,'Maya','Lambert','mayalambert@example.com','108');
INSERT INTO "Contact" VALUES(12,'Finley','Barry','finleybarry@example.com','109');
INSERT INTO "Contact" VALUES(13,'Shane','Gibson','shanegibson@example.com','11');
INSERT INTO "Contact" VALUES(14,'Ben','Oneill','benoneill@example.com','110');
INSERT INTO "Contact" VALUES(15,'Maia','Cooley','maiacooley@example.com','111');
INSERT INTO "Contact" VALUES(16,'Olive','Leach','oliveleach@example.com','112');
INSERT INTO "Contact" VALUES(17,'Oswaldo','Pacheco','oswaldopacheco@example.com','113');
INSERT INTO "Contact" VALUES(18,'Nico','Rivers','nicorivers@example.com','114');
INSERT INTO "Contact" VALUES(19,'Tiara','Griffith','tiaragriffith@example.com','115');
INSERT INTO "Contact" VALUES(20,'Declan','Glenn','declanglenn@example.com','116');
INSERT INTO "Contact" VALUES(21,'Madalyn','Francis','madalynfrancis@example.com','117');
INSERT INTO "Contact" VALUES(22,'Mathew','Rhodes','mathewrhodes@example.com','118');
INSERT INTO "Contact" VALUES(23,'Eli','White','eliwhite@example.com','119');
INSERT INTO "Contact" VALUES(24,'Alia','Duarte','aliaduarte@example.com','12');
INSERT INTO "Contact" VALUES(25,'Tatiana','Lang','tatianalang@example.com','120');
INSERT INTO "Contact" VALUES(26,'Gia','Ramirez','giaramirez@example.com','121');
INSERT INTO "Contact" VALUES(27,'Alejandro','Serrano','alejandroserrano@example.com','122');
INSERT INTO "Contact" VALUES(28,'Mya','Galloway','myagalloway@example.com','123');
INSERT INTO "Contact" VALUES(29,'Adam','Clark','adamclark@example.com','124');
INSERT INTO "Contact" VALUES(30,'Marisol','Gonzales','marisolgonzales@example.com','125');
INSERT INTO "Contact" VALUES(31,'Mya','Cobb','myacobb@example.com','126');
INSERT INTO "Contact" VALUES(32,'Jay','Shah','jayshah@example.com','127');
INSERT INTO "Contact" VALUES(33,'Nancy','Arroyo','nancyarroyo@example.com','128');
INSERT INTO "Contact" VALUES(34,'Aubrie','Booker','aubriebooker@example.com','129');
INSERT INTO "Contact" VALUES(35,'Neil','Huerta','neilhuerta@example.com','13');
INSERT INTO "Contact" VALUES(36,'Emelia','Mercer','emeliamercer@example.com','130');
INSERT INTO "Contact" VALUES(37,'Yadiel','Horton','yadielhorton@example.com','131');
INSERT INTO "Contact" VALUES(38,'Taniyah','Rios','taniyahrios@example.com','132');
INSERT INTO "Contact" VALUES(39,'Peyton','Craig','peytoncraig@example.com','133');
INSERT INTO "Contact" VALUES(40,'Francesca','Oliver','francescaoliver@example.com','134');
INSERT INTO "Contact" VALUES(41,'Albert','Montgomery','albertmontgomery@example.com','135');
INSERT INTO "Contact" VALUES(42,'Meredith','Cooke','meredithcooke@example.com','136');
INSERT INTO "Contact" VALUES(43,'Mckayla','Morrison','mckaylamorrison@example.com','137');
INSERT INTO "Contact" VALUES(44,'Hayley','Bright','hayleybright@example.com','138');
INSERT INTO "Contact" VALUES(45,'Dayana','Atkins','dayanaatkins@example.com','139');
INSERT INTO "Contact" VALUES(46,'Laura','Hernandez','laurahernandez@example.com','14');
INSERT INTO "Contact" VALUES(47,'Jessica','Woods','jessicawoods@example.com','140');
INSERT INTO "Contact" VALUES(48,'Khloe','Stanley','khloestanley@example.com','141');
INSERT INTO "Contact" VALUES(49,'Ray','Fischer','rayfischer@example.com','142');
INSERT INTO "Contact" VALUES(50,'Casey','Kline','caseykline@example.com','143');
INSERT INTO "Contact" VALUES(51,'Aron','Joyce','aronjoyce@example.com','144');
INSERT INTO "Contact" VALUES(52,'Diego','Case','diegocase@example.com','145');
INSERT INTO "Contact" VALUES(53,'Chelsea','Graves','chelseagraves@example.com','146');
INSERT INTO "Contact" VALUES(54,'Ruth','Wu','ruthwu@example.com','147');
INSERT INTO "Contact" VALUES(55,'Isaac','Grant','isaacgrant@example.com','148');
INSERT INTO "Contact" VALUES(56,'Audrina','Rojas','audrinarojas@example.com','149');
INSERT INTO "Contact" VALUES(57,'Makhi','Villegas','makhivillegas@example.com','15');
INSERT INTO "Contact" VALUES(58,'Koen','Chase','koenchase@example.com','150');
INSERT INTO "Contact" VALUES(59,'Hailie','Holder','hailieholder@example.com','151');
INSERT INTO "Contact" VALUES(60,'Caylee','Pollard','cayleepollard@example.com','152');
INSERT INTO "Contact" VALUES(61,'Guillermo','Quinn','guillermoquinn@example.com','153');
INSERT INTO "Contact" VALUES(62,'Dominik','Wilkinson','dominikwilkinson@example.com','154');
INSERT INTO "Contact" VALUES(63,'Simone','Keller','simonekeller@example.com','155');
INSERT INTO "Contact" VALUES(64,'Violet','Ellis','violetellis@example.com','156');
INSERT INTO "Contact" VALUES(65,'Samir','Neal','samirneal@example.com','157');
INSERT INTO "Contact" VALUES(66,'Mira','Mcconnell','miramcconnell@example.com','158');
INSERT INTO "Contact" VALUES(67,'Aniya','Arellano','aniyaarellano@example.com','159');
INSERT INTO "Contact" VALUES(68,'Rafael','Velasquez','rafaelvelasquez@example.com','16');
INSERT INTO "Contact" VALUES(69,'Jakayla','Glover','jakaylaglover@example.com','160');
INSERT INTO "Contact" VALUES(70,'Angelo','Lutz','angelolutz@example.com','161');
INSERT INTO "Contact" VALUES(71,'Audrina','Graves','audrinagraves@example.com','162');
INSERT INTO "Contact" VALUES(72,'Turner','Carson','turnercarson@example.com','163');
INSERT INTO "Contact" VALUES(73,'Emelia','Fletcher','emeliafletcher@example.com','164');
INSERT INTO "Contact" VALUES(74,'Mackenzie','Hernandez','mackenziehernandez@example.com','165');
INSERT INTO "Contact" VALUES(75,'Ryan','Hardin','ryanhardin@example.com','17');
INSERT INTO "Contact" VALUES(76,'Mira','Olson','miraolson@example.com','18');
INSERT INTO "Contact" VALUES(77,'Anna','Orr','annaorr@example.com','19');
INSERT INTO "Contact" VALUES(78,'Tyrone','Pearson','tyronepearson@example.com','2');
INSERT INTO "Contact" VALUES(79,'Joe','Salinas','joesalinas@example.com','20');
INSERT INTO "Contact" VALUES(80,'Maleah','Bullock','maleahbullock@example.com','21');
INSERT INTO "Contact" VALUES(81,'Anika','Solomon','anikasolomon@example.com','22');
INSERT INTO "Contact" VALUES(82,'Tom','Higgins','thiggins@example.com','23');
INSERT INTO "Contact" VALUES(83,'Lisa','Higgins','lhiggins@example.com','23');
INSERT INTO "Contact" VALUES(84,'Jeremy','Adams','jeremyadams@example.com','24');
INSERT INTO "Contact" VALUES(85,'Angela','Adams','angelaadams@example.com','24');
INSERT INTO "Contact" VALUES(86,'Arthur','Baker','','25');
INSERT INTO "Contact" VALUES(87,'Arlene','Baker','alanbaker@example.com','25');
INSERT INTO "Contact" VALUES(88,'Robin','Banks','robinbanks@example.com','26');
INSERT INTO "Contact" VALUES(89,'Darryl','Graham','darrylgraham@example.com','26');
INSERT INTO "Contact" VALUES(90,'Lynn','Barnes','lynnbarnes@example.com','27');
INSERT INTO "Contact" VALUES(91,'David','Barnes','davidbarnes@example.com','27');
INSERT INTO "Contact" VALUES(92,'Jason','Barnes','jasonbarnes@example.com','27');
INSERT INTO "Contact" VALUES(93,'Anne','Boyd','anneboyd@example.com','28');
INSERT INTO "Contact" VALUES(94,'Norma','Burke','normaburke@example.com','29');
INSERT INTO "Contact" VALUES(95,'Ariella','Branch','ariellabranch@example.com','3');
INSERT INTO "Contact" VALUES(96,'Bobby','Henderson','bobbyhenderson@example.com','30');
INSERT INTO "Contact" VALUES(97,'Anthony','Hill','anthonyhill@example.com','31');
INSERT INTO "Contact" VALUES(98,'Virginia','Holmes','virginiaholmes@example.com','32');
INSERT INTO "Contact" VALUES(99,'Jose','Jenkins','josejenkins@example.com','33');
INSERT INTO "Contact" VALUES(100,'Craig','Johnson','craigjohnso@example.com','34');
INSERT INTO "Contact" VALUES(101,'Maya','Johnson','','34');
INSERT INTO "Contact" VALUES(102,'Barbara','Johnson','barbarajohnson@example.com','34');
INSERT INTO "Contact" VALUES(103,'Jose','Burgess','joseburgess@example.com','35');
INSERT INTO "Contact" VALUES(104,'Brenda','Bass','brendabass@example.com','36');
INSERT INTO "Contact" VALUES(105,'Nikhil','Bishop','nikhilbishop@example.com','37');
INSERT INTO "Contact" VALUES(106,'Juliette','Cisneros','juliettecisneros@example.com','38');
INSERT INTO "Contact" VALUES(107,'Alana','Owen','alanaowen@example.com','39');
INSERT INTO "Contact" VALUES(108,'Jaydon','Bates','jaydonbates@example.com','4');
INSERT INTO "Contact" VALUES(109,'Cruz','Kerr','cruzkerr@example.com','40');
INSERT INTO "Contact" VALUES(110,'Naima','Crawford','naimacrawford@example.com','41');
INSERT INTO "Contact" VALUES(111,'Beau','Eaton','beaueaton@example.com','42');
INSERT INTO "Contact" VALUES(112,'Chance','Rasmussen','chancerasmussen@example.com','43');
INSERT INTO "Contact" VALUES(113,'Khloe','Campos','khloecampos@example.com','44');
INSERT INTO "Contact" VALUES(114,'Amelie','Bond','ameliebond@example.com','45');
INSERT INTO "Contact" VALUES(115,'Julie','Myers','juliemyers@example.com','46');
INSERT INTO "Contact" VALUES(116,'Jayda','Stanton','jaydastanton@example.com','47');
INSERT INTO "Contact" VALUES(117,'Heidi','Woods','heidiwoods@example.com','48');
INSERT INTO "Contact" VALUES(118,'Leia','Spence','leiaspence@example.com','49');
INSERT INTO "Contact" VALUES(119,'Javon','Rodgers','javonrodgers@example.com','5');
INSERT INTO "Contact" VALUES(120,'Leon','Clayton','leonclayton@example.com','50');
INSERT INTO "Contact" VALUES(121,'Marc','Richard','marcrichard@example.com','51');
INSERT INTO "Contact" VALUES(122,'Jordan','Waller','jordanwaller@example.com','52');
INSERT INTO "Contact" VALUES(123,'Jace','Hampton','jacehampton@example.com','53');
INSERT INTO "Contact" VALUES(124,'Silas','Neal','silasneal@example.com','54');
INSERT INTO "Contact" VALUES(125,'Sonia','Gentry','soniagentry@example.com','55');
INSERT INTO "Contact" VALUES(126,'Alison','Barr','alisonbarr@example.com','56');
INSERT INTO "Contact" VALUES(127,'Vu','Pham','vupham@example.com','57');
INSERT INTO "Contact" VALUES(128,'Kellen','Cooley','kellencooley@example.com','58');
INSERT INTO "Contact" VALUES(129,'Jay','Zimmerman','jayzimmerman@example.com','59');
INSERT INTO "Contact" VALUES(130,'Josie','Mcclure','josiemcclure@example.com','6');
INSERT INTO "Contact" VALUES(131,'Melanie','Wheeler','melaniewheeler@example.com','60');
INSERT INTO "Contact" VALUES(132,'Fernando','Beltran','fernandobeltran@example.com','61');
INSERT INTO "Contact" VALUES(133,'Yuliana','Bird','yulianabird@example.com','62');
INSERT INTO "Contact" VALUES(134,'Alyson','Duffy','alysonduffy@example.com','63');
INSERT INTO "Contact" VALUES(135,'Nyla','Woods','nylawoods@example.com','64');
INSERT INTO "Contact" VALUES(136,'James','Richards','jamesrichards@example.com','65');
INSERT INTO "Contact" VALUES(137,'Aaron','Valdez','aaronvaldez@example.com','66');
INSERT INTO "Contact" VALUES(138,'John','Mills','johnmills@example.com','67');
INSERT INTO "Contact" VALUES(139,'Shannon','Greene','shannongreene@example.com','68');
INSERT INTO "Contact" VALUES(140,'Marco','Escobar','marcoescobar@example.com','69');
INSERT INTO "Contact" VALUES(141,'Marcus','Huynh','marcushuynh@example.com','7');
INSERT INTO "Contact" VALUES(142,'Lorelai','Gross','lorelaigross@example.com','70');
INSERT INTO "Contact" VALUES(143,'Elsa','Guerrero','elsaguerrero@example.com','71');
INSERT INTO "Contact" VALUES(144,'Yesenia','Ritter','yeseniaritter@example.com','72');
INSERT INTO "Contact" VALUES(145,'Abraham','Sims','abrahamsims@example.com','73');
INSERT INTO "Contact" VALUES(146,'Kyle','Huffman','kylehuffman@example.com','74');
INSERT INTO "Contact" VALUES(147,'Cora','Hall','corahall@example.com','75');
INSERT INTO "Contact" VALUES(148,'Isaac','Barker','isaacbarker@example.com','76');
INSERT INTO "Contact" VALUES(149,'Kailey','Glass','kaileyglass@example.com','77');
INSERT INTO "Contact" VALUES(150,'Delilah','Ibarra','delilahibarra@example.com','78');
INSERT INTO "Contact" VALUES(151,'Zackery','Morgan','zackerymorgan@example.com','79');
INSERT INTO "Contact" VALUES(152,'Ayanna','Gonzalez','ayannagonzalez@example.com','8');
INSERT INTO "Contact" VALUES(153,'Duncan','Bowers','duncanbowers@example.com','80');
INSERT INTO "Contact" VALUES(154,'Lauryn','Odom','laurynodom@example.com','81');
INSERT INTO "Contact" VALUES(155,'Yusef','Flores','yusefflores@example.com','82');
INSERT INTO "Contact" VALUES(156,'Semaj','Wall','semajwall@example.com','83');
INSERT INTO "Contact" VALUES(157,'Frankie','Waller','frankiewaller@example.com','84');
INSERT INTO "Contact" VALUES(158,'Eliezer','Bray','eliezerbray@example.com','85');
INSERT INTO "Contact" VALUES(159,'Jaden','Conner','jadenconner@example.com','86');
INSERT INTO "Contact" VALUES(160,'Steven','Harper','stevenharper@example.com','87');
INSERT INTO "Contact" VALUES(161,'Karissa','Aguilar','karissaaguilar@example.com','88');
INSERT INTO "Contact" VALUES(162,'Tiara','Cummings','tiaracummings@example.com','89');
INSERT INTO "Contact" VALUES(163,'Taniya','Singleton','taniyasingleton@example.com','9');
INSERT INTO "Contact" VALUES(164,'Cecilia','Cardenas','ceciliacardenas@example.com','90');
INSERT INTO "Contact" VALUES(165,'Christina','Webster','christinawebster@example.com','91');
INSERT INTO "Contact" VALUES(166,'Emilie','Costa','emiliecosta@example.com','92');
INSERT INTO "Contact" VALUES(167,'Ayana','Humphrey','ayanahumphrey@example.com','93');
INSERT INTO "Contact" VALUES(168,'Lucia','Cain','luciacain@example.com','94');
INSERT INTO "Contact" VALUES(169,'Amaya','Dunlap','amayadunlap@example.com','95');
INSERT INTO "Contact" VALUES(170,'Derrick','Blackwell','derrickblackwell@example.com','96');
INSERT INTO "Contact" VALUES(171,'Alice','Irwin','aliceirwin@example.com','97');
INSERT INTO "Contact" VALUES(172,'Fabian','Hughes','fabianhughes@example.com','98');
INSERT INTO "Contact" VALUES(173,'Raelynn','Wells','raelynnwells@example.com','99');
CREATE TABLE Account__HH_Account (
	id INTEGER NOT NULL, 
	"Name" VARCHAR(255), 
	"AccountNumber" VARCHAR(255),
	PRIMARY KEY (id)
);
INSERT INTO "Account__HH_Account" VALUES(1,'Osborn Household','Account-001');
INSERT INTO "Account__HH_Account" VALUES(2,'Pearson Household','Account-002');
INSERT INTO "Account__HH_Account" VALUES(3,'Branch Household','Account-003');
INSERT INTO "Account__HH_Account" VALUES(4,'Bates Household','Account-004');
INSERT INTO "Account__HH_Account" VALUES(5,'Rodgers Household','Account-005');
INSERT INTO "Account__HH_Account" VALUES(6,'Mcclure Household','Account-006');
INSERT INTO "Account__HH_Account" VALUES(7,'Huynh Household','Account-007');
INSERT INTO "Account__HH_Account" VALUES(8,'Gonzalez Household','Account-008');
INSERT INTO "Account__HH_Account" VALUES(9,'Singleton Household','Account-009');
INSERT INTO "Account__HH_Account" VALUES(10,'Woodard Household','Account-010');
INSERT INTO "Account__HH_Account" VALUES(11,'Gibson Household','Account-011');
INSERT INTO "Account__HH_Account" VALUES(12,'Duarte Household','Account-012');
INSERT INTO "Account__HH_Account" VALUES(13,'Huerta Household','Account-013');
INSERT INTO "Account__HH_Account" VALUES(14,'Hernandez Household','Account-014');
INSERT INTO "Account__HH_Account" VALUES(15,'Villegas Household','Account-015');
INSERT INTO "Account__HH_Account" VALUES(16,'Velasquez Household','Account-016');
INSERT INTO "Account__HH_Account" VALUES(17,'Hardin Household','Account-017');
INSERT INTO "Account__HH_Account" VALUES(18,'Olson Household','Account-018');
INSERT INTO "Account__HH_Account" VALUES(19,'Orr Household','Account-019');
INSERT INTO "Account__HH_Account" VALUES(20,'Salinas Household','Account-020');
INSERT INTO "Account__HH_Account" VALUES(21,'Bullock Household','Account-021');
INSERT INTO "Account__HH_Account" VALUES(22,'Solomon Household','Account-022');
INSERT INTO "Account__HH_Account" VALUES(23,'Higgins Household','Account-023');
INSERT INTO "Account__HH_Account" VALUES(24,'Adams Household','Account-024');
INSERT INTO "Account__HH_Account" VALUES(25,'Baker Household','Account-025');
INSERT INTO "Account__HH_Account" VALUES(26,'Banks and Graham Household','Account-026');
INSERT INTO "Account__HH_Account" VALUES(27,'Barnes Household','Account-027');
INSERT INTO "Account__HH_Account" VALUES(28,'Boyd Household','Account-028');
INSERT INTO "Account__HH_Account" VALUES(29,'Burke Household','Account-029');
INSERT INTO "Account__HH_Account" VALUES(30,'Henderson Household','Account-030');
INSERT INTO "Account__HH_Account" VALUES(31,'Hill Household','Account-031');
INSERT INTO "Account__HH_Account" VALUES(32,'Holmes Household','Account-032');
INSERT INTO "Account__HH_Account" VALUES(33,'Jenkins Household','Account-033');
INSERT INTO "Account__HH_Account" VALUES(34,'Johnson Household','Account-034');
INSERT INTO "Account__HH_Account" VALUES(35,'Burgess Household','Account-035');
INSERT INTO "Account__HH_Account" VALUES(36,'Bass Household','Account-036');
INSERT INTO "Account__HH_Account" VALUES(37,'Bishop Household','Account-037');
INSERT INTO "Account__HH_Account" VALUES(38,'Cisneros Household','Account-038');
INSERT INTO "Account__HH_Account" VALUES(39,'Owen Household','Account-039');
INSERT INTO "Account__HH_Account" VALUES(40,'Kerr Household','Account-040');
INSERT INTO "Account__HH_Account" VALUES(41,'Crawford Household','Account-041');
INSERT INTO "Account__HH_Account" VALUES(42,'Eaton Household','Account-042');
INSERT INTO "Account__HH_Account" VALUES(43,'Rasmussen Household','Account-043');
INSERT INTO "Account__HH_Account" VALUES(44,'Campos Household','Account-044');
INSERT INTO "Account__HH_Account" VALUES(45,'Bond Household','Account-045');
INSERT INTO "Account__HH_Account" VALUES(46,'Myers Household','Account-046');
INSERT INTO "Account__HH_Account" VALUES(47,'Stanton Household','Account-047');
INSERT INTO "Account__HH_Account" VALUES(48,'Woods Household','Account-048');
INSERT INTO "Account__HH_Account" VALUES(49,'Spence Household','Account-049');
INSERT INTO "Account__HH_Account" VALUES(50,'Clayton Household','Account-050');
INSERT INTO "Account__HH_Account" VALUES(51,'Richard Household','Account-051');
INSERT INTO "Account__HH_Account" VALUES(52,'Waller Household','Account-052');
INSERT INTO "Account__HH_Account" VALUES(53,'Hampton Household','Account-053');
INSERT INTO "Account__HH_Account" VALUES(54,'Neal Household','Account-054');
INSERT INTO "Account__HH_Account" VALUES(55,'Gentry Household','Account-055');
INSERT INTO "Account__HH_Account" VALUES(56,'Barr Household','Account-056');
INSERT INTO "Account__HH_Account" VALUES(57,'Pham Household','Account-057');
INSERT INTO "Account__HH_Account" VALUES(58,'Cooley Household','Account-058');
INSERT INTO "Account__HH_Account" VALUES(59,'Zimmerman Household','Account-059');
INSERT INTO "Account__HH_Account" VALUES(60,'Wheeler Household','Account-060');
INSERT INTO "Account__HH_Account" VALUES(61,'Beltran Household','Account-061');
INSERT INTO "Account__HH_Account" VALUES(62,'Bird Household','Account-062');
INSERT INTO "Account__HH_Account" VALUES(63,'Duffy Household','Account-063');
INSERT INTO "Account__HH_Account" VALUES(64,'Woods Household','Account-064');
INSERT INTO "Account__HH_Account" VALUES(65,'Richards Household','Account-065');
INSERT INTO "Account__HH_Account" VALUES(66,'Valdez Household','Account-066');
INSERT INTO "Account__HH_Account" VALUES(67,'Mills Household','Account-067');
INSERT INTO "Account__HH_Account" VALUES(68,'Greene Household','Account-068');
INSERT INTO "Account__HH_Account" VALUES(69,'Escobar Household','Account-069');
INSERT INTO "Account__HH_Account" VALUES(70,'Gross Household','Account-070');
INSERT INTO "Account__HH_Account" VALUES(71,'Guerrero Household','Account-071');
INSERT INTO "Account__HH_Account" VALUES(72,'Ritter Household','Account-072');
INSERT INTO "Account__HH_Account" VALUES(73,'Sims Household','Account-073');
INSERT INTO "Account__HH_Account" VALUES(74,'Huffman Household','Account-074');
INSERT INTO "Account__HH_Account" VALUES(75,'Hall Household','Account-075');
INSERT INTO "Account__HH_Account" VALUES(76,'Barker Household','Account-076');
INSERT INTO "Account__HH_Account" VALUES(77,'Glass Household','Account-077');
INSERT INTO "Account__HH_Account" VALUES(78,'Ibarra Household','Account-078');
INSERT INTO "Account__HH_Account" VALUES(79,'Morgan Household','Account-079');
INSERT INTO "Account__HH_Account" VALUES(80,'Bowers Household','Account-080');
INSERT INTO "Account__HH_Account" VALUES(81,'Odom Household','Account-081');
INSERT INTO "Account__HH_Account" VALUES(82,'Flores Household','Account-082');
INSERT INTO "Account__HH_Account" VALUES(83,'Wall Household','Account-083');
INSERT INTO "Account__HH_Account" VALUES(84,'Waller Household','Account-084');
INSERT INTO "Account__HH_Account" VALUES(85,'Bray Household','Account-085');
INSERT INTO "Account__HH_Account" VALUES(86,'Conner Household','Account-086');
INSERT INTO "Account__HH_Account" VALUES(87,'Harper Household','Account-087');
INSERT INTO "Account__HH_Account" VALUES(88,'Aguilar Household','Account-088');
INSERT INTO "Account__HH_Account" VALUES(89,'Cummings Household','Account-089');
INSERT INTO "Account__HH_Account" VALUES(90,'Cardenas Household','Account-090');
INSERT INTO "Account__HH_Account" VALUES(91,'Webster Household','Account-091');
INSERT INTO "Account__HH_Account" VALUES(92,'Costa Household','Account-092');
INSERT INTO "Account__HH_Account" VALUES(93,'Humphrey Household','Account-093');
INSERT INTO "Account__HH_Account" VALUES(94,'Cain Household','Account-094');
INSERT INTO "Account__HH_Account" VALUES(95,'Dunlap Household','Account-095');
INSERT INTO "Account__HH_Account" VALUES(96,'Blackwell Household','Account-096');
INSERT INTO "Account__HH_Account" VALUES(97,'Irwin Household','Account-097');
INSERT INTO "Account__HH_Account" VALUES(98,'Hughes Household','Account-098');
INSERT INTO "Account__HH_Account" VALUES(99,'Wells Household','Account-099');
INSERT INTO "Account__HH_Account" VALUES(100,'Davila Household','Account-100');
INSERT INTO "Account__HH_Account" VALUES(101,'Barnett Household','Account-101');
INSERT INTO "Account__HH_Account" VALUES(102,'Norman Household','Account-102');
INSERT INTO "Account__HH_Account" VALUES(103,'Snow Household','Account-103');
INSERT INTO "Account__HH_Account" VALUES(104,'Wood Household','Account-104');
INSERT INTO "Account__HH_Account" VALUES(105,'Norton Household','Account-105');
INSERT INTO "Account__HH_Account" VALUES(106,'Morgan Household','Account-106');
INSERT INTO "Account__HH_Account" VALUES(107,'Decker Household','Account-107');
INSERT INTO "Account__HH_Account" VALUES(108,'Lambert Household','Account-108');
INSERT INTO "Account__HH_Account" VALUES(109,'Barry Household','Account-109');
INSERT INTO "Account__HH_Account" VALUES(110,'Oneill Household','Account-110');
INSERT INTO "Account__HH_Account" VALUES(111,'Cooley Household','Account-111');
INSERT INTO "Account__HH_Account" VALUES(112,'Leach Household','Account-112');
INSERT INTO "Account__HH_Account" VALUES(113,'Pacheco Household','Account-113');
INSERT INTO "Account__HH_Account" VALUES(114,'Rivers Household','Account-114');
INSERT INTO "Account__HH_Account" VALUES(115,'Griffith Household','Account-115');
INSERT INTO "Account__HH_Account" VALUES(116,'Glenn Household','Account-116');
INSERT INTO "Account__HH_Account" VALUES(117,'Francis Household','Account-117');
INSERT INTO "Account__HH_Account" VALUES(118,'Rhodes Household','Account-118');
INSERT INTO "Account__HH_Account" VALUES(119,'White Household','Account-119');
INSERT INTO "Account__HH_Account" VALUES(120,'Lang Household','Account-120');
INSERT INTO "Account__HH_Account" VALUES(121,'Ramirez Household','Account-121');
INSERT INTO "Account__HH_Account" VALUES(122,'Serrano Household','Account-122');
INSERT INTO "Account__HH_Account" VALUES(123,'Galloway Household','Account-123');
INSERT INTO "Account__HH_Account" VALUES(124,'Clark Household','Account-124');
INSERT INTO "Account__HH_Account" VALUES(125,'Gonzales Household','Account-125');
INSERT INTO "Account__HH_Account" VALUES(126,'Cobb Household','Account-126');
INSERT INTO "Account__HH_Account" VALUES(127,'Shah Household','Account-127');
INSERT INTO "Account__HH_Account" VALUES(128,'Arroyo Household','Account-128');
INSERT INTO "Account__HH_Account" VALUES(129,'Booker Household','Account-129');
INSERT INTO "Account__HH_Account" VALUES(130,'Mercer Household','Account-130');
INSERT INTO "Account__HH_Account" VALUES(131,'Horton Household','Account-131');
INSERT INTO "Account__HH_Account" VALUES(132,'Rios Household','Account-132');
INSERT INTO "Account__HH_Account" VALUES(133,'Craig Household','Account-133');
INSERT INTO "Account__HH_Account" VALUES(134,'Oliver Household','Account-134');
INSERT INTO "Account__HH_Account" VALUES(135,'Montgomery Household','Account-135');
INSERT INTO "Account__HH_Account" VALUES(136,'Cooke Household','Account-136');
INSERT INTO "Account__HH_Account" VALUES(137,'Morrison Household','Account-137');
INSERT INTO "Account__HH_Account" VALUES(138,'Bright Household','Account-138');
INSERT INTO "Account__HH_Account" VALUES(139,'Atkins Household','Account-139');
INSERT INTO "Account__HH_Account" VALUES(140,'Woods Household','Account-140');
INSERT INTO "Account__HH_Account" VALUES(141,'Stanley Household','Account-141');
INSERT INTO "Account__HH_Account" VALUES(142,'Fischer Household','Account-142');
INSERT INTO "Account__HH_Account" VALUES(143,'Kline Household','Account-143');
INSERT INTO "Account__HH_Account" VALUES(144,'Joyce Household','Account-144');
INSERT INTO "Account__HH_Account" VALUES(145,'Case Household','Account-145');
INSERT INTO "Account__HH_Account" VALUES(146,'Graves Household','Account-146');
INSERT INTO "Account__HH_Account" VALUES(147,'Wu Household','Account-147');
INSERT INTO "Account__HH_Account" VALUES(148,'Grant Household','Account-148');
INSERT INTO "Account__HH_Account" VALUES(149,'Rojas Household','Account-149');
INSERT INTO "Account__HH_Account" VALUES(150,'Chase Household','Account-150');
INSERT INTO "Account__HH_Account" VALUES(151,'Holder Household','Account-151');
INSERT INTO "Account__HH_Account" VALUES(152,'Pollard Household','Account-152');
INSERT INTO "Account__HH_Account" VALUES(153,'Quinn Household','Account-153');
INSERT INTO "Account__HH_Account" VALUES(154,'Wilkinson Household','Account-154');
INSERT INTO "Account__HH_Account" VALUES(155,'Keller Household','Account-155');
INSERT INTO "Account__HH_Account" VALUES(156,'Ellis Household','Account-156');
INSERT INTO "Account__HH_Account" VALUES(157,'Neal Household','Account-157');
INSERT INTO "Account__HH_Account" VALUES(158,'Mcconnell Household','Account-158');
INSERT INTO "Account__HH_Account" VALUES(159,'Arellano Household','Account-159');
INSERT INTO "Account__HH_Account" VALUES(160,'Glover Household','Account-160');
INSERT INTO "Account__HH_Account" VALUES(161,'Lutz Household','Account-161');
INSERT INTO "Account__HH_Account" VALUES(162,'Graves Household','Account-162');
INSERT INTO "Account__HH_Account" VALUES(163,'Carson Household','Account-163');
INSERT INTO "Account__HH_Account" VALUES(164,'Fletcher Household','Account-164');
INSERT INTO "Account__HH_Account" VALUES(165,'Hernandez Household','Account-165');
INSERT INTO "Account__HH_Account" VALUES(166,'Marble Foundation','Account-166');
INSERT INTO "Account__HH_Account" VALUES(167,'Future Potential Fund','Account-167');
INSERT INTO "Account__HH_Account" VALUES(168,'City Department of Human Services','Account-168');
INSERT INTO "Account__HH_Account" VALUES(169,'127th Street Community Center','Account-169');
CREATE TABLE "pmdm__ProgramCohort__c" (
	id INTEGER NOT NULL, 
	"Name" VARCHAR(255), 
	"pmdm__Description__c" VARCHAR(255), 
	"pmdm__EndDate__c" VARCHAR(255), 
	"pmdm__StartDate__c" VARCHAR(255), 
	"pmdm__Status__c" VARCHAR(255), 
	program__c VARCHAR(255), 
	PRIMARY KEY (id)
);
INSERT INTO "pmdm__ProgramCohort__c" VALUES(1,'Job Readiness 2019-2021','This program is designed to assist adults who have experienced a prolonged absence from the workforce for a variety of reasons such as caring for a family member, protracted joblessness following a layoff or return from a short period of incarceration for a minor crime. It''s also intended to provide support for adults in the workforce who are looking to stabilize their housing or working situation.','2021-04-15','2019-04-15','Active','2');
INSERT INTO "pmdm__ProgramCohort__c" VALUES(2,'Fall 2019 STEM','','2019-12-20','2019-09-09','Active','4');
INSERT INTO "pmdm__ProgramCohort__c" VALUES(3,'Eastgate','Eastgate neighborhood service area','','2019-02-01','Active','6');
INSERT INTO "pmdm__ProgramCohort__c" VALUES(4,'Genellen','Genellen neighborhood service area','','2019-02-01','Active','6');
INSERT INTO "pmdm__ProgramCohort__c" VALUES(5,'Riverside','Riverside neighborhood service area','','2019-02-01','Active','6');
INSERT INTO "pmdm__ProgramCohort__c" VALUES(6,'Highpoint','Highpoint neighborhood service area','','2019-02-01','Active','6');
CREATE TABLE "pmdm__ProgramEngagement__c" (
	id INTEGER NOT NULL, 
	"Name" VARCHAR(255), 
	"pmdm__ApplicationDate__c" VARCHAR(255), 
	"pmdm__AutoName_Override__c" VARCHAR(255), 
	"pmdm__EndDate__c" VARCHAR(255), 
	"pmdm__Role__c" VARCHAR(255), 
	"pmdm__Stage__c" VARCHAR(255), 
	"pmdm__StartDate__c" VARCHAR(255), 
	account__c VARCHAR(255), 
	contact__c VARCHAR(255), 
	program__c VARCHAR(255), 
	program_cohort__c VARCHAR(255), 
	PRIMARY KEY (id)
);
INSERT INTO "pmdm__ProgramEngagement__c" VALUES(1,'Naima  Crawford - School Lunch Program','','false','','Client','Enrolled','2020-02-03','','110','11','');
INSERT INTO "pmdm__ProgramEngagement__c" VALUES(2,'Naima  Crawford - Mobile Middle School STEM Program','','false','2019-12-20','Client','In Progress','2019-09-09','','110','4','2');
INSERT INTO "pmdm__ProgramEngagement__c" VALUES(3,'Arlene  Baker - Job Readiness Program','2019-06-19','false','','Client','In Progress','2019-09-04','','87','2','1');
INSERT INTO "pmdm__ProgramEngagement__c" VALUES(4,'Adrianna  Norman - Job Readiness Program','','false','','Client','Enrolled','2020-01-06','','5','2','');
INSERT INTO "pmdm__ProgramEngagement__c" VALUES(5,'Gary  Wood - Job Readiness Program','','false','','Client','In Progress','2019-10-02','','7','2','');
INSERT INTO "pmdm__ProgramEngagement__c" VALUES(6,'Jaylin  Morgan - Housing Assistance Program','','false','','Client','In Progress','2019-09-24','','9','8','');
INSERT INTO "pmdm__ProgramEngagement__c" VALUES(7,'Robin  Banks - Job Readiness Program','2019-09-02','false','','Client','In Progress','2019-09-04','','88','2','1');
INSERT INTO "pmdm__ProgramEngagement__c" VALUES(8,'Robin  Banks - Drug and Alcohol Recovery Management','2019-08-24','false','','Client','In Progress','2019-09-03','','88','7','');
INSERT INTO "pmdm__ProgramEngagement__c" VALUES(9,'Olive  Leach - Prenatal and Early Childhood Health Program','','false','','Client','In Progress','2019-07-08','','16','6','3');
INSERT INTO "pmdm__ProgramEngagement__c" VALUES(10,'Nico  Rivers - Housing Assistance Program','','false','','Client','In Progress','2019-09-19','','18','8','');
INSERT INTO "pmdm__ProgramEngagement__c" VALUES(11,'Jessica  Woods - Mobile Middle School STEM Program','','false','2019-12-20','Client','In Progress','2019-09-09','','47','4','2');
INSERT INTO "pmdm__ProgramEngagement__c" VALUES(12,'Tatiana  Lang - Mobile Middle School STEM Program','','false','','Client','Enrolled','2020-01-06','','25','4','');
INSERT INTO "pmdm__ProgramEngagement__c" VALUES(13,'Marisol  Gonzales - Prenatal and Early Childhood Health Program','','false','','Client','In Progress','2019-07-18','','30','6','6');
INSERT INTO "pmdm__ProgramEngagement__c" VALUES(14,'Jay  Shah - Mobile Middle School STEM Program','','false','','Client','Enrolled','2019-12-02','','32','4','');
INSERT INTO "pmdm__ProgramEngagement__c" VALUES(15,'Nancy  Arroyo - Prenatal and Early Childhood Health Program','','false','','Client','In Progress','2019-10-15','','33','6','6');
INSERT INTO "pmdm__ProgramEngagement__c" VALUES(16,'Neil  Huerta - Drug and Alcohol Recovery Management','','false','','Client','Enrolled','2020-01-08','','35','7','');
INSERT INTO "pmdm__ProgramEngagement__c" VALUES(17,'Aubrie  Booker - Mobile Middle School STEM Program','','false','','Client','Enrolled','2020-01-06','','34','4','');
INSERT INTO "pmdm__ProgramEngagement__c" VALUES(18,'Emelia  Mercer - Housing Assistance Program','','false','','Client','In Progress','2019-10-02','','36','8','');
INSERT INTO "pmdm__ProgramEngagement__c" VALUES(19,'Taniyah  Rios - Mobile Middle School STEM Program','','false','2019-12-20','Client','In Progress','2019-09-09','','38','4','2');
INSERT INTO "pmdm__ProgramEngagement__c" VALUES(20,'Dayana  Atkins - Prenatal and Early Childhood Health Program','','false','','Client','In Progress','2019-11-22','','45','6','4');
INSERT INTO "pmdm__ProgramEngagement__c" VALUES(21,'Khloe  Stanley - Mobile Middle School STEM Program','','false','','Client','Enrolled','2020-02-03','','48','4','');
INSERT INTO "pmdm__ProgramEngagement__c" VALUES(22,'Casey  Kline - Mobile Middle School STEM Program','','false','2019-12-20','Client','In Progress','2019-09-09','','50','4','2');
INSERT INTO "pmdm__ProgramEngagement__c" VALUES(23,'Diego  Case - Mobile Middle School STEM Program','','false','2019-12-20','Client','In Progress','2019-09-09','','52','4','2');
INSERT INTO "pmdm__ProgramEngagement__c" VALUES(24,'Jason  Barnes - Financial Literacy Program','2019-08-23','false','','Client','In Progress','2019-09-09','','92','10','');
INSERT INTO "pmdm__ProgramEngagement__c" VALUES(25,'Isaac  Grant - Housing Assistance Program','','false','','Client','In Progress','2019-11-04','','55','8','');
INSERT INTO "pmdm__ProgramEngagement__c" VALUES(26,'Audrina  Rojas - Prenatal and Early Childhood Health Program','','false','','Client','In Progress','2019-11-06','','56','6','6');
INSERT INTO "pmdm__ProgramEngagement__c" VALUES(27,'Hailie  Holder - Housing Assistance Program','','false','','Client','Enrolled','2020-02-03','','59','8','');
INSERT INTO "pmdm__ProgramEngagement__c" VALUES(28,'Caylee  Pollard - Prenatal and Early Childhood Health Program','','false','','Client','In Progress','2019-11-20','','60','6','4');
INSERT INTO "pmdm__ProgramEngagement__c" VALUES(29,'Simone  Keller - Prenatal and Early Childhood Health Program','','false','','Client','In Progress','2019-08-12','','63','6','6');
INSERT INTO "pmdm__ProgramEngagement__c" VALUES(30,'Violet  Ellis - Prenatal and Early Childhood Health Program','','false','','Client','In Progress','2019-07-03','','64','6','3');
INSERT INTO "pmdm__ProgramEngagement__c" VALUES(31,'Samir  Neal - ESL Program','','false','','Client','In Progress','2019-09-09','','65','9','');
INSERT INTO "pmdm__ProgramEngagement__c" VALUES(32,'Mira  Mcconnell - Prenatal and Early Childhood Health Program','','false','','Client','In Progress','2019-04-24','','66','6','3');
INSERT INTO "pmdm__ProgramEngagement__c" VALUES(33,'Angelo  Lutz - Housing Assistance Program','','false','','Client','Enrolled','2019-12-02','','70','8','');
INSERT INTO "pmdm__ProgramEngagement__c" VALUES(34,'Turner  Carson - Drug and Alcohol Recovery Management','','false','','Client','Enrolled','2019-12-10','','72','7','');
INSERT INTO "pmdm__ProgramEngagement__c" VALUES(35,'Emelia  Fletcher - Prenatal and Early Childhood Health Program','','false','','Client','In Progress','2019-04-08','','73','6','5');
INSERT INTO "pmdm__ProgramEngagement__c" VALUES(36,'Ariella  Branch - ESL Program','','false','','Client','Enrolled','2020-02-03','','95','9','');
INSERT INTO "pmdm__ProgramEngagement__c" VALUES(37,'Mira  Olson - Prenatal and Early Childhood Health Program','','false','','Client','Enrolled','2020-02-03','','76','6','');
INSERT INTO "pmdm__ProgramEngagement__c" VALUES(38,'Joe  Salinas - Job Readiness Program','','false','','Client','Enrolled','2020-02-06','','79','2','');
INSERT INTO "pmdm__ProgramEngagement__c" VALUES(39,'Anthony  Hill - Job Readiness Program','','false','','Client','Enrolled','2019-12-19','','97','2','1');
INSERT INTO "pmdm__ProgramEngagement__c" VALUES(40,'Maya  Johnson - After School Program, Ages 11-13','','false','','Client','Enrolled','2019-12-02','','101','3','');
INSERT INTO "pmdm__ProgramEngagement__c" VALUES(41,'Barbara  Johnson - ESL Program','2019-07-03','false','','Client','In Progress','2019-09-09','','102','9','');
INSERT INTO "pmdm__ProgramEngagement__c" VALUES(42,'Juliette  Cisneros - Prenatal and Early Childhood Health Program','','false','','Client','In Progress','2019-11-21','','106','6','6');
INSERT INTO "pmdm__ProgramEngagement__c" VALUES(43,'Alana  Owen - School Lunch Program','2019-09-09','false','','Client','In Progress','2019-12-19','','107','11','');
INSERT INTO "pmdm__ProgramEngagement__c" VALUES(44,'Alana  Owen - Mobile Middle School STEM Program','','false','','Client','In Progress','2019-09-09','','107','4','2');
INSERT INTO "pmdm__ProgramEngagement__c" VALUES(45,'James  Richards - Housing Assistance Program','','false','','Client','Enrolled','2020-01-06','','136','8','');
INSERT INTO "pmdm__ProgramEngagement__c" VALUES(46,'Amelie  Bond - Prenatal and Early Childhood Health Program','','false','','Client','In Progress','2019-07-30','','114','6','5');
INSERT INTO "pmdm__ProgramEngagement__c" VALUES(47,'Julie  Myers - Prenatal and Early Childhood Health Program','','false','','Client','Enrolled','2019-12-11','','115','6','');
INSERT INTO "pmdm__ProgramEngagement__c" VALUES(48,'Anika  Solomon - Prenatal and Early Childhood Health Program','','false','','Client','Enrolled','2019-12-02','','81','6','');
INSERT INTO "pmdm__ProgramEngagement__c" VALUES(49,'Javon  Rodgers - After School Program, Ages 11-13','','false','','Client','In Progress','2019-10-01','','119','3','');
INSERT INTO "pmdm__ProgramEngagement__c" VALUES(50,'Leon  Clayton - No More Food Deserts Advocacy','','false','','Volunteer','In Progress','2019-09-10','','120','5','');
INSERT INTO "pmdm__ProgramEngagement__c" VALUES(51,'Marc  Richard - No More Food Deserts Advocacy','','false','','Volunteer','In Progress','2019-08-12','','121','5','');
INSERT INTO "pmdm__ProgramEngagement__c" VALUES(52,'Jordan  Waller - Remedial Reading Program','','false','','Client','In Progress','2019-09-09','','122','1','');
INSERT INTO "pmdm__ProgramEngagement__c" VALUES(53,'Jace  Hampton - After School Program, Ages 11-13','','false','','Client','Enrolled','2020-01-06','','123','3','');
INSERT INTO "pmdm__ProgramEngagement__c" VALUES(54,'Sonia  Gentry - School Lunch Program','','false','','Client','Enrolled','2019-12-02','','125','11','');
INSERT INTO "pmdm__ProgramEngagement__c" VALUES(55,'Sonia  Gentry - After School Program, Ages 11-13','','false','2019-12-20','Client','In Progress','2019-09-09','','125','3','');
INSERT INTO "pmdm__ProgramEngagement__c" VALUES(56,'Alison  Barr - Drug and Alcohol Recovery Management','','false','','Client','Enrolled','2019-02-04','','126','7','');
INSERT INTO "pmdm__ProgramEngagement__c" VALUES(57,'Tom  Higgins - Remedial Reading Program','2019-04-12','false','','Client','In Progress','2019-09-09','','82','1','');
INSERT INTO "pmdm__ProgramEngagement__c" VALUES(58,'Tom  Higgins - School Lunch Program','2019-06-08','false','','Client','Enrolled','2019-09-03','','82','11','');
INSERT INTO "pmdm__ProgramEngagement__c" VALUES(59,'Tom  Higgins - After School Program, Ages 11-13','2019-08-29','false','','Client','In Progress','2019-09-03','','82','3','');
INSERT INTO "pmdm__ProgramEngagement__c" VALUES(60,'Kellen  Cooley - After School Program, Ages 11-13','','false','','Client','In Progress','2019-12-02','','128','3','');
INSERT INTO "pmdm__ProgramEngagement__c" VALUES(61,'Josie  Mcclure - Financial Literacy Program','','false','','Client','Enrolled','2019-09-09','','130','10','');
INSERT INTO "pmdm__ProgramEngagement__c" VALUES(62,'Jay  Zimmerman - No More Food Deserts Advocacy','','false','','Volunteer','In Progress','2019-11-12','','129','5','');
INSERT INTO "pmdm__ProgramEngagement__c" VALUES(63,'Fernando  Beltran - ESL Program','','false','','Client','Enrolled','2019-12-02','','132','9','');
INSERT INTO "pmdm__ProgramEngagement__c" VALUES(64,'Yuliana  Bird - Mobile Middle School STEM Program','','false','2019-12-20','Client','In Progress','2019-09-09','','133','4','2');
INSERT INTO "pmdm__ProgramEngagement__c" VALUES(65,'Aaron  Valdez - No More Food Deserts Advocacy','','false','','Volunteer','In Progress','2019-10-02','','137','5','');
INSERT INTO "pmdm__ProgramEngagement__c" VALUES(66,'John  Mills - No More Food Deserts Advocacy','','false','','Volunteer','In Progress','2019-09-02','','138','5','');
INSERT INTO "pmdm__ProgramEngagement__c" VALUES(67,'Shannon  Greene - No More Food Deserts Advocacy','','false','','Volunteer','Enrolled','2020-01-08','','139','5','');
INSERT INTO "pmdm__ProgramEngagement__c" VALUES(68,'Marco  Escobar - Remedial Reading Program','','false','','Client','In Progress','2019-09-09','','140','1','');
INSERT INTO "pmdm__ProgramEngagement__c" VALUES(69,'Marco  Escobar - After School Program, Ages 11-13','','false','','Client','In Progress','2019-09-09','','140','3','');
INSERT INTO "pmdm__ProgramEngagement__c" VALUES(70,'Marcus  Huynh - No More Food Deserts Advocacy','','false','','Volunteer','Enrolled','2020-01-08','','141','5','');
INSERT INTO "pmdm__ProgramEngagement__c" VALUES(71,'Yesenia  Ritter - Prenatal and Early Childhood Health Program','2019-08-05','false','','Client','In Progress','2019-11-22','','144','6','4');
INSERT INTO "pmdm__ProgramEngagement__c" VALUES(72,'Abraham  Sims - School Lunch Program','','false','','Client','Enrolled','2020-01-06','','145','11','');
INSERT INTO "pmdm__ProgramEngagement__c" VALUES(73,'Abraham  Sims - Mobile Middle School STEM Program','','false','','Client','In Progress','2019-09-09','','145','4','2');
INSERT INTO "pmdm__ProgramEngagement__c" VALUES(74,'Cora  Hall - Prenatal and Early Childhood Health Program','','false','','Client','In Progress','2019-08-12','','147','6','3');
INSERT INTO "pmdm__ProgramEngagement__c" VALUES(75,'Isaac  Barker - Financial Literacy Program','','false','','Client','In Progress','2019-09-09','','148','10','');
INSERT INTO "pmdm__ProgramEngagement__c" VALUES(76,'Delilah  Ibarra - Prenatal and Early Childhood Health Program','','false','','Client','In Progress','2019-05-08','','150','6','3');
INSERT INTO "pmdm__ProgramEngagement__c" VALUES(77,'Zackery  Morgan - No More Food Deserts Advocacy','','false','','Volunteer','Enrolled','2020-01-07','','151','5','');
INSERT INTO "pmdm__ProgramEngagement__c" VALUES(78,'Zackery  Morgan - Drug and Alcohol Recovery Management','','false','','Client','In Progress','2019-10-18','','151','7','');
INSERT INTO "pmdm__ProgramEngagement__c" VALUES(79,'Ayanna  Gonzalez - Mobile Middle School STEM Program','','false','2019-12-20','Client','In Progress','2019-09-09','','152','4','2');
INSERT INTO "pmdm__ProgramEngagement__c" VALUES(80,'Lauryn  Odom - Prenatal and Early Childhood Health Program','','false','','Client','In Progress','2019-08-21','','154','6','5');
INSERT INTO "pmdm__ProgramEngagement__c" VALUES(81,'Yusef  Flores - Financial Literacy Program','','false','','Client','In Progress','2019-09-09','','155','10','');
INSERT INTO "pmdm__ProgramEngagement__c" VALUES(82,'Yusef  Flores - ESL Program','','false','','Client','Enrolled','2020-01-06','','155','9','');
INSERT INTO "pmdm__ProgramEngagement__c" VALUES(83,'Semaj  Wall - Financial Literacy Program','','false','','Client','In Progress','2019-09-09','','156','10','');
INSERT INTO "pmdm__ProgramEngagement__c" VALUES(84,'Semaj  Wall - ESL Program','','false','','Client','In Progress','2019-10-01','','156','9','');
INSERT INTO "pmdm__ProgramEngagement__c" VALUES(85,'Frankie  Waller - Financial Literacy Program','','false','','Client','In Progress','2019-12-19','','157','10','');
INSERT INTO "pmdm__ProgramEngagement__c" VALUES(86,'Eliezer  Bray - No More Food Deserts Advocacy','','false','','Volunteer','Enrolled','2020-02-08','','158','5','');
INSERT INTO "pmdm__ProgramEngagement__c" VALUES(87,'Steven  Harper - Financial Literacy Program','2020-02-03','false','','Client','Enrolled','2020-02-03','','160','10','');
INSERT INTO "pmdm__ProgramEngagement__c" VALUES(88,'Karissa  Aguilar - Prenatal and Early Childhood Health Program','','false','','Client','In Progress','2019-08-20','','161','6','6');
INSERT INTO "pmdm__ProgramEngagement__c" VALUES(89,'Taniya  Singleton - No More Food Deserts Advocacy','','false','','Volunteer','Enrolled','2019-12-02','','163','5','');
INSERT INTO "pmdm__ProgramEngagement__c" VALUES(90,'Christina  Webster - Remedial Reading Program','','false','','Client','Enrolled','2020-02-03','','165','1','');
INSERT INTO "pmdm__ProgramEngagement__c" VALUES(91,'Emilie  Costa - Remedial Reading Program','','false','','Client','Enrolled','2020-01-06','','166','1','');
INSERT INTO "pmdm__ProgramEngagement__c" VALUES(92,'Emilie  Costa - After School Program, Ages 11-13','','false','','Client','Enrolled','2020-02-08','','166','3','');
INSERT INTO "pmdm__ProgramEngagement__c" VALUES(93,'Lucia  Cain - Financial Literacy Program','','false','','Client','Enrolled','2020-01-06','','168','10','');
INSERT INTO "pmdm__ProgramEngagement__c" VALUES(94,'Alice  Irwin - Financial Literacy Program','','false','','Client','Enrolled','2019-12-02','','171','10','');
INSERT INTO "pmdm__ProgramEngagement__c" VALUES(95,'Fabian  Hughes - Remedial Reading Program','2019-12-02','false','','Client','Enrolled','2019-12-19','','172','1','');
INSERT INTO "pmdm__ProgramEngagement__c" VALUES(96,'Fabian  Hughes - School Lunch Program','','false','','Client','In Progress','2019-09-09','','172','11','');
INSERT INTO "pmdm__ProgramEngagement__c" VALUES(97,'Fabian  Hughes - After School Program, Ages 11-13','','false','','Client','In Progress','2019-09-09','','172','3','');
INSERT INTO "pmdm__ProgramEngagement__c" VALUES(98,'Dalia  Osborn - Housing Assistance Program','','false','','Client','Enrolled','2020-01-06','','1','8','');
INSERT INTO "pmdm__ProgramEngagement__c" VALUES(99,'Laura  Woodard - Prenatal and Early Childhood Health Program','','false','','Client','Enrolled','2020-01-10','','2','6','');
INSERT INTO "pmdm__ProgramEngagement__c" VALUES(100,'Alia  Duarte - Mobile Middle School STEM Program','','false','','Client','In Progress','2019-09-09','12','24','4','2');
INSERT INTO "pmdm__ProgramEngagement__c" VALUES(101,'Tom  Higgins - Housing Assistance Program','2019-05-25','false','','Client','Enrolled','2019-06-01','23','82','8','');
CREATE TABLE "pmdm__Program__c" (
	id INTEGER NOT NULL, 
	"Name" VARCHAR(255), 
	"pmdm__Description__c" VARCHAR(255), 
	"pmdm__EndDate__c" VARCHAR(255), 
	"pmdm__ProgramIssueArea__c" VARCHAR(255), 
	"pmdm__StartDate__c" VARCHAR(255), 
	"pmdm__Status__c" VARCHAR(255), 
	"pmdm__ShortSummary__c" VARCHAR(255), 
	"pmdm__TargetPopulation__c" VARCHAR(255), 
	PRIMARY KEY (id)
);
INSERT INTO "pmdm__Program__c" VALUES(1,'Remedial Reading Program','A structured reading assistance program designed targeted at students who have underperformed on state reading comprehension tests.','2020-05-15','Education','2019-06-03','Active','Provides students the support they need to achieve an age appropriate reading level.','Children under 18  enrolled in school district 31');
INSERT INTO "pmdm__Program__c" VALUES(2,'Job Readiness Program','This program is designed to assist adults who have experienced a prolonged absence from the workforce for a variety of reasons such as caring for a family member, protracted joblessness following a layoff or return from a short period of incarceration for a minor crime. It''s also intended to provide support for adults in the workforce who are looking to stabilize their housing or working situation.','2021-04-15','Employment','2019-04-15','Active','Assisting adults who have experienced a prolonged absence from the workforce or are  seeking to progressively stabilize their experience in the workforce.','Adults under the poverty line, seeking to  re-enter the  workforce after an absence or seeking to progressively stabilize their experience in the workforce');
INSERT INTO "pmdm__Program__c" VALUES(3,'After School Program, Ages 11-13','This program''s goal is to provide  a safe and monitored after school activity for district 31 middle school children whose parents work or are otherwise unavailable weekdays when school is in session. It runs from 3:00-5:30 PM on weekdays. Children can attend in a drop-in basis if they can produce a valid student ID card. There is a nominal fee to participate in the program. This fee can be paid out of other monetary assistance program offered to qualifying families with children in district 31.','2020-05-31','Education','2019-09-01','Active','An after school program for children enrolled in district 31.','Children aged 11-13 enrolled in school district 31');
INSERT INTO "pmdm__Program__c" VALUES(4,'Mobile Middle School STEM Program','The program focuses on bringing hands-on mid-level STEM courses into the classroom at least twice a week, and promotes awareness of the STEM fields and occupations. It provides standards-based structured inquiry-based and real-world problem-based learning, connecting all four of the STEM subjects, science, technology, engineering, and math. The goal is to pique students'' interest in them wanting to pursue the courses, not because they have to.','2020-05-15','Education','2019-09-09','Active','The program brings hands-on mid-level STEM courses into the classroom at least twice a week','Middle School students aged 11-14');
INSERT INTO "pmdm__Program__c" VALUES(5,'No More Food Deserts Advocacy','Advocacy program calling attention to and seeking remediation for the area''s lack of affordable grocery store options. This is an awareness-building campaign intended to garner support and funding for affordable alternatives from grantmakers and to be supported by the city and county councils.','','Advocacy','2019-08-01','Active','Calling attention to and seeking remediation for the area''s lack of affordable grocery store options.','Area residents, city and county government and grantmakers funding in the region.');
INSERT INTO "pmdm__Program__c" VALUES(6,'Prenatal and Early Childhood Health Program','','','Food and Nutrition','','Active','','');
INSERT INTO "pmdm__Program__c" VALUES(7,'Drug and Alcohol Recovery Management','Recovery management and mental health services addressing  alcohol and drug dependency, and opioid addiction.','2019-12-31','','2019-01-01','Active','Recovery program for adults with dependency on alcohol, drugs,  or opioids.','Adult individuals, families and communities affected by addiction to alcohol and other drugs.');
INSERT INTO "pmdm__Program__c" VALUES(8,'Housing Assistance Program','The Housing Assistance program provides assistance for families with children under the age of 18. The family shelters provide both short-term ( and also longer term up to 3 months) emergency shelter. Case management services are available to applicants including referrals to other non-profit needed resources, counseling, food, personal hygiene supplies and free bus tickets. The primary goal of the program is to help families find more permanent housing.','','Housing','2019-05-01','Active','Providing assistance for families with children under the age of 18.','Families with children under the age of 18');
INSERT INTO "pmdm__Program__c" VALUES(9,'ESL Program','The primary objective of the ESL program is to teach the students how to read, write, speak and listen to English to be more successful in the all-English classroom setting. Spanish is the language spoken most often by our English learners. Other languages include: German, Chinese, Haitian Creole, Arabic, and some Indian Dialects from Mexico and Guatemala.','2020-05-30','','2019-09-09','Active','A language instruction educational program for students whose primary language is not English.','A practical conversational  English class for those whose primary language is not English.');
INSERT INTO "pmdm__Program__c" VALUES(10,'Financial Literacy Program','The Financial Literacy program teaches students the basics of money management: budgeting, saving, debt, investing, and giving. That knowledge lays a foundation for students to build strong money habits early on and avoid many of the mistakes that lead to lifelong money struggles.','2019-12-13','Education','2019-09-04','Active','Teaches students the basics of money management.','Children aged 15-18 enrolled in school district 31');
INSERT INTO "pmdm__Program__c" VALUES(11,'School Lunch Program','Public Schools Nutrition Services fuels over 14,600 student lunches and 5,800 breakfasts each day and adheres to the highest level of national nutrition standards and provides many locally sourced fruits, vegetables and beans daily.','2020-05-30','Food and Nutrition','2019-09-03','Active','A school lunch program that adheres to the highest level of national nutrition standards and provides many locally sourced fruits, vegetables and beans daily.','Children under 18  enrolled in school district 31');
CREATE TABLE "pmdm__ServiceDelivery__c" (
	id INTEGER NOT NULL, 
	"Name" VARCHAR(255), 
	"pmdm__AutonameOverride__c" VARCHAR(255), 
	"pmdm__DeliveryDate__c" VARCHAR(255), 
	"pmdm__Quantity__c" VARCHAR(255), 
	service__c VARCHAR(255), 
	account__c VARCHAR(255), 
	contact__c VARCHAR(255), 
	program_engagement__c VARCHAR(255), 
	PRIMARY KEY (id)
);
INSERT INTO "pmdm__ServiceDelivery__c" VALUES(1,'Dalia Osborn - Monthly Rent Subsidy','false','2020-01-13','400.0','16','1','1','98');
INSERT INTO "pmdm__ServiceDelivery__c" VALUES(2,'Jaylin Morgan - Monthly Rent Subsidy','false','2019-10-15','150.0','16','106','9','6');
INSERT INTO "pmdm__ServiceDelivery__c" VALUES(3,'Jaylin Morgan - Monthly Rent Subsidy','false','2019-12-13','150.0','16','106','9','6');
INSERT INTO "pmdm__ServiceDelivery__c" VALUES(4,'Jaylin Morgan - Monthly Rent Subsidy','false','2020-01-13','150.0','16','106','9','6');
INSERT INTO "pmdm__ServiceDelivery__c" VALUES(5,'Jaylin Morgan - Monthly Rent Subsidy','false','2019-11-15','150.0','16','106','9','6');
INSERT INTO "pmdm__ServiceDelivery__c" VALUES(6,'Jaylin Morgan - Monthly Rent Subsidy','false','2019-09-24','150.0','16','106','9','6');
INSERT INTO "pmdm__ServiceDelivery__c" VALUES(7,'Nico Rivers - Monthly Rent Subsidy','false','2019-10-15','175.0','16','114','18','10');
INSERT INTO "pmdm__ServiceDelivery__c" VALUES(8,'Nico Rivers - Monthly Rent Subsidy','false','2020-01-13','175.0','16','114','18','10');
INSERT INTO "pmdm__ServiceDelivery__c" VALUES(9,'Nico Rivers - Monthly Rent Subsidy','false','2019-12-13','175.0','16','114','18','10');
INSERT INTO "pmdm__ServiceDelivery__c" VALUES(10,'Nico Rivers - Monthly Rent Subsidy','false','2019-12-19','175.0','16','114','18','10');
INSERT INTO "pmdm__ServiceDelivery__c" VALUES(11,'Nico Rivers - Monthly Rent Subsidy','false','2019-11-15','175.0','16','114','18','10');
INSERT INTO "pmdm__ServiceDelivery__c" VALUES(12,'Emelia Mercer - Monthly Rent Subsidy','false','2019-11-15','200.0','16','130','36','18');
INSERT INTO "pmdm__ServiceDelivery__c" VALUES(13,'Emelia Mercer - Monthly Rent Subsidy','false','2019-10-15','200.0','16','130','36','18');
INSERT INTO "pmdm__ServiceDelivery__c" VALUES(14,'Emelia Mercer - Monthly Rent Subsidy','false','2020-01-13','200.0','16','130','36','18');
INSERT INTO "pmdm__ServiceDelivery__c" VALUES(15,'Emelia Mercer - Monthly Rent Subsidy','false','2019-12-13','200.0','16','130','36','18');
INSERT INTO "pmdm__ServiceDelivery__c" VALUES(16,'Isaac Grant - Monthly Rent Subsidy','false','2019-11-15','250.0','16','148','55','25');
INSERT INTO "pmdm__ServiceDelivery__c" VALUES(17,'Isaac Grant - Monthly Rent Subsidy','false','2020-01-13','250.0','16','148','55','25');
INSERT INTO "pmdm__ServiceDelivery__c" VALUES(18,'Isaac Grant - Monthly Rent Subsidy','false','2019-12-13','250.0','16','148','55','25');
INSERT INTO "pmdm__ServiceDelivery__c" VALUES(19,'Angelo Lutz - Monthly Rent Subsidy','false','2020-01-13','250.0','16','161','70','33');
INSERT INTO "pmdm__ServiceDelivery__c" VALUES(20,'Angelo Lutz - Monthly Rent Subsidy','false','2019-12-16','250.0','16','161','70','33');
INSERT INTO "pmdm__ServiceDelivery__c" VALUES(21,'James Richards - Monthly Rent Subsidy','false','2020-01-13','200.0','16','65','136','45');
INSERT INTO "pmdm__ServiceDelivery__c" VALUES(22,'Jordan Waller - Grade 1-8 Reading Tutoring','false','2019-09-20','3.0','1','','122','52');
INSERT INTO "pmdm__ServiceDelivery__c" VALUES(23,'Jordan Waller - Grade 1-8 Reading Tutoring','false','2019-10-04','3.0','1','','122','52');
INSERT INTO "pmdm__ServiceDelivery__c" VALUES(24,'Jordan Waller - Grade 1-8 Reading Tutoring','false','2019-09-27','3.0','1','','122','52');
INSERT INTO "pmdm__ServiceDelivery__c" VALUES(25,'Jordan Waller - Grade 1-8 Reading Tutoring','false','2019-12-06','3.0','1','','122','52');
INSERT INTO "pmdm__ServiceDelivery__c" VALUES(26,'Jordan Waller - Grade 1-8 Reading Tutoring','false','2019-10-11','3.0','1','','122','52');
INSERT INTO "pmdm__ServiceDelivery__c" VALUES(27,'Jordan Waller - Grade 1-8 Reading Tutoring','false','2019-11-08','3.0','1','','122','52');
INSERT INTO "pmdm__ServiceDelivery__c" VALUES(28,'Jordan Waller - Grade 1-8 Reading Tutoring','false','2019-11-22','3.0','1','','122','52');
INSERT INTO "pmdm__ServiceDelivery__c" VALUES(29,'Jordan Waller - Grade 1-8 Reading Tutoring','false','2019-12-13','3.0','1','','122','52');
INSERT INTO "pmdm__ServiceDelivery__c" VALUES(30,'Jordan Waller - Grade 1-8 Reading Tutoring','false','2019-11-01','3.0','1','','122','52');
INSERT INTO "pmdm__ServiceDelivery__c" VALUES(31,'Jordan Waller - Grade 1-8 Reading Tutoring','false','2019-11-15','3.0','1','','122','52');
INSERT INTO "pmdm__ServiceDelivery__c" VALUES(32,'Jordan Waller - Grade 1-8 Reading Tutoring','false','2019-11-29','3.0','1','','122','52');
INSERT INTO "pmdm__ServiceDelivery__c" VALUES(33,'Jordan Waller - Grade 1-8 Reading Tutoring','false','2020-01-10','3.0','1','','122','52');
INSERT INTO "pmdm__ServiceDelivery__c" VALUES(34,'Jordan Waller - Grade 1-8 Reading Tutoring','false','2019-09-13','3.0','1','','122','52');
INSERT INTO "pmdm__ServiceDelivery__c" VALUES(35,'Jordan Waller - Grade 1-8 Reading Tutoring','false','2019-10-25','3.0','1','','122','52');
INSERT INTO "pmdm__ServiceDelivery__c" VALUES(36,'Jordan Waller - Grade 1-8 Reading Tutoring','false','2019-12-20','3.0','1','','122','52');
INSERT INTO "pmdm__ServiceDelivery__c" VALUES(37,'Tom Higgins - Grade 1-8 Reading Tutoring','false','2019-12-13','3.0','1','','82','57');
INSERT INTO "pmdm__ServiceDelivery__c" VALUES(38,'Tom Higgins - Grade 1-8 Reading Tutoring','false','2019-10-11','4.0','1','','82','57');
INSERT INTO "pmdm__ServiceDelivery__c" VALUES(39,'Tom Higgins - Grade 1-8 Reading Tutoring','false','2019-10-04','4.0','1','','82','57');
INSERT INTO "pmdm__ServiceDelivery__c" VALUES(40,'Tom Higgins - Grade 1-8 Reading Tutoring','false','2019-11-22','3.0','1','','82','57');
INSERT INTO "pmdm__ServiceDelivery__c" VALUES(41,'Tom Higgins - Grade 1-8 Reading Tutoring','false','2019-09-13','4.0','1','','82','57');
INSERT INTO "pmdm__ServiceDelivery__c" VALUES(42,'Tom Higgins - Grade 1-8 Reading Tutoring','false','2019-11-15','3.0','1','','82','57');
INSERT INTO "pmdm__ServiceDelivery__c" VALUES(43,'Tom Higgins - Grade 1-8 Reading Tutoring','false','2019-11-29','3.0','1','','82','57');
INSERT INTO "pmdm__ServiceDelivery__c" VALUES(44,'Tom Higgins - Grade 1-8 Reading Tutoring','false','2020-01-10','3.0','1','','82','57');
INSERT INTO "pmdm__ServiceDelivery__c" VALUES(45,'Tom Higgins - Grade 1-8 Reading Tutoring','false','2019-10-18','1.0','1','','82','57');
INSERT INTO "pmdm__ServiceDelivery__c" VALUES(46,'Tom Higgins - Grade 1-8 Reading Tutoring','false','2019-10-25','3.0','1','','82','57');
INSERT INTO "pmdm__ServiceDelivery__c" VALUES(47,'Tom Higgins - Grade 1-8 Reading Tutoring','false','2019-09-27','4.0','1','','82','57');
INSERT INTO "pmdm__ServiceDelivery__c" VALUES(48,'Tom Higgins - Grade 1-8 Reading Tutoring','false','2019-12-20','2.0','1','','82','57');
INSERT INTO "pmdm__ServiceDelivery__c" VALUES(49,'Tom Higgins - Grade 1-8 Reading Tutoring','false','2019-11-01','3.0','1','','82','57');
INSERT INTO "pmdm__ServiceDelivery__c" VALUES(50,'Tom Higgins - Grade 1-8 Reading Tutoring','false','2019-12-06','3.0','1','','82','57');
INSERT INTO "pmdm__ServiceDelivery__c" VALUES(51,'Tom Higgins - Grade 1-8 Reading Tutoring','false','2019-11-08','3.0','1','','82','57');
INSERT INTO "pmdm__ServiceDelivery__c" VALUES(52,'Tom Higgins - Grade 1-8 Reading Tutoring','false','2019-09-20','4.0','1','','82','57');
INSERT INTO "pmdm__ServiceDelivery__c" VALUES(53,'Marco Escobar - Grade 1-8 Reading Tutoring','false','2019-12-06','2.0','1','','140','68');
INSERT INTO "pmdm__ServiceDelivery__c" VALUES(54,'Marco Escobar - Grade 1-8 Reading Tutoring','false','2019-10-04','3.0','1','','140','68');
INSERT INTO "pmdm__ServiceDelivery__c" VALUES(55,'Marco Escobar - Grade 1-8 Reading Tutoring','false','2019-10-11','3.0','1','','140','68');
INSERT INTO "pmdm__ServiceDelivery__c" VALUES(56,'Marco Escobar - Grade 1-8 Reading Tutoring','false','2019-10-25','3.0','1','','140','68');
INSERT INTO "pmdm__ServiceDelivery__c" VALUES(57,'Marco Escobar - Grade 1-8 Reading Tutoring','false','2019-09-20','3.0','1','','140','68');
INSERT INTO "pmdm__ServiceDelivery__c" VALUES(58,'Marco Escobar - Grade 1-8 Reading Tutoring','false','2019-11-01','3.0','1','','140','68');
INSERT INTO "pmdm__ServiceDelivery__c" VALUES(59,'Marco Escobar - Grade 1-8 Reading Tutoring','false','2019-11-22','3.0','1','','140','68');
INSERT INTO "pmdm__ServiceDelivery__c" VALUES(60,'Marco Escobar - Grade 1-8 Reading Tutoring','false','2020-01-10','3.0','1','','140','68');
INSERT INTO "pmdm__ServiceDelivery__c" VALUES(61,'Marco Escobar - Grade 1-8 Reading Tutoring','false','2019-11-15','3.0','1','','140','68');
INSERT INTO "pmdm__ServiceDelivery__c" VALUES(62,'Marco Escobar - Grade 1-8 Reading Tutoring','false','2019-11-29','3.0','1','','140','68');
INSERT INTO "pmdm__ServiceDelivery__c" VALUES(63,'Marco Escobar - Grade 1-8 Reading Tutoring','false','2019-09-27','3.0','1','','140','68');
INSERT INTO "pmdm__ServiceDelivery__c" VALUES(64,'Marco Escobar - Grade 1-8 Reading Tutoring','false','2019-12-13','3.0','1','','140','68');
INSERT INTO "pmdm__ServiceDelivery__c" VALUES(65,'Marco Escobar - Grade 1-8 Reading Tutoring','false','2019-10-18','3.0','1','','140','68');
INSERT INTO "pmdm__ServiceDelivery__c" VALUES(66,'Marco Escobar - Grade 1-8 Reading Tutoring','false','2019-11-08','3.0','1','','140','68');
INSERT INTO "pmdm__ServiceDelivery__c" VALUES(67,'Marco Escobar - Grade 1-8 Reading Tutoring','false','2019-12-20','3.0','1','','140','68');
INSERT INTO "pmdm__ServiceDelivery__c" VALUES(68,'Marco Escobar - Grade 1-8 Reading Tutoring','false','2019-09-13','3.0','1','','140','68');
INSERT INTO "pmdm__ServiceDelivery__c" VALUES(69,'Emilie Costa - Grade 1-8 Reading Tutoring','false','2020-01-10','3.0','1','','166','91');
INSERT INTO "pmdm__ServiceDelivery__c" VALUES(70,'Fabian Hughes - Grade 1-8 Reading Tutoring','false','2019-12-20','1.0','1','','172','95');
INSERT INTO "pmdm__ServiceDelivery__c" VALUES(71,'Fabian Hughes - Grade 1-8 Reading Tutoring','false','2020-01-10','3.0','1','','172','95');
INSERT INTO "pmdm__ServiceDelivery__c" VALUES(72,'Arlene Baker - Job Interviews completed','false','2019-10-11','1.0','4','','87','3');
INSERT INTO "pmdm__ServiceDelivery__c" VALUES(73,'Arlene Baker - Job Interviews completed','false','2019-10-15','2.0','4','','87','3');
INSERT INTO "pmdm__ServiceDelivery__c" VALUES(74,'Arlene Baker - Financial Advisor Sessions','false','2019-09-05','0.5','5','','87','3');
INSERT INTO "pmdm__ServiceDelivery__c" VALUES(75,'Arlene Baker - Financial Advisor Sessions','false','2019-12-04','0.5','5','','87','3');
INSERT INTO "pmdm__ServiceDelivery__c" VALUES(76,'Arlene Baker - Financial Advisor Sessions','false','2019-10-07','0.5','5','','87','3');
INSERT INTO "pmdm__ServiceDelivery__c" VALUES(77,'Arlene Baker - Financial Advisor Sessions','false','2019-11-05','0.5','5','','87','3');
INSERT INTO "pmdm__ServiceDelivery__c" VALUES(78,'Arlene Baker - Financial Advisor Sessions','false','2020-01-06','0.5','5','','87','3');
INSERT INTO "pmdm__ServiceDelivery__c" VALUES(79,'Gary Wood - Financial Advisor Sessions','false','2019-10-02','0.5','5','','7','5');
INSERT INTO "pmdm__ServiceDelivery__c" VALUES(80,'Gary Wood - Financial Advisor Sessions','false','2019-11-04','0.5','5','','7','5');
INSERT INTO "pmdm__ServiceDelivery__c" VALUES(81,'Gary Wood - Financial Advisor Sessions','true','2020-01-02','0.5','5','','7','5');
INSERT INTO "pmdm__ServiceDelivery__c" VALUES(82,'Gary Wood - Financial Advisor Sessions','true','2019-12-03','0.5','5','','7','5');
INSERT INTO "pmdm__ServiceDelivery__c" VALUES(83,'Gary Wood - Financial Advisor Sessions','true','2020-01-02','0.5','5','','7','5');
INSERT INTO "pmdm__ServiceDelivery__c" VALUES(84,'Robin Banks - Financial Advisor Sessions','false','2019-10-07','0.5','5','','88','3');
INSERT INTO "pmdm__ServiceDelivery__c" VALUES(85,'Robin Banks - Financial Advisor Sessions','false','2019-10-07','0.5','5','','88','7');
INSERT INTO "pmdm__ServiceDelivery__c" VALUES(86,'Robin Banks - Financial Advisor Sessions','false','2019-11-04','0.5','5','','88','7');
INSERT INTO "pmdm__ServiceDelivery__c" VALUES(87,'Robin Banks - Financial Advisor Sessions','false','2019-09-09','0.5','5','','88','7');
INSERT INTO "pmdm__ServiceDelivery__c" VALUES(88,'Arlene Baker - Job Readiness Coaching','false','2019-11-27','0.5','6','','87','3');
INSERT INTO "pmdm__ServiceDelivery__c" VALUES(89,'Arlene Baker - Job Readiness Coaching','false','2019-11-29','0.75','6','','87','3');
INSERT INTO "pmdm__ServiceDelivery__c" VALUES(90,'Arlene Baker - Job Readiness Coaching','false','2019-09-25','0.75','6','','87','3');
INSERT INTO "pmdm__ServiceDelivery__c" VALUES(91,'Arlene Baker - Job Readiness Coaching','false','2019-10-30','0.75','6','','87','3');
INSERT INTO "pmdm__ServiceDelivery__c" VALUES(92,'Adrianna Norman - Job Readiness Coaching','false','2020-01-07','1.0','6','','5','4');
INSERT INTO "pmdm__ServiceDelivery__c" VALUES(93,'Gary Wood - Job Readiness Coaching','false','2019-12-20','0.75','6','','7','5');
INSERT INTO "pmdm__ServiceDelivery__c" VALUES(94,'Gary Wood - Job Readiness Coaching','false','2019-11-21','0.75','6','','7','5');
INSERT INTO "pmdm__ServiceDelivery__c" VALUES(95,'Gary Wood - Job Readiness Coaching','false','2019-10-25','0.75','6','','7','5');
INSERT INTO "pmdm__ServiceDelivery__c" VALUES(96,'Robin Banks - Job Readiness Coaching','false','2019-12-20','0.75','6','','88','7');
INSERT INTO "pmdm__ServiceDelivery__c" VALUES(97,'Robin Banks - Job Readiness Coaching','false','2019-10-28','0.75','6','','88','7');
INSERT INTO "pmdm__ServiceDelivery__c" VALUES(98,'Robin Banks - Job Readiness Coaching','false','2019-09-27','0.75','6','','88','7');
INSERT INTO "pmdm__ServiceDelivery__c" VALUES(99,'Robin Banks - 12 Step Recovery Program','false','2019-09-03','1.0','15','','88','8');
INSERT INTO "pmdm__ServiceDelivery__c" VALUES(100,'Robin Banks - 12 Step Recovery Program','false','2019-09-10','1.0','15','','88','8');
INSERT INTO "pmdm__ServiceDelivery__c" VALUES(101,'Robin Banks - 12 Step Recovery Program','false','2019-09-17','1.0','15','','88','8');
INSERT INTO "pmdm__ServiceDelivery__c" VALUES(102,'Robin Banks - 12 Step Recovery Program','false','2019-09-24','1.0','15','','88','8');
INSERT INTO "pmdm__ServiceDelivery__c" VALUES(103,'Robin Banks - 12 Step Recovery Program','false','2020-01-07','1.0','15','','88','8');
INSERT INTO "pmdm__ServiceDelivery__c" VALUES(104,'Robin Banks - 12 Step Recovery Program','false','2019-10-29','1.0','15','','88','8');
INSERT INTO "pmdm__ServiceDelivery__c" VALUES(105,'Robin Banks - 12 Step Recovery Program','false','2019-11-19','1.0','15','','88','8');
INSERT INTO "pmdm__ServiceDelivery__c" VALUES(106,'Robin Banks - 12 Step Recovery Program','false','2019-11-26','1.0','15','','88','8');
INSERT INTO "pmdm__ServiceDelivery__c" VALUES(107,'Robin Banks - 12 Step Recovery Program','false','2019-12-24','1.0','15','','88','8');
INSERT INTO "pmdm__ServiceDelivery__c" VALUES(108,'Robin Banks - 12 Step Recovery Program','false','2020-01-14','1.0','15','','88','8');
INSERT INTO "pmdm__ServiceDelivery__c" VALUES(109,'Robin Banks - 12 Step Recovery Program','false','2019-10-01','1.0','15','','88','8');
INSERT INTO "pmdm__ServiceDelivery__c" VALUES(110,'Robin Banks - 12 Step Recovery Program','false','2019-11-12','1.0','15','','88','8');
INSERT INTO "pmdm__ServiceDelivery__c" VALUES(111,'Robin Banks - 12 Step Recovery Program','false','2019-10-08','1.0','15','','88','8');
INSERT INTO "pmdm__ServiceDelivery__c" VALUES(112,'Robin Banks - 12 Step Recovery Program','false','2019-10-15','1.0','15','','88','8');
INSERT INTO "pmdm__ServiceDelivery__c" VALUES(113,'Robin Banks - 12 Step Recovery Program','false','2019-12-30','1.0','15','','88','8');
INSERT INTO "pmdm__ServiceDelivery__c" VALUES(114,'Robin Banks - 12 Step Recovery Program','false','2019-10-22','1.0','15','','88','8');
INSERT INTO "pmdm__ServiceDelivery__c" VALUES(115,'Robin Banks - 12 Step Recovery Program','false','2019-12-10','1.0','15','','88','8');
INSERT INTO "pmdm__ServiceDelivery__c" VALUES(116,'Robin Banks - 12 Step Recovery Program','false','2019-11-05','1.0','15','','88','8');
INSERT INTO "pmdm__ServiceDelivery__c" VALUES(117,'Robin Banks - 12 Step Recovery Program','false','2019-12-03','1.0','15','','88','8');
INSERT INTO "pmdm__ServiceDelivery__c" VALUES(118,'Robin Banks - 12 Step Recovery Program','false','2019-12-17','1.0','15','','88','8');
INSERT INTO "pmdm__ServiceDelivery__c" VALUES(119,'Neil Huerta - 12 Step Recovery Program','false','2020-01-13','1.0','15','','35','16');
INSERT INTO "pmdm__ServiceDelivery__c" VALUES(120,'Neil Huerta - 12 Step Recovery Program','false','2020-01-16','1.0','15','','35','16');
INSERT INTO "pmdm__ServiceDelivery__c" VALUES(121,'Turner Carson - 12 Step Recovery Program','false','2019-12-30','1.0','15','','72','34');
INSERT INTO "pmdm__ServiceDelivery__c" VALUES(122,'Turner Carson - 12 Step Recovery Program','false','2020-01-07','1.0','15','','72','34');
INSERT INTO "pmdm__ServiceDelivery__c" VALUES(123,'Turner Carson - 12 Step Recovery Program','false','2019-12-17','1.0','15','','72','34');
INSERT INTO "pmdm__ServiceDelivery__c" VALUES(124,'Turner Carson - 12 Step Recovery Program','false','2019-12-24','1.0','15','','72','34');
INSERT INTO "pmdm__ServiceDelivery__c" VALUES(125,'Turner Carson - 12 Step Recovery Program','false','2019-12-10','1.0','15','','72','34');
INSERT INTO "pmdm__ServiceDelivery__c" VALUES(126,'Zackery Morgan - 12 Step Recovery Program','false','2019-12-30','1.0','15','','151','78');
INSERT INTO "pmdm__ServiceDelivery__c" VALUES(127,'Zackery Morgan - 12 Step Recovery Program','false','2019-10-29','1.0','15','','151','78');
INSERT INTO "pmdm__ServiceDelivery__c" VALUES(128,'Zackery Morgan - 12 Step Recovery Program','false','2019-11-05','1.0','15','','151','78');
INSERT INTO "pmdm__ServiceDelivery__c" VALUES(129,'Zackery Morgan - 12 Step Recovery Program','false','2019-11-12','1.0','15','','151','78');
INSERT INTO "pmdm__ServiceDelivery__c" VALUES(130,'Zackery Morgan - 12 Step Recovery Program','false','2019-12-03','1.0','15','','151','78');
INSERT INTO "pmdm__ServiceDelivery__c" VALUES(131,'Zackery Morgan - 12 Step Recovery Program','false','2019-12-10','1.0','15','','151','78');
INSERT INTO "pmdm__ServiceDelivery__c" VALUES(132,'Zackery Morgan - 12 Step Recovery Program','false','2019-11-19','1.0','15','','151','78');
INSERT INTO "pmdm__ServiceDelivery__c" VALUES(133,'Zackery Morgan - 12 Step Recovery Program','false','2019-11-26','1.0','15','','151','78');
INSERT INTO "pmdm__ServiceDelivery__c" VALUES(134,'Zackery Morgan - 12 Step Recovery Program','false','2019-12-24','1.0','15','','151','78');
INSERT INTO "pmdm__ServiceDelivery__c" VALUES(135,'Zackery Morgan - 12 Step Recovery Program','false','2020-01-07','1.0','15','','151','78');
INSERT INTO "pmdm__ServiceDelivery__c" VALUES(136,'Zackery Morgan - 12 Step Recovery Program','false','2020-01-07','1.0','15','','151','78');
INSERT INTO "pmdm__ServiceDelivery__c" VALUES(137,'Zackery Morgan - 12 Step Recovery Program','false','2019-10-22','1.0','15','','151','78');
INSERT INTO "pmdm__ServiceDelivery__c" VALUES(138,'Maya Johnson - After School Activities','false','2019-12-13','2.0','7','','101','40');
INSERT INTO "pmdm__ServiceDelivery__c" VALUES(139,'Maya Johnson - After School Activities','false','2019-12-20','2.0','7','','101','40');
INSERT INTO "pmdm__ServiceDelivery__c" VALUES(140,'Maya Johnson - After School Activities','false','2019-12-06','2.0','7','','101','40');
INSERT INTO "pmdm__ServiceDelivery__c" VALUES(141,'Maya Johnson - After School Activities','false','2020-01-10','2.0','7','','101','40');
INSERT INTO "pmdm__ServiceDelivery__c" VALUES(142,'Javon Rodgers - After School Activities','false','2019-10-29','1.0','7','','119','49');
INSERT INTO "pmdm__ServiceDelivery__c" VALUES(143,'Javon Rodgers - After School Activities','false','2019-10-15','1.0','7','','119','49');
INSERT INTO "pmdm__ServiceDelivery__c" VALUES(144,'Javon Rodgers - After School Activities','false','2019-10-22','1.0','7','','119','49');
INSERT INTO "pmdm__ServiceDelivery__c" VALUES(145,'Javon Rodgers - After School Activities','false','2019-10-01','1.0','7','','119','49');
INSERT INTO "pmdm__ServiceDelivery__c" VALUES(146,'Javon Rodgers - After School Activities','false','2019-11-05','1.0','7','','119','49');
INSERT INTO "pmdm__ServiceDelivery__c" VALUES(147,'Javon Rodgers - After School Activities','false','2019-12-10','1.0','7','','119','49');
INSERT INTO "pmdm__ServiceDelivery__c" VALUES(148,'Javon Rodgers - After School Activities','false','2020-01-07','1.0','7','','119','49');
INSERT INTO "pmdm__ServiceDelivery__c" VALUES(149,'Javon Rodgers - After School Activities','false','2019-10-08','1.0','7','','119','49');
INSERT INTO "pmdm__ServiceDelivery__c" VALUES(150,'Javon Rodgers - After School Activities','false','2019-11-26','1.0','7','','119','49');
INSERT INTO "pmdm__ServiceDelivery__c" VALUES(151,'Javon Rodgers - After School Activities','false','2019-12-17','1.0','7','','119','49');
INSERT INTO "pmdm__ServiceDelivery__c" VALUES(152,'Javon Rodgers - After School Activities','false','2019-12-03','1.0','7','','119','49');
INSERT INTO "pmdm__ServiceDelivery__c" VALUES(153,'Javon Rodgers - After School Activities','false','2019-11-12','1.0','7','','119','49');
INSERT INTO "pmdm__ServiceDelivery__c" VALUES(154,'Javon Rodgers - After School Activities','false','2019-11-19','1.0','7','','119','49');
INSERT INTO "pmdm__ServiceDelivery__c" VALUES(155,'Jace Hampton - After School Activities','false','2020-01-07','1.0','7','','123','53');
INSERT INTO "pmdm__ServiceDelivery__c" VALUES(156,'Sonia Gentry - After School Activities','false','2019-10-30','1.0','7','','125','55');
INSERT INTO "pmdm__ServiceDelivery__c" VALUES(157,'Sonia Gentry - After School Activities','false','2019-12-11','1.0','7','','125','55');
INSERT INTO "pmdm__ServiceDelivery__c" VALUES(158,'Sonia Gentry - After School Activities','false','2019-12-19','1.0','7','','125','55');
INSERT INTO "pmdm__ServiceDelivery__c" VALUES(159,'Sonia Gentry - After School Activities','false','2019-10-09','1.0','7','','125','55');
INSERT INTO "pmdm__ServiceDelivery__c" VALUES(160,'Sonia Gentry - After School Activities','false','2019-10-23','1.0','7','','125','55');
INSERT INTO "pmdm__ServiceDelivery__c" VALUES(161,'Sonia Gentry - After School Activities','false','2019-11-14','1.0','7','','125','55');
INSERT INTO "pmdm__ServiceDelivery__c" VALUES(162,'Sonia Gentry - After School Activities','false','2019-10-24','1.0','7','','125','55');
INSERT INTO "pmdm__ServiceDelivery__c" VALUES(163,'Sonia Gentry - After School Activities','false','2019-11-06','1.0','7','','125','55');
INSERT INTO "pmdm__ServiceDelivery__c" VALUES(164,'Sonia Gentry - After School Activities','false','2019-12-05','1.0','7','','125','55');
INSERT INTO "pmdm__ServiceDelivery__c" VALUES(165,'Sonia Gentry - After School Activities','false','2019-11-13','1.0','7','','125','55');
INSERT INTO "pmdm__ServiceDelivery__c" VALUES(166,'Sonia Gentry - After School Activities','false','2019-12-04','1.0','7','','125','55');
INSERT INTO "pmdm__ServiceDelivery__c" VALUES(167,'Sonia Gentry - After School Activities','false','2019-12-12','1.0','7','','125','55');
INSERT INTO "pmdm__ServiceDelivery__c" VALUES(168,'Sonia Gentry - After School Activities','false','2019-12-18','1.0','7','','125','55');
INSERT INTO "pmdm__ServiceDelivery__c" VALUES(169,'Sonia Gentry - After School Activities','false','2019-10-16','1.0','7','','125','55');
INSERT INTO "pmdm__ServiceDelivery__c" VALUES(170,'Sonia Gentry - After School Activities','false','2019-11-21','1.0','7','','125','55');
INSERT INTO "pmdm__ServiceDelivery__c" VALUES(171,'Sonia Gentry - After School Activities','false','2019-10-17','1.0','7','','125','55');
INSERT INTO "pmdm__ServiceDelivery__c" VALUES(172,'Sonia Gentry - After School Activities','false','2019-11-20','1.0','7','','125','55');
INSERT INTO "pmdm__ServiceDelivery__c" VALUES(173,'Sonia Gentry - After School Activities','false','2019-10-10','1.0','7','','125','55');
INSERT INTO "pmdm__ServiceDelivery__c" VALUES(174,'Sonia Gentry - After School Activities','false','2019-10-31','1.0','7','','125','55');
INSERT INTO "pmdm__ServiceDelivery__c" VALUES(175,'Tom Higgins - After School Activities','false','2019-09-13','4.0','7','','82','59');
INSERT INTO "pmdm__ServiceDelivery__c" VALUES(176,'Tom Higgins - After School Activities','false','2019-10-18','2.0','7','','82','59');
INSERT INTO "pmdm__ServiceDelivery__c" VALUES(177,'Tom Higgins - After School Activities','false','2019-11-08','4.0','7','','82','59');
INSERT INTO "pmdm__ServiceDelivery__c" VALUES(178,'Tom Higgins - After School Activities','false','2019-11-01','4.0','7','','82','59');
INSERT INTO "pmdm__ServiceDelivery__c" VALUES(179,'Tom Higgins - After School Activities','false','2019-09-27','4.0','7','','82','59');
INSERT INTO "pmdm__ServiceDelivery__c" VALUES(180,'Tom Higgins - After School Activities','false','2019-10-25','4.0','7','','82','59');
INSERT INTO "pmdm__ServiceDelivery__c" VALUES(181,'Tom Higgins - After School Activities','false','2019-11-29','4.0','7','','82','59');
INSERT INTO "pmdm__ServiceDelivery__c" VALUES(182,'Tom Higgins - After School Activities','false','2020-01-10','4.0','7','','82','59');
INSERT INTO "pmdm__ServiceDelivery__c" VALUES(183,'Tom Higgins - After School Activities','false','2019-12-13','4.0','7','','82','59');
INSERT INTO "pmdm__ServiceDelivery__c" VALUES(184,'Tom Higgins - After School Activities','false','2019-12-20','4.0','7','','82','59');
INSERT INTO "pmdm__ServiceDelivery__c" VALUES(185,'Tom Higgins - After School Activities','false','2019-09-20','4.0','7','','82','59');
INSERT INTO "pmdm__ServiceDelivery__c" VALUES(186,'Tom Higgins - After School Activities','false','2019-10-04','4.0','7','','82','59');
INSERT INTO "pmdm__ServiceDelivery__c" VALUES(187,'Tom Higgins - After School Activities','false','2019-10-11','4.0','7','','82','59');
INSERT INTO "pmdm__ServiceDelivery__c" VALUES(188,'Tom Higgins - After School Activities','false','2019-11-22','4.0','7','','82','59');
INSERT INTO "pmdm__ServiceDelivery__c" VALUES(189,'Tom Higgins - After School Activities','false','2019-11-15','4.0','7','','82','59');
INSERT INTO "pmdm__ServiceDelivery__c" VALUES(190,'Tom Higgins - After School Activities','false','2019-12-06','4.0','7','','82','59');
INSERT INTO "pmdm__ServiceDelivery__c" VALUES(191,'Kellen Cooley - After School Activities','false','2019-12-10','1.0','7','','128','60');
INSERT INTO "pmdm__ServiceDelivery__c" VALUES(192,'Kellen Cooley - After School Activities','false','2019-12-03','1.0','7','','128','60');
INSERT INTO "pmdm__ServiceDelivery__c" VALUES(193,'Kellen Cooley - After School Activities','false','2019-12-17','1.0','7','','128','60');
INSERT INTO "pmdm__ServiceDelivery__c" VALUES(194,'Kellen Cooley - After School Activities','false','2020-01-07','1.0','7','','128','60');
INSERT INTO "pmdm__ServiceDelivery__c" VALUES(195,'Marco Escobar - After School Activities','false','2019-10-04','1.0','7','','140','69');
INSERT INTO "pmdm__ServiceDelivery__c" VALUES(196,'Marco Escobar - After School Activities','false','2019-09-20','1.0','7','','140','69');
INSERT INTO "pmdm__ServiceDelivery__c" VALUES(197,'Marco Escobar - After School Activities','false','2019-10-25','1.0','7','','140','69');
INSERT INTO "pmdm__ServiceDelivery__c" VALUES(198,'Marco Escobar - After School Activities','false','2019-12-13','1.0','7','','140','69');
INSERT INTO "pmdm__ServiceDelivery__c" VALUES(199,'Marco Escobar - After School Activities','false','2019-12-20','1.0','7','','140','69');
INSERT INTO "pmdm__ServiceDelivery__c" VALUES(200,'Marco Escobar - After School Activities','false','2019-09-13','1.0','7','','140','69');
INSERT INTO "pmdm__ServiceDelivery__c" VALUES(201,'Marco Escobar - After School Activities','false','2019-11-01','1.0','7','','140','69');
INSERT INTO "pmdm__ServiceDelivery__c" VALUES(202,'Marco Escobar - After School Activities','false','2019-11-22','1.0','7','','140','69');
INSERT INTO "pmdm__ServiceDelivery__c" VALUES(203,'Marco Escobar - After School Activities','false','2019-09-27','1.0','7','','140','69');
INSERT INTO "pmdm__ServiceDelivery__c" VALUES(204,'Marco Escobar - After School Activities','false','2019-10-18','1.0','7','','140','69');
INSERT INTO "pmdm__ServiceDelivery__c" VALUES(205,'Marco Escobar - After School Activities','false','2019-10-11','1.0','7','','140','69');
INSERT INTO "pmdm__ServiceDelivery__c" VALUES(206,'Marco Escobar - After School Activities','false','2020-01-10','1.0','7','','140','69');
INSERT INTO "pmdm__ServiceDelivery__c" VALUES(207,'Marco Escobar - After School Activities','false','2019-11-15','1.0','7','','140','69');
INSERT INTO "pmdm__ServiceDelivery__c" VALUES(208,'Marco Escobar - After School Activities','false','2019-11-29','1.0','7','','140','69');
INSERT INTO "pmdm__ServiceDelivery__c" VALUES(209,'Marco Escobar - After School Activities','false','2019-11-08','1.0','7','','140','69');
INSERT INTO "pmdm__ServiceDelivery__c" VALUES(210,'Marco Escobar - After School Activities','false','2019-12-06','1.0','7','','140','69');
INSERT INTO "pmdm__ServiceDelivery__c" VALUES(211,'Emilie Costa - After School Activities','false','2020-01-10','2.0','7','','166','92');
INSERT INTO "pmdm__ServiceDelivery__c" VALUES(212,'Fabian Hughes - After School Activities','false','2019-09-13','3.0','7','','172','97');
INSERT INTO "pmdm__ServiceDelivery__c" VALUES(213,'Fabian Hughes - After School Activities','false','2019-10-25','3.0','7','','172','97');
INSERT INTO "pmdm__ServiceDelivery__c" VALUES(214,'Fabian Hughes - After School Activities','false','2019-11-22','3.0','7','','172','97');
INSERT INTO "pmdm__ServiceDelivery__c" VALUES(215,'Fabian Hughes - After School Activities','false','2019-10-11','3.0','7','','172','97');
INSERT INTO "pmdm__ServiceDelivery__c" VALUES(216,'Fabian Hughes - After School Activities','false','2020-01-10','3.0','7','','172','97');
INSERT INTO "pmdm__ServiceDelivery__c" VALUES(217,'Fabian Hughes - After School Activities','false','2019-11-15','3.0','7','','172','97');
INSERT INTO "pmdm__ServiceDelivery__c" VALUES(218,'Fabian Hughes - After School Activities','false','2019-09-20','3.0','7','','172','97');
INSERT INTO "pmdm__ServiceDelivery__c" VALUES(219,'Fabian Hughes - After School Activities','false','2019-09-27','3.0','7','','172','97');
INSERT INTO "pmdm__ServiceDelivery__c" VALUES(220,'Fabian Hughes - After School Activities','false','2019-10-04','1.0','7','','172','97');
INSERT INTO "pmdm__ServiceDelivery__c" VALUES(221,'Fabian Hughes - After School Activities','false','2019-11-01','3.0','7','','172','97');
INSERT INTO "pmdm__ServiceDelivery__c" VALUES(222,'Fabian Hughes - After School Activities','false','2019-10-18','3.0','7','','172','97');
INSERT INTO "pmdm__ServiceDelivery__c" VALUES(223,'Fabian Hughes - After School Activities','false','2019-12-20','1.0','7','','172','97');
INSERT INTO "pmdm__ServiceDelivery__c" VALUES(224,'Fabian Hughes - After School Activities','false','2019-11-08','3.0','7','','172','97');
INSERT INTO "pmdm__ServiceDelivery__c" VALUES(225,'Fabian Hughes - After School Activities','false','2019-12-06','3.0','7','','172','97');
INSERT INTO "pmdm__ServiceDelivery__c" VALUES(226,'Fabian Hughes - After School Activities','false','2019-12-13','2.0','7','','172','97');
INSERT INTO "pmdm__ServiceDelivery__c" VALUES(227,'Samir Neal - ESL Classroom Hours','false','2019-10-17','2.0','17','','65','31');
INSERT INTO "pmdm__ServiceDelivery__c" VALUES(228,'Samir Neal - ESL Classroom Hours','false','2019-10-24','2.0','17','','65','31');
INSERT INTO "pmdm__ServiceDelivery__c" VALUES(229,'Samir Neal - ESL Classroom Hours','false','2019-11-19','2.0','17','','65','31');
INSERT INTO "pmdm__ServiceDelivery__c" VALUES(230,'Samir Neal - ESL Classroom Hours','false','2019-10-22','2.0','17','','65','31');
INSERT INTO "pmdm__ServiceDelivery__c" VALUES(231,'Samir Neal - ESL Classroom Hours','false','2020-01-07','2.0','17','','65','31');
INSERT INTO "pmdm__ServiceDelivery__c" VALUES(232,'Samir Neal - ESL Classroom Hours','false','2019-10-10','2.0','17','','65','31');
INSERT INTO "pmdm__ServiceDelivery__c" VALUES(233,'Samir Neal - ESL Classroom Hours','false','2019-09-12','2.0','17','','65','31');
INSERT INTO "pmdm__ServiceDelivery__c" VALUES(234,'Samir Neal - ESL Classroom Hours','false','2019-12-19','2.0','17','','65','31');
INSERT INTO "pmdm__ServiceDelivery__c" VALUES(235,'Samir Neal - ESL Classroom Hours','false','2020-01-09','2.0','17','','65','31');
INSERT INTO "pmdm__ServiceDelivery__c" VALUES(236,'Samir Neal - ESL Classroom Hours','false','2019-10-29','2.0','17','','65','31');
INSERT INTO "pmdm__ServiceDelivery__c" VALUES(237,'Samir Neal - ESL Classroom Hours','false','2019-10-31','2.0','17','','65','31');
INSERT INTO "pmdm__ServiceDelivery__c" VALUES(238,'Samir Neal - ESL Classroom Hours','false','2019-11-07','2.0','17','','65','31');
INSERT INTO "pmdm__ServiceDelivery__c" VALUES(239,'Samir Neal - ESL Classroom Hours','false','2019-11-21','2.0','17','','65','31');
INSERT INTO "pmdm__ServiceDelivery__c" VALUES(240,'Samir Neal - ESL Classroom Hours','false','2019-09-10','2.0','17','','65','31');
INSERT INTO "pmdm__ServiceDelivery__c" VALUES(241,'Samir Neal - ESL Classroom Hours','false','2019-09-24','2.0','17','','65','31');
INSERT INTO "pmdm__ServiceDelivery__c" VALUES(242,'Samir Neal - ESL Classroom Hours','false','2019-09-26','2.0','17','','65','31');
INSERT INTO "pmdm__ServiceDelivery__c" VALUES(243,'Samir Neal - ESL Classroom Hours','false','2019-12-03','2.0','17','','65','31');
INSERT INTO "pmdm__ServiceDelivery__c" VALUES(244,'Samir Neal - ESL Classroom Hours','false','2019-12-12','2.0','17','','65','31');
INSERT INTO "pmdm__ServiceDelivery__c" VALUES(245,'Samir Neal - ESL Classroom Hours','false','2019-10-01','2.0','17','','65','31');
INSERT INTO "pmdm__ServiceDelivery__c" VALUES(246,'Samir Neal - ESL Classroom Hours','false','2019-11-05','2.0','17','','65','31');
INSERT INTO "pmdm__ServiceDelivery__c" VALUES(247,'Samir Neal - ESL Classroom Hours','false','2019-09-17','2.0','17','','65','31');
INSERT INTO "pmdm__ServiceDelivery__c" VALUES(248,'Samir Neal - ESL Classroom Hours','false','2019-11-12','2.0','17','','65','31');
INSERT INTO "pmdm__ServiceDelivery__c" VALUES(249,'Samir Neal - ESL Classroom Hours','false','2019-12-05','2.0','17','','65','31');
INSERT INTO "pmdm__ServiceDelivery__c" VALUES(250,'Samir Neal - ESL Classroom Hours','false','2019-10-08','2.0','17','','65','31');
INSERT INTO "pmdm__ServiceDelivery__c" VALUES(251,'Samir Neal - ESL Classroom Hours','false','2019-11-14','2.0','17','','65','31');
INSERT INTO "pmdm__ServiceDelivery__c" VALUES(252,'Samir Neal - ESL Classroom Hours','false','2019-10-15','2.0','17','','65','31');
INSERT INTO "pmdm__ServiceDelivery__c" VALUES(253,'Samir Neal - ESL Classroom Hours','false','2019-11-26','2.0','17','','65','31');
INSERT INTO "pmdm__ServiceDelivery__c" VALUES(254,'Samir Neal - ESL Classroom Hours','false','2019-12-10','2.0','17','','65','31');
INSERT INTO "pmdm__ServiceDelivery__c" VALUES(255,'Samir Neal - ESL Classroom Hours','false','2019-09-19','2.0','17','','65','31');
INSERT INTO "pmdm__ServiceDelivery__c" VALUES(256,'Samir Neal - ESL Classroom Hours','false','2019-12-17','2.0','17','','65','31');
INSERT INTO "pmdm__ServiceDelivery__c" VALUES(257,'Samir Neal - ESL Classroom Hours','false','2019-10-03','2.0','17','','65','31');
INSERT INTO "pmdm__ServiceDelivery__c" VALUES(258,'Barbara Johnson - ESL Classroom Hours','false','2019-09-05','2.0','17','','102','41');
INSERT INTO "pmdm__ServiceDelivery__c" VALUES(259,'Barbara Johnson - ESL Classroom Hours','false','2019-10-29','2.0','17','','102','41');
INSERT INTO "pmdm__ServiceDelivery__c" VALUES(260,'Barbara Johnson - ESL Classroom Hours','false','2019-11-12','2.0','17','','102','41');
INSERT INTO "pmdm__ServiceDelivery__c" VALUES(261,'Barbara Johnson - ESL Classroom Hours','false','2019-11-26','2.0','17','','102','41');
INSERT INTO "pmdm__ServiceDelivery__c" VALUES(262,'Barbara Johnson - ESL Classroom Hours','false','2019-09-24','2.0','17','','102','41');
INSERT INTO "pmdm__ServiceDelivery__c" VALUES(263,'Barbara Johnson - ESL Classroom Hours','false','2019-12-05','2.0','17','','102','41');
INSERT INTO "pmdm__ServiceDelivery__c" VALUES(264,'Barbara Johnson - ESL Classroom Hours','false','2019-12-12','2.0','17','','102','41');
INSERT INTO "pmdm__ServiceDelivery__c" VALUES(265,'Barbara Johnson - ESL Classroom Hours','false','2019-10-22','2.0','17','','102','41');
INSERT INTO "pmdm__ServiceDelivery__c" VALUES(266,'Barbara Johnson - ESL Classroom Hours','false','2019-11-05','2.0','17','','102','41');
INSERT INTO "pmdm__ServiceDelivery__c" VALUES(267,'Barbara Johnson - ESL Classroom Hours','false','2019-11-19','2.0','17','','102','41');
INSERT INTO "pmdm__ServiceDelivery__c" VALUES(268,'Barbara Johnson - ESL Classroom Hours','false','2019-11-21','2.0','17','','102','41');
INSERT INTO "pmdm__ServiceDelivery__c" VALUES(269,'Barbara Johnson - ESL Classroom Hours','false','2019-09-10','2.0','17','','102','41');
INSERT INTO "pmdm__ServiceDelivery__c" VALUES(270,'Barbara Johnson - ESL Classroom Hours','false','2019-10-24','2.0','17','','102','41');
INSERT INTO "pmdm__ServiceDelivery__c" VALUES(271,'Barbara Johnson - ESL Classroom Hours','false','2019-11-14','2.0','17','','102','41');
INSERT INTO "pmdm__ServiceDelivery__c" VALUES(272,'Barbara Johnson - ESL Classroom Hours','false','2019-09-19','2.0','17','','102','41');
INSERT INTO "pmdm__ServiceDelivery__c" VALUES(273,'Barbara Johnson - ESL Classroom Hours','false','2019-12-19','2.0','17','','102','41');
INSERT INTO "pmdm__ServiceDelivery__c" VALUES(274,'Barbara Johnson - ESL Classroom Hours','false','2019-10-10','2.0','17','','102','41');
INSERT INTO "pmdm__ServiceDelivery__c" VALUES(275,'Barbara Johnson - ESL Classroom Hours','false','2019-12-17','2.0','17','','102','41');
INSERT INTO "pmdm__ServiceDelivery__c" VALUES(276,'Barbara Johnson - ESL Classroom Hours','false','2020-01-09','2.0','17','','102','41');
INSERT INTO "pmdm__ServiceDelivery__c" VALUES(277,'Barbara Johnson - ESL Classroom Hours','false','2019-10-01','2.0','17','','102','41');
INSERT INTO "pmdm__ServiceDelivery__c" VALUES(278,'Barbara Johnson - ESL Classroom Hours','false','2019-10-31','2.0','17','','102','41');
INSERT INTO "pmdm__ServiceDelivery__c" VALUES(279,'Barbara Johnson - ESL Classroom Hours','false','2019-11-07','2.0','17','','102','41');
INSERT INTO "pmdm__ServiceDelivery__c" VALUES(280,'Barbara Johnson - ESL Classroom Hours','false','2019-10-08','2.0','17','','102','41');
INSERT INTO "pmdm__ServiceDelivery__c" VALUES(281,'Barbara Johnson - ESL Classroom Hours','false','2019-09-03','2.0','17','','102','41');
INSERT INTO "pmdm__ServiceDelivery__c" VALUES(282,'Barbara Johnson - ESL Classroom Hours','false','2019-09-26','2.0','17','','102','41');
INSERT INTO "pmdm__ServiceDelivery__c" VALUES(283,'Barbara Johnson - ESL Classroom Hours','false','2019-09-12','2.0','17','','102','41');
INSERT INTO "pmdm__ServiceDelivery__c" VALUES(284,'Barbara Johnson - ESL Classroom Hours','false','2019-10-03','2.0','17','','102','41');
INSERT INTO "pmdm__ServiceDelivery__c" VALUES(285,'Barbara Johnson - ESL Classroom Hours','false','2019-10-17','2.0','17','','102','41');
INSERT INTO "pmdm__ServiceDelivery__c" VALUES(286,'Barbara Johnson - ESL Classroom Hours','false','2019-10-15','2.0','17','','102','41');
INSERT INTO "pmdm__ServiceDelivery__c" VALUES(287,'Barbara Johnson - ESL Classroom Hours','false','2019-12-03','2.0','17','','102','41');
INSERT INTO "pmdm__ServiceDelivery__c" VALUES(288,'Barbara Johnson - ESL Classroom Hours','false','2019-09-17','2.0','17','','102','41');
INSERT INTO "pmdm__ServiceDelivery__c" VALUES(289,'Barbara Johnson - ESL Classroom Hours','false','2019-12-10','2.0','17','','102','41');
INSERT INTO "pmdm__ServiceDelivery__c" VALUES(290,'Barbara Johnson - ESL Classroom Hours','false','2020-01-07','2.0','17','','102','41');
INSERT INTO "pmdm__ServiceDelivery__c" VALUES(291,'Fernando Beltran - ESL Classroom Hours','false','2019-12-19','2.0','17','','132','63');
INSERT INTO "pmdm__ServiceDelivery__c" VALUES(292,'Fernando Beltran - ESL Classroom Hours','false','2020-01-09','2.0','17','','132','63');
INSERT INTO "pmdm__ServiceDelivery__c" VALUES(293,'Fernando Beltran - ESL Classroom Hours','false','2019-12-10','2.0','17','','132','63');
INSERT INTO "pmdm__ServiceDelivery__c" VALUES(294,'Fernando Beltran - ESL Classroom Hours','false','2019-12-12','2.0','17','','132','63');
INSERT INTO "pmdm__ServiceDelivery__c" VALUES(295,'Fernando Beltran - ESL Classroom Hours','false','2019-12-05','2.0','17','','132','63');
INSERT INTO "pmdm__ServiceDelivery__c" VALUES(296,'Fernando Beltran - ESL Classroom Hours','false','2020-01-07','2.0','17','','132','63');
INSERT INTO "pmdm__ServiceDelivery__c" VALUES(297,'Fernando Beltran - ESL Classroom Hours','false','2019-12-17','2.0','17','','132','63');
INSERT INTO "pmdm__ServiceDelivery__c" VALUES(298,'Fernando Beltran - ESL Classroom Hours','false','2019-12-03','2.0','17','','132','63');
INSERT INTO "pmdm__ServiceDelivery__c" VALUES(299,'Yusef Flores - ESL Classroom Hours','false','2020-01-07','2.0','17','','155','82');
INSERT INTO "pmdm__ServiceDelivery__c" VALUES(300,'Yusef Flores - ESL Classroom Hours','false','2020-01-09','2.0','17','','155','82');
INSERT INTO "pmdm__ServiceDelivery__c" VALUES(301,'Semaj Wall - ESL Classroom Hours','false','2019-10-17','2.0','17','','156','84');
INSERT INTO "pmdm__ServiceDelivery__c" VALUES(302,'Semaj Wall - ESL Classroom Hours','false','2019-11-07','2.0','17','','156','84');
INSERT INTO "pmdm__ServiceDelivery__c" VALUES(303,'Semaj Wall - ESL Classroom Hours','false','2019-10-01','2.0','17','','156','84');
INSERT INTO "pmdm__ServiceDelivery__c" VALUES(304,'Semaj Wall - ESL Classroom Hours','false','2019-12-10','2.0','17','','156','84');
INSERT INTO "pmdm__ServiceDelivery__c" VALUES(305,'Semaj Wall - ESL Classroom Hours','false','2019-12-19','2.0','17','','156','84');
INSERT INTO "pmdm__ServiceDelivery__c" VALUES(306,'Semaj Wall - ESL Classroom Hours','false','2019-10-15','2.0','17','','156','84');
INSERT INTO "pmdm__ServiceDelivery__c" VALUES(307,'Semaj Wall - ESL Classroom Hours','false','2019-10-31','2.0','17','','156','84');
INSERT INTO "pmdm__ServiceDelivery__c" VALUES(308,'Semaj Wall - ESL Classroom Hours','false','2019-11-19','2.0','17','','156','84');
INSERT INTO "pmdm__ServiceDelivery__c" VALUES(309,'Semaj Wall - ESL Classroom Hours','false','2019-12-05','2.0','17','','156','84');
INSERT INTO "pmdm__ServiceDelivery__c" VALUES(310,'Semaj Wall - ESL Classroom Hours','false','2019-10-08','2.0','17','','156','84');
INSERT INTO "pmdm__ServiceDelivery__c" VALUES(311,'Semaj Wall - ESL Classroom Hours','false','2019-10-29','2.0','17','','156','84');
INSERT INTO "pmdm__ServiceDelivery__c" VALUES(312,'Semaj Wall - ESL Classroom Hours','false','2019-11-05','2.0','17','','156','84');
INSERT INTO "pmdm__ServiceDelivery__c" VALUES(313,'Semaj Wall - ESL Classroom Hours','false','2019-11-14','2.0','17','','156','84');
INSERT INTO "pmdm__ServiceDelivery__c" VALUES(314,'Semaj Wall - ESL Classroom Hours','false','2019-12-17','2.0','17','','156','84');
INSERT INTO "pmdm__ServiceDelivery__c" VALUES(315,'Semaj Wall - ESL Classroom Hours','false','2020-01-07','2.0','17','','156','84');
INSERT INTO "pmdm__ServiceDelivery__c" VALUES(316,'Semaj Wall - ESL Classroom Hours','false','2019-11-26','2.0','17','','156','84');
INSERT INTO "pmdm__ServiceDelivery__c" VALUES(317,'Semaj Wall - ESL Classroom Hours','false','2019-10-03','2.0','17','','156','84');
INSERT INTO "pmdm__ServiceDelivery__c" VALUES(318,'Semaj Wall - ESL Classroom Hours','false','2019-10-10','2.0','17','','156','84');
INSERT INTO "pmdm__ServiceDelivery__c" VALUES(319,'Semaj Wall - ESL Classroom Hours','false','2019-10-24','2.0','17','','156','84');
INSERT INTO "pmdm__ServiceDelivery__c" VALUES(320,'Semaj Wall - ESL Classroom Hours','false','2019-11-12','2.0','17','','156','84');
INSERT INTO "pmdm__ServiceDelivery__c" VALUES(321,'Semaj Wall - ESL Classroom Hours','false','2019-12-12','2.0','17','','156','84');
INSERT INTO "pmdm__ServiceDelivery__c" VALUES(322,'Semaj Wall - ESL Classroom Hours','false','2020-01-09','2.0','17','','156','84');
INSERT INTO "pmdm__ServiceDelivery__c" VALUES(323,'Semaj Wall - ESL Classroom Hours','false','2019-11-21','2.0','17','','156','84');
INSERT INTO "pmdm__ServiceDelivery__c" VALUES(324,'Semaj Wall - ESL Classroom Hours','false','2019-10-22','2.0','17','','156','84');
INSERT INTO "pmdm__ServiceDelivery__c" VALUES(325,'Jason Barnes - Financial Literacy Classroom Hours','false','2019-10-04','2.0','2','','92','24');
INSERT INTO "pmdm__ServiceDelivery__c" VALUES(326,'Jason Barnes - Financial Literacy Classroom Hours','false','2019-09-27','2.0','2','','92','24');
INSERT INTO "pmdm__ServiceDelivery__c" VALUES(327,'Jason Barnes - Financial Literacy Classroom Hours','false','2019-11-08','2.0','2','','92','24');
INSERT INTO "pmdm__ServiceDelivery__c" VALUES(328,'Jason Barnes - Financial Literacy Classroom Hours','false','2019-11-15','2.0','2','','92','24');
INSERT INTO "pmdm__ServiceDelivery__c" VALUES(329,'Jason Barnes - Financial Literacy Classroom Hours','false','2019-11-29','2.0','2','','92','24');
INSERT INTO "pmdm__ServiceDelivery__c" VALUES(330,'Jason Barnes - Financial Literacy Classroom Hours','false','2020-01-10','2.0','2','','92','24');
INSERT INTO "pmdm__ServiceDelivery__c" VALUES(331,'Jason Barnes - Financial Literacy Classroom Hours','false','2019-11-01','2.0','2','','92','24');
INSERT INTO "pmdm__ServiceDelivery__c" VALUES(332,'Jason Barnes - Financial Literacy Classroom Hours','false','2019-12-20','2.0','2','','92','24');
INSERT INTO "pmdm__ServiceDelivery__c" VALUES(333,'Jason Barnes - Financial Literacy Classroom Hours','false','2019-11-22','2.0','2','','92','24');
INSERT INTO "pmdm__ServiceDelivery__c" VALUES(334,'Jason Barnes - Financial Literacy Classroom Hours','false','2019-12-06','2.0','2','','92','24');
INSERT INTO "pmdm__ServiceDelivery__c" VALUES(335,'Jason Barnes - Financial Literacy Classroom Hours','false','2019-10-25','2.0','2','','92','24');
INSERT INTO "pmdm__ServiceDelivery__c" VALUES(336,'Jason Barnes - Financial Literacy Classroom Hours','false','2019-09-13','2.0','2','','92','24');
INSERT INTO "pmdm__ServiceDelivery__c" VALUES(337,'Jason Barnes - Financial Literacy Classroom Hours','false','2019-10-11','2.0','2','','92','24');
INSERT INTO "pmdm__ServiceDelivery__c" VALUES(338,'Jason Barnes - Financial Literacy Classroom Hours','false','2019-09-20','2.0','2','','92','24');
INSERT INTO "pmdm__ServiceDelivery__c" VALUES(339,'Jason Barnes - Financial Literacy Classroom Hours','false','2019-12-13','2.0','2','','92','24');
INSERT INTO "pmdm__ServiceDelivery__c" VALUES(340,'Semaj Wall - Financial Literacy Classroom Hours','false','2020-01-10','2.0','2','','156','83');
INSERT INTO "pmdm__ServiceDelivery__c" VALUES(341,'Semaj Wall - Financial Literacy Classroom Hours','false','2019-10-25','2.0','2','','156','83');
INSERT INTO "pmdm__ServiceDelivery__c" VALUES(342,'Semaj Wall - Financial Literacy Classroom Hours','false','2019-09-13','2.0','2','','156','83');
INSERT INTO "pmdm__ServiceDelivery__c" VALUES(343,'Semaj Wall - Financial Literacy Classroom Hours','false','2019-12-13','2.0','2','','156','83');
INSERT INTO "pmdm__ServiceDelivery__c" VALUES(344,'Semaj Wall - Financial Literacy Classroom Hours','false','2019-09-20','2.0','2','','156','83');
INSERT INTO "pmdm__ServiceDelivery__c" VALUES(345,'Semaj Wall - Financial Literacy Classroom Hours','false','2019-11-01','2.0','2','','156','83');
INSERT INTO "pmdm__ServiceDelivery__c" VALUES(346,'Semaj Wall - Financial Literacy Classroom Hours','false','2019-09-27','2.0','2','','156','83');
INSERT INTO "pmdm__ServiceDelivery__c" VALUES(347,'Semaj Wall - Financial Literacy Classroom Hours','false','2019-11-08','2.0','2','','156','83');
INSERT INTO "pmdm__ServiceDelivery__c" VALUES(348,'Semaj Wall - Financial Literacy Classroom Hours','false','2019-11-22','2.0','2','','156','83');
INSERT INTO "pmdm__ServiceDelivery__c" VALUES(349,'Semaj Wall - Financial Literacy Classroom Hours','false','2019-12-20','2.0','2','','156','83');
INSERT INTO "pmdm__ServiceDelivery__c" VALUES(350,'Semaj Wall - Financial Literacy Classroom Hours','false','2019-10-04','2.0','2','','156','83');
INSERT INTO "pmdm__ServiceDelivery__c" VALUES(351,'Semaj Wall - Financial Literacy Classroom Hours','false','2019-10-18','2.0','2','','156','83');
INSERT INTO "pmdm__ServiceDelivery__c" VALUES(352,'Semaj Wall - Financial Literacy Classroom Hours','false','2019-12-06','2.0','2','','156','83');
INSERT INTO "pmdm__ServiceDelivery__c" VALUES(353,'Semaj Wall - Financial Literacy Classroom Hours','false','2019-11-15','2.0','2','','156','83');
INSERT INTO "pmdm__ServiceDelivery__c" VALUES(354,'Semaj Wall - Financial Literacy Classroom Hours','false','2019-10-11','2.0','2','','156','83');
INSERT INTO "pmdm__ServiceDelivery__c" VALUES(355,'Frankie Waller - Financial Literacy Classroom Hours','false','2020-01-10','2.0','2','','157','85');
INSERT INTO "pmdm__ServiceDelivery__c" VALUES(356,'Lucia Cain - Financial Literacy Classroom Hours','false','2019-12-13','2.0','2','','168','93');
INSERT INTO "pmdm__ServiceDelivery__c" VALUES(357,'Lucia Cain - Financial Literacy Classroom Hours','false','2019-12-20','2.0','2','','168','93');
INSERT INTO "pmdm__ServiceDelivery__c" VALUES(358,'Lucia Cain - Financial Literacy Classroom Hours','false','2020-01-10','2.0','2','','168','93');
INSERT INTO "pmdm__ServiceDelivery__c" VALUES(359,'Lucia Cain - Financial Literacy Classroom Hours','false','2019-12-06','2.0','2','','168','93');
INSERT INTO "pmdm__ServiceDelivery__c" VALUES(360,'Alice Irwin - Financial Literacy Classroom Hours','false','2019-12-20','2.0','2','','171','94');
INSERT INTO "pmdm__ServiceDelivery__c" VALUES(361,'Alice Irwin - Financial Literacy Classroom Hours','false','2019-12-06','2.0','2','','171','94');
INSERT INTO "pmdm__ServiceDelivery__c" VALUES(362,'Alice Irwin - Financial Literacy Classroom Hours','false','2019-12-13','2.0','2','','171','94');
INSERT INTO "pmdm__ServiceDelivery__c" VALUES(363,'Alice Irwin - Financial Literacy Classroom Hours','false','2020-01-10','2.0','2','','171','94');
INSERT INTO "pmdm__ServiceDelivery__c" VALUES(364,'Olive Leach - Provide Prenatal Vitamins','false','2019-11-30','30.0','12','','16','9');
INSERT INTO "pmdm__ServiceDelivery__c" VALUES(365,'Olive Leach - Provide Prenatal Vitamins','false','2019-12-31','30.0','12','','16','9');
INSERT INTO "pmdm__ServiceDelivery__c" VALUES(366,'Olive Leach - Provide Prenatal Vitamins','false','2020-01-31','30.0','12','','16','9');
INSERT INTO "pmdm__ServiceDelivery__c" VALUES(367,'Olive Leach - Provide Prenatal Vitamins','false','2019-09-18','30.0','12','','16','9');
INSERT INTO "pmdm__ServiceDelivery__c" VALUES(368,'Olive Leach - Provide Prenatal Vitamins','false','2019-10-30','30.0','12','','16','9');
INSERT INTO "pmdm__ServiceDelivery__c" VALUES(369,'Marisol Gonzales - Provide Prenatal Vitamins','false','2019-10-14','30.0','12','','30','13');
INSERT INTO "pmdm__ServiceDelivery__c" VALUES(370,'Marisol Gonzales - Provide Prenatal Vitamins','false','2019-11-14','30.0','12','','30','13');
INSERT INTO "pmdm__ServiceDelivery__c" VALUES(371,'Marisol Gonzales - Provide Prenatal Vitamins','false','2019-12-13','30.0','12','','30','13');
INSERT INTO "pmdm__ServiceDelivery__c" VALUES(372,'Marisol Gonzales - Provide Prenatal Vitamins','false','2020-01-14','30.0','12','','30','13');
INSERT INTO "pmdm__ServiceDelivery__c" VALUES(373,'Nancy Arroyo - Provide Prenatal Vitamins','false','2019-10-16','30.0','12','','33','15');
INSERT INTO "pmdm__ServiceDelivery__c" VALUES(374,'Nancy Arroyo - Provide Prenatal Vitamins','false','2020-01-16','30.0','12','','33','15');
INSERT INTO "pmdm__ServiceDelivery__c" VALUES(375,'Nancy Arroyo - Provide Prenatal Vitamins','false','2019-11-15','30.0','12','','33','15');
INSERT INTO "pmdm__ServiceDelivery__c" VALUES(376,'Nancy Arroyo - Provide Prenatal Vitamins','false','2019-12-16','30.0','12','','33','15');
INSERT INTO "pmdm__ServiceDelivery__c" VALUES(377,'Dayana Atkins - Provide Prenatal Vitamins','false','2019-11-25','30.0','12','','45','20');
INSERT INTO "pmdm__ServiceDelivery__c" VALUES(378,'Dayana Atkins - Provide Prenatal Vitamins','false','2020-01-24','30.0','12','','45','20');
INSERT INTO "pmdm__ServiceDelivery__c" VALUES(379,'Dayana Atkins - Provide Prenatal Vitamins','false','2019-12-23','30.0','12','','45','20');
INSERT INTO "pmdm__ServiceDelivery__c" VALUES(380,'Juliette Cisneros - Provide Prenatal Vitamins','false','2019-11-20','30.0','12','','106','42');
INSERT INTO "pmdm__ServiceDelivery__c" VALUES(381,'Juliette Cisneros - Provide Prenatal Vitamins','false','2019-12-20','30.0','12','','106','42');
INSERT INTO "pmdm__ServiceDelivery__c" VALUES(382,'Juliette Cisneros - Provide Prenatal Vitamins','false','2020-01-20','30.0','12','','106','42');
INSERT INTO "pmdm__ServiceDelivery__c" VALUES(383,'Olive Leach - Prenatal Care Sessions (appointments and walk-ins)','false','2019-10-30','1.0','13','','16','9');
INSERT INTO "pmdm__ServiceDelivery__c" VALUES(384,'Olive Leach - Prenatal Care Sessions (appointments and walk-ins)','false','2019-09-18','1.0','13','','16','9');
INSERT INTO "pmdm__ServiceDelivery__c" VALUES(385,'Marisol Gonzales - Prenatal Care Sessions (appointments and walk-ins)','false','2019-10-14','1.0','13','','30','13');
INSERT INTO "pmdm__ServiceDelivery__c" VALUES(386,'Nancy Arroyo - Prenatal Care Sessions (appointments and walk-ins)','false','2019-10-16','1.0','13','','33','15');
INSERT INTO "pmdm__ServiceDelivery__c" VALUES(387,'Dayana Atkins - Prenatal Care Sessions (appointments and walk-ins)','false','2019-11-25','1.0','13','','45','20');
INSERT INTO "pmdm__ServiceDelivery__c" VALUES(388,'Caylee Pollard - Prenatal Care Sessions (appointments and walk-ins)','false','2019-10-22','1.0','13','','60','28');
INSERT INTO "pmdm__ServiceDelivery__c" VALUES(389,'Simone Keller - Prenatal Care Sessions (appointments and walk-ins)','false','2019-08-12','1.0','13','','63','29');
INSERT INTO "pmdm__ServiceDelivery__c" VALUES(390,'Simone Keller - Prenatal Care Sessions (appointments and walk-ins)','false','2019-09-25','1.0','13','','63','29');
INSERT INTO "pmdm__ServiceDelivery__c" VALUES(391,'Violet Ellis - Prenatal Care Sessions (appointments and walk-ins)','false','2019-08-14','1.0','13','','64','30');
INSERT INTO "pmdm__ServiceDelivery__c" VALUES(392,'Violet Ellis - Prenatal Care Sessions (appointments and walk-ins)','false','2019-10-02','1.0','13','','64','30');
INSERT INTO "pmdm__ServiceDelivery__c" VALUES(393,'Violet Ellis - Prenatal Care Sessions (appointments and walk-ins)','false','2019-11-13','1.0','13','','64','30');
INSERT INTO "pmdm__ServiceDelivery__c" VALUES(394,'Emelia Fletcher - Prenatal Care Sessions (appointments and walk-ins)','false','2019-11-25','1.0','13','','73','35');
INSERT INTO "pmdm__ServiceDelivery__c" VALUES(395,'Mira Olson - Prenatal Care Sessions (appointments and walk-ins)','false','2020-02-03','1.0','13','','76','37');
INSERT INTO "pmdm__ServiceDelivery__c" VALUES(396,'Juliette Cisneros - Prenatal Care Sessions (appointments and walk-ins)','false','2019-11-20','1.0','13','','106','42');
INSERT INTO "pmdm__ServiceDelivery__c" VALUES(397,'Amelie Bond - Prenatal Care Sessions (appointments and walk-ins)','false','2019-09-11','1.0','13','','114','46');
INSERT INTO "pmdm__ServiceDelivery__c" VALUES(398,'Amelie Bond - Prenatal Care Sessions (appointments and walk-ins)','false','2019-08-07','1.0','13','','114','46');
INSERT INTO "pmdm__ServiceDelivery__c" VALUES(399,'Julie Myers - Prenatal Care Sessions (appointments and walk-ins)','false','2019-12-11','1.0','13','','115','47');
INSERT INTO "pmdm__ServiceDelivery__c" VALUES(400,'Julie Myers - Prenatal Care Sessions (appointments and walk-ins)','false','2020-01-14','1.0','13','','115','47');
INSERT INTO "pmdm__ServiceDelivery__c" VALUES(401,'Anika Solomon - Prenatal Care Sessions (appointments and walk-ins)','false','2019-12-02','1.0','13','','81','48');
INSERT INTO "pmdm__ServiceDelivery__c" VALUES(402,'Cora Hall - Prenatal Care Sessions (appointments and walk-ins)','false','2019-09-12','1.0','13','','147','74');
INSERT INTO "pmdm__ServiceDelivery__c" VALUES(403,'Cora Hall - Prenatal Care Sessions (appointments and walk-ins)','false','2019-08-07','1.0','13','','147','74');
INSERT INTO "pmdm__ServiceDelivery__c" VALUES(404,'Delilah Ibarra - Prenatal Care Sessions (appointments and walk-ins)','false','2019-08-07','1.0','13','','150','76');
INSERT INTO "pmdm__ServiceDelivery__c" VALUES(405,'Delilah Ibarra - Prenatal Care Sessions (appointments and walk-ins)','false','2019-09-13','1.0','13','','150','76');
INSERT INTO "pmdm__ServiceDelivery__c" VALUES(406,'Lauryn Odom - Prenatal Care Sessions (appointments and walk-ins)','false','2019-09-05','1.0','13','','154','80');
INSERT INTO "pmdm__ServiceDelivery__c" VALUES(407,'Lauryn Odom - Prenatal Care Sessions (appointments and walk-ins)','false','2019-08-14','1.0','13','','154','80');
INSERT INTO "pmdm__ServiceDelivery__c" VALUES(408,'Karissa Aguilar - Prenatal Care Sessions (appointments and walk-ins)','false','2019-09-11','1.0','13','','161','88');
INSERT INTO "pmdm__ServiceDelivery__c" VALUES(409,'Karissa Aguilar - Prenatal Care Sessions (appointments and walk-ins)','false','2019-11-25','1.0','13','','161','88');
INSERT INTO "pmdm__ServiceDelivery__c" VALUES(410,'Karissa Aguilar - Prenatal Care Sessions (appointments and walk-ins)','false','2019-10-15','1.0','13','','161','88');
INSERT INTO "pmdm__ServiceDelivery__c" VALUES(411,'Karissa Aguilar - Prenatal Care Sessions (appointments and walk-ins)','false','2019-08-14','1.0','13','','161','88');
INSERT INTO "pmdm__ServiceDelivery__c" VALUES(412,'Laura Woodard - Prenatal Care Sessions (appointments and walk-ins)','false','2020-01-10','1.0','13','','2','99');
INSERT INTO "pmdm__ServiceDelivery__c" VALUES(413,'Marisol Gonzales - Refer to Caregivers Support Group','false','2020-01-07','1.0','14','','30','13');
INSERT INTO "pmdm__ServiceDelivery__c" VALUES(414,'Audrina Rojas - Refer to Caregivers Support Group','false','2019-12-10','1.0','14','','56','26');
INSERT INTO "pmdm__ServiceDelivery__c" VALUES(415,'Emelia Fletcher - Refer to Caregivers Support Group','false','2019-11-06','1.0','14','','73','35');
INSERT INTO "pmdm__ServiceDelivery__c" VALUES(416,'Julie Myers - Refer to Caregivers Support Group','false','2020-01-16','1.0','14','','115','47');
INSERT INTO "pmdm__ServiceDelivery__c" VALUES(417,'Cora Hall - Refer to Caregivers Support Group','false','2019-09-12','1.0','14','','147','74');
INSERT INTO "pmdm__ServiceDelivery__c" VALUES(418,'Delilah Ibarra - Refer to Caregivers Support Group','false','2019-11-13','1.0','14','','150','76');
INSERT INTO "pmdm__ServiceDelivery__c" VALUES(419,'Lauryn Odom - Refer to Caregivers Support Group','false','2019-09-14','1.0','14','','154','80');
INSERT INTO "pmdm__ServiceDelivery__c" VALUES(420,'Karissa Aguilar - Refer to Caregivers Support Group','false','2019-11-25','','14','','161','88');
INSERT INTO "pmdm__ServiceDelivery__c" VALUES(421,'Karissa Aguilar - Refer to Caregivers Support Group','false','2019-10-14','1.0','14','','161','88');
INSERT INTO "pmdm__ServiceDelivery__c" VALUES(422,'Naima Crawford - Middle School STEM Classroom Hours','false','2019-11-20','2.0','8','','110','2');
INSERT INTO "pmdm__ServiceDelivery__c" VALUES(423,'Naima Crawford - Middle School STEM Classroom Hours','false','2019-09-11','2.0','8','','110','2');
INSERT INTO "pmdm__ServiceDelivery__c" VALUES(424,'Naima Crawford - Middle School STEM Classroom Hours','false','2019-10-16','2.0','8','','110','2');
INSERT INTO "pmdm__ServiceDelivery__c" VALUES(425,'Naima Crawford - Middle School STEM Classroom Hours','false','2019-12-04','2.0','8','','110','2');
INSERT INTO "pmdm__ServiceDelivery__c" VALUES(426,'Naima Crawford - Middle School STEM Classroom Hours','false','2019-10-09','2.0','8','','110','2');
INSERT INTO "pmdm__ServiceDelivery__c" VALUES(427,'Naima Crawford - Middle School STEM Classroom Hours','false','2019-12-18','2.0','8','','110','2');
INSERT INTO "pmdm__ServiceDelivery__c" VALUES(428,'Naima Crawford - Middle School STEM Classroom Hours','false','2020-01-08','2.0','8','','110','2');
INSERT INTO "pmdm__ServiceDelivery__c" VALUES(429,'Naima Crawford - Middle School STEM Classroom Hours','false','2019-11-13','2.0','8','','110','2');
INSERT INTO "pmdm__ServiceDelivery__c" VALUES(430,'Naima Crawford - Middle School STEM Classroom Hours','false','2019-10-23','2.0','8','','110','2');
INSERT INTO "pmdm__ServiceDelivery__c" VALUES(431,'Naima Crawford - Middle School STEM Classroom Hours','false','2019-09-18','2.0','8','','110','2');
INSERT INTO "pmdm__ServiceDelivery__c" VALUES(432,'Naima Crawford - Middle School STEM Classroom Hours','false','2019-09-25','2.0','8','','110','2');
INSERT INTO "pmdm__ServiceDelivery__c" VALUES(433,'Naima Crawford - Middle School STEM Classroom Hours','false','2019-12-11','2.0','8','','110','2');
INSERT INTO "pmdm__ServiceDelivery__c" VALUES(434,'Naima Crawford - Middle School STEM Classroom Hours','false','2019-11-06','2.0','8','','110','2');
INSERT INTO "pmdm__ServiceDelivery__c" VALUES(435,'Naima Crawford - Middle School STEM Classroom Hours','false','2019-10-30','2.0','8','','110','2');
INSERT INTO "pmdm__ServiceDelivery__c" VALUES(436,'Naima Crawford - Middle School STEM Classroom Hours','false','2019-10-02','2.0','8','','110','2');
INSERT INTO "pmdm__ServiceDelivery__c" VALUES(437,'Jessica Woods - Middle School STEM Classroom Hours','false','2019-12-11','2.0','8','','47','11');
INSERT INTO "pmdm__ServiceDelivery__c" VALUES(438,'Jessica Woods - Middle School STEM Classroom Hours','false','2019-12-04','2.0','8','','47','11');
INSERT INTO "pmdm__ServiceDelivery__c" VALUES(439,'Jessica Woods - Middle School STEM Classroom Hours','false','2019-11-13','2.0','8','','47','11');
INSERT INTO "pmdm__ServiceDelivery__c" VALUES(440,'Jessica Woods - Middle School STEM Classroom Hours','false','2019-09-25','2.0','8','','47','11');
INSERT INTO "pmdm__ServiceDelivery__c" VALUES(441,'Jessica Woods - Middle School STEM Classroom Hours','false','2019-09-18','2.0','8','','47','11');
INSERT INTO "pmdm__ServiceDelivery__c" VALUES(442,'Jessica Woods - Middle School STEM Classroom Hours','false','2019-10-16','2.0','8','','47','11');
INSERT INTO "pmdm__ServiceDelivery__c" VALUES(443,'Jessica Woods - Middle School STEM Classroom Hours','false','2019-11-06','2.0','8','','47','11');
INSERT INTO "pmdm__ServiceDelivery__c" VALUES(444,'Jessica Woods - Middle School STEM Classroom Hours','false','2019-11-20','2.0','8','','47','11');
INSERT INTO "pmdm__ServiceDelivery__c" VALUES(445,'Jessica Woods - Middle School STEM Classroom Hours','false','2019-09-11','2.0','8','','47','11');
INSERT INTO "pmdm__ServiceDelivery__c" VALUES(446,'Jessica Woods - Middle School STEM Classroom Hours','false','2019-10-02','2.0','8','','47','11');
INSERT INTO "pmdm__ServiceDelivery__c" VALUES(447,'Jessica Woods - Middle School STEM Classroom Hours','false','2019-10-23','2.0','8','','47','11');
INSERT INTO "pmdm__ServiceDelivery__c" VALUES(448,'Jessica Woods - Middle School STEM Classroom Hours','false','2019-10-30','2.0','8','','47','11');
INSERT INTO "pmdm__ServiceDelivery__c" VALUES(449,'Jessica Woods - Middle School STEM Classroom Hours','false','2019-10-09','2.0','8','','47','11');
INSERT INTO "pmdm__ServiceDelivery__c" VALUES(450,'Jessica Woods - Middle School STEM Classroom Hours','false','2019-12-18','2.0','8','','47','11');
INSERT INTO "pmdm__ServiceDelivery__c" VALUES(451,'Jessica Woods - Middle School STEM Classroom Hours','false','2020-01-08','2.0','8','','47','11');
INSERT INTO "pmdm__ServiceDelivery__c" VALUES(452,'Alia Duarte - Middle School STEM Classroom Hours','false','2019-12-04','2.0','8','','24','100');
INSERT INTO "pmdm__ServiceDelivery__c" VALUES(453,'Alia Duarte - Middle School STEM Classroom Hours','false','2019-12-11','2.0','8','','24','100');
INSERT INTO "pmdm__ServiceDelivery__c" VALUES(454,'Alia Duarte - Middle School STEM Classroom Hours','false','2019-10-30','2.0','8','','24','100');
INSERT INTO "pmdm__ServiceDelivery__c" VALUES(455,'Alia Duarte - Middle School STEM Classroom Hours','false','2019-09-18','2.0','8','','24','100');
INSERT INTO "pmdm__ServiceDelivery__c" VALUES(456,'Alia Duarte - Middle School STEM Classroom Hours','false','2019-09-11','2.0','8','','24','100');
INSERT INTO "pmdm__ServiceDelivery__c" VALUES(457,'Alia Duarte - Middle School STEM Classroom Hours','false','2019-10-02','2.0','8','','24','100');
INSERT INTO "pmdm__ServiceDelivery__c" VALUES(458,'Alia Duarte - Middle School STEM Classroom Hours','false','2019-10-09','2.0','8','','24','100');
INSERT INTO "pmdm__ServiceDelivery__c" VALUES(459,'Alia Duarte - Middle School STEM Classroom Hours','false','2019-10-23','2.0','8','','24','100');
INSERT INTO "pmdm__ServiceDelivery__c" VALUES(460,'Alia Duarte - Middle School STEM Classroom Hours','false','2019-11-06','2.0','8','','24','100');
INSERT INTO "pmdm__ServiceDelivery__c" VALUES(461,'Alia Duarte - Middle School STEM Classroom Hours','false','2019-11-20','2.0','8','','24','100');
INSERT INTO "pmdm__ServiceDelivery__c" VALUES(462,'Alia Duarte - Middle School STEM Classroom Hours','false','2019-12-18','2.0','8','','24','100');
INSERT INTO "pmdm__ServiceDelivery__c" VALUES(463,'Alia Duarte - Middle School STEM Classroom Hours','false','2019-09-25','2.0','8','','24','100');
INSERT INTO "pmdm__ServiceDelivery__c" VALUES(464,'Alia Duarte - Middle School STEM Classroom Hours','false','2019-11-13','2.0','8','','24','100');
INSERT INTO "pmdm__ServiceDelivery__c" VALUES(465,'Alia Duarte - Middle School STEM Classroom Hours','false','2019-10-16','2.0','8','','24','100');
INSERT INTO "pmdm__ServiceDelivery__c" VALUES(466,'Alia Duarte - Middle School STEM Classroom Hours','false','2020-01-08','2.0','8','','24','100');
INSERT INTO "pmdm__ServiceDelivery__c" VALUES(467,'Taniyah Rios - Middle School STEM Classroom Hours','false','2019-10-30','2.0','8','','38','19');
INSERT INTO "pmdm__ServiceDelivery__c" VALUES(468,'Taniyah Rios - Middle School STEM Classroom Hours','false','2019-09-18','2.0','8','','38','19');
INSERT INTO "pmdm__ServiceDelivery__c" VALUES(469,'Taniyah Rios - Middle School STEM Classroom Hours','false','2019-10-02','2.0','8','','38','19');
INSERT INTO "pmdm__ServiceDelivery__c" VALUES(470,'Taniyah Rios - Middle School STEM Classroom Hours','false','2019-11-13','2.0','8','','38','19');
INSERT INTO "pmdm__ServiceDelivery__c" VALUES(471,'Taniyah Rios - Middle School STEM Classroom Hours','false','2019-11-20','2.0','8','','38','19');
INSERT INTO "pmdm__ServiceDelivery__c" VALUES(472,'Taniyah Rios - Middle School STEM Classroom Hours','false','2020-01-08','2.0','8','','38','19');
INSERT INTO "pmdm__ServiceDelivery__c" VALUES(473,'Taniyah Rios - Middle School STEM Classroom Hours','false','2019-09-25','2.0','8','','38','19');
INSERT INTO "pmdm__ServiceDelivery__c" VALUES(474,'Taniyah Rios - Middle School STEM Classroom Hours','false','2019-11-06','2.0','8','','38','19');
INSERT INTO "pmdm__ServiceDelivery__c" VALUES(475,'Taniyah Rios - Middle School STEM Classroom Hours','false','2019-10-09','2.0','8','','38','19');
INSERT INTO "pmdm__ServiceDelivery__c" VALUES(476,'Taniyah Rios - Middle School STEM Classroom Hours','false','2019-12-18','2.0','8','','38','19');
INSERT INTO "pmdm__ServiceDelivery__c" VALUES(477,'Taniyah Rios - Middle School STEM Classroom Hours','false','2019-09-11','2.0','8','','38','19');
INSERT INTO "pmdm__ServiceDelivery__c" VALUES(478,'Taniyah Rios - Middle School STEM Classroom Hours','false','2019-12-11','2.0','8','','38','19');
INSERT INTO "pmdm__ServiceDelivery__c" VALUES(479,'Taniyah Rios - Middle School STEM Classroom Hours','false','2019-12-04','2.0','8','','38','19');
INSERT INTO "pmdm__ServiceDelivery__c" VALUES(480,'Taniyah Rios - Middle School STEM Classroom Hours','false','2019-10-16','2.0','8','','38','19');
INSERT INTO "pmdm__ServiceDelivery__c" VALUES(481,'Taniyah Rios - Middle School STEM Classroom Hours','false','2019-10-23','2.0','8','','38','19');
INSERT INTO "pmdm__ServiceDelivery__c" VALUES(482,'Casey Kline - Middle School STEM Classroom Hours','false','2019-12-11','2.0','8','','50','22');
INSERT INTO "pmdm__ServiceDelivery__c" VALUES(483,'Casey Kline - Middle School STEM Classroom Hours','false','2019-09-11','2.0','8','','50','22');
INSERT INTO "pmdm__ServiceDelivery__c" VALUES(484,'Casey Kline - Middle School STEM Classroom Hours','false','2019-11-13','2.0','8','','50','22');
INSERT INTO "pmdm__ServiceDelivery__c" VALUES(485,'Casey Kline - Middle School STEM Classroom Hours','false','2019-12-04','2.0','8','','50','22');
INSERT INTO "pmdm__ServiceDelivery__c" VALUES(486,'Casey Kline - Middle School STEM Classroom Hours','false','2019-09-18','2.0','8','','50','22');
INSERT INTO "pmdm__ServiceDelivery__c" VALUES(487,'Casey Kline - Middle School STEM Classroom Hours','false','2019-09-25','2.0','8','','50','22');
INSERT INTO "pmdm__ServiceDelivery__c" VALUES(488,'Casey Kline - Middle School STEM Classroom Hours','false','2019-11-20','2.0','8','','50','22');
INSERT INTO "pmdm__ServiceDelivery__c" VALUES(489,'Casey Kline - Middle School STEM Classroom Hours','false','2019-11-06','2.0','8','','50','22');
INSERT INTO "pmdm__ServiceDelivery__c" VALUES(490,'Casey Kline - Middle School STEM Classroom Hours','false','2019-10-16','2.0','8','','50','22');
INSERT INTO "pmdm__ServiceDelivery__c" VALUES(491,'Casey Kline - Middle School STEM Classroom Hours','false','2019-10-30','2.0','8','','50','22');
INSERT INTO "pmdm__ServiceDelivery__c" VALUES(492,'Casey Kline - Middle School STEM Classroom Hours','false','2019-12-18','2.0','8','','50','22');
INSERT INTO "pmdm__ServiceDelivery__c" VALUES(493,'Casey Kline - Middle School STEM Classroom Hours','false','2019-10-02','2.0','8','','50','22');
INSERT INTO "pmdm__ServiceDelivery__c" VALUES(494,'Casey Kline - Middle School STEM Classroom Hours','false','2019-10-23','2.0','8','','50','22');
INSERT INTO "pmdm__ServiceDelivery__c" VALUES(495,'Casey Kline - Middle School STEM Classroom Hours','false','2019-10-09','2.0','8','','50','22');
INSERT INTO "pmdm__ServiceDelivery__c" VALUES(496,'Casey Kline - Middle School STEM Classroom Hours','false','2020-01-08','2.0','8','','50','22');
INSERT INTO "pmdm__ServiceDelivery__c" VALUES(497,'Diego Case - Middle School STEM Classroom Hours','false','2019-09-11','2.0','8','','52','23');
INSERT INTO "pmdm__ServiceDelivery__c" VALUES(498,'Diego Case - Middle School STEM Classroom Hours','false','2019-10-16','2.0','8','','52','23');
INSERT INTO "pmdm__ServiceDelivery__c" VALUES(499,'Diego Case - Middle School STEM Classroom Hours','false','2019-10-23','2.0','8','','52','23');
INSERT INTO "pmdm__ServiceDelivery__c" VALUES(500,'Diego Case - Middle School STEM Classroom Hours','false','2019-10-30','2.0','8','','52','23');
INSERT INTO "pmdm__ServiceDelivery__c" VALUES(501,'Diego Case - Middle School STEM Classroom Hours','false','2019-09-18','2.0','8','','52','23');
INSERT INTO "pmdm__ServiceDelivery__c" VALUES(502,'Diego Case - Middle School STEM Classroom Hours','false','2019-09-25','2.0','8','','52','23');
INSERT INTO "pmdm__ServiceDelivery__c" VALUES(503,'Diego Case - Middle School STEM Classroom Hours','false','2019-10-09','2.0','8','','52','23');
INSERT INTO "pmdm__ServiceDelivery__c" VALUES(504,'Diego Case - Middle School STEM Classroom Hours','false','2019-12-11','2.0','8','','52','23');
INSERT INTO "pmdm__ServiceDelivery__c" VALUES(505,'Diego Case - Middle School STEM Classroom Hours','false','2019-12-18','2.0','8','','52','23');
INSERT INTO "pmdm__ServiceDelivery__c" VALUES(506,'Diego Case - Middle School STEM Classroom Hours','false','2019-11-06','2.0','8','','52','23');
INSERT INTO "pmdm__ServiceDelivery__c" VALUES(507,'Diego Case - Middle School STEM Classroom Hours','false','2019-11-13','2.0','8','','52','23');
INSERT INTO "pmdm__ServiceDelivery__c" VALUES(508,'Diego Case - Middle School STEM Classroom Hours','false','2019-11-20','2.0','8','','52','23');
INSERT INTO "pmdm__ServiceDelivery__c" VALUES(509,'Diego Case - Middle School STEM Classroom Hours','false','2019-12-04','2.0','8','','52','23');
INSERT INTO "pmdm__ServiceDelivery__c" VALUES(510,'Diego Case - Middle School STEM Classroom Hours','false','2019-10-02','2.0','8','','52','23');
INSERT INTO "pmdm__ServiceDelivery__c" VALUES(511,'Diego Case - Middle School STEM Classroom Hours','false','2020-01-08','2.0','8','','52','23');
INSERT INTO "pmdm__ServiceDelivery__c" VALUES(512,'Alana Owen - Middle School STEM Classroom Hours','false','2019-09-11','2.0','8','','107','44');
INSERT INTO "pmdm__ServiceDelivery__c" VALUES(513,'Alana Owen - Middle School STEM Classroom Hours','false','2019-09-25','2.0','8','','107','44');
INSERT INTO "pmdm__ServiceDelivery__c" VALUES(514,'Alana Owen - Middle School STEM Classroom Hours','false','2019-10-30','2.0','8','','107','44');
INSERT INTO "pmdm__ServiceDelivery__c" VALUES(515,'Alana Owen - Middle School STEM Classroom Hours','false','2019-12-18','2.0','8','','107','44');
INSERT INTO "pmdm__ServiceDelivery__c" VALUES(516,'Alana Owen - Middle School STEM Classroom Hours','false','2019-11-06','2.0','8','','107','44');
INSERT INTO "pmdm__ServiceDelivery__c" VALUES(517,'Alana Owen - Middle School STEM Classroom Hours','false','2019-10-16','2.0','8','','107','44');
INSERT INTO "pmdm__ServiceDelivery__c" VALUES(518,'Alana Owen - Middle School STEM Classroom Hours','false','2019-10-02','2.0','8','','107','44');
INSERT INTO "pmdm__ServiceDelivery__c" VALUES(519,'Alana Owen - Middle School STEM Classroom Hours','false','2019-12-04','2.0','8','','107','44');
INSERT INTO "pmdm__ServiceDelivery__c" VALUES(520,'Alana Owen - Middle School STEM Classroom Hours','false','2019-12-11','2.0','8','','107','44');
INSERT INTO "pmdm__ServiceDelivery__c" VALUES(521,'Alana Owen - Middle School STEM Classroom Hours','false','2019-10-23','2.0','8','','107','44');
INSERT INTO "pmdm__ServiceDelivery__c" VALUES(522,'Alana Owen - Middle School STEM Classroom Hours','false','2019-11-13','2.0','8','','107','44');
INSERT INTO "pmdm__ServiceDelivery__c" VALUES(523,'Alana Owen - Middle School STEM Classroom Hours','false','2019-11-20','2.0','8','','107','44');
INSERT INTO "pmdm__ServiceDelivery__c" VALUES(524,'Alana Owen - Middle School STEM Classroom Hours','false','2019-09-18','2.0','8','','107','44');
INSERT INTO "pmdm__ServiceDelivery__c" VALUES(525,'Yuliana Bird - Middle School STEM Classroom Hours','false','2019-12-18','2.0','8','','133','64');
INSERT INTO "pmdm__ServiceDelivery__c" VALUES(526,'Yuliana Bird - Middle School STEM Classroom Hours','false','2019-11-13','2.0','8','','133','64');
INSERT INTO "pmdm__ServiceDelivery__c" VALUES(527,'Yuliana Bird - Middle School STEM Classroom Hours','false','2019-10-30','2.0','8','','133','64');
INSERT INTO "pmdm__ServiceDelivery__c" VALUES(528,'Yuliana Bird - Middle School STEM Classroom Hours','false','2019-12-11','2.0','8','','133','64');
INSERT INTO "pmdm__ServiceDelivery__c" VALUES(529,'Yuliana Bird - Middle School STEM Classroom Hours','false','2019-10-16','2.0','8','','133','64');
INSERT INTO "pmdm__ServiceDelivery__c" VALUES(530,'Yuliana Bird - Middle School STEM Classroom Hours','false','2019-11-20','2.0','8','','133','64');
INSERT INTO "pmdm__ServiceDelivery__c" VALUES(531,'Yuliana Bird - Middle School STEM Classroom Hours','false','2019-10-09','2.0','8','','133','64');
INSERT INTO "pmdm__ServiceDelivery__c" VALUES(532,'Yuliana Bird - Middle School STEM Classroom Hours','false','2019-11-06','2.0','8','','133','64');
INSERT INTO "pmdm__ServiceDelivery__c" VALUES(533,'Yuliana Bird - Middle School STEM Classroom Hours','false','2019-10-23','2.0','8','','133','64');
INSERT INTO "pmdm__ServiceDelivery__c" VALUES(534,'Yuliana Bird - Middle School STEM Classroom Hours','false','2019-09-11','2.0','8','','133','64');
INSERT INTO "pmdm__ServiceDelivery__c" VALUES(535,'Yuliana Bird - Middle School STEM Classroom Hours','false','2019-09-18','2.0','8','','133','64');
INSERT INTO "pmdm__ServiceDelivery__c" VALUES(536,'Yuliana Bird - Middle School STEM Classroom Hours','false','2019-12-04','2.0','8','','133','64');
INSERT INTO "pmdm__ServiceDelivery__c" VALUES(537,'Yuliana Bird - Middle School STEM Classroom Hours','false','2019-09-25','2.0','8','','133','64');
INSERT INTO "pmdm__ServiceDelivery__c" VALUES(538,'Yuliana Bird - Middle School STEM Classroom Hours','false','2019-10-02','2.0','8','','133','64');
INSERT INTO "pmdm__ServiceDelivery__c" VALUES(539,'Yuliana Bird - Middle School STEM Classroom Hours','false','2020-01-08','2.0','8','','133','64');
INSERT INTO "pmdm__ServiceDelivery__c" VALUES(540,'Abraham Sims - Middle School STEM Classroom Hours','false','2019-10-09','2.0','8','','145','73');
INSERT INTO "pmdm__ServiceDelivery__c" VALUES(541,'Abraham Sims - Middle School STEM Classroom Hours','false','2019-10-02','2.0','8','','145','73');
INSERT INTO "pmdm__ServiceDelivery__c" VALUES(542,'Abraham Sims - Middle School STEM Classroom Hours','false','2019-09-25','2.0','8','','145','73');
INSERT INTO "pmdm__ServiceDelivery__c" VALUES(543,'Abraham Sims - Middle School STEM Classroom Hours','false','2019-10-16','2.0','8','','145','73');
INSERT INTO "pmdm__ServiceDelivery__c" VALUES(544,'Abraham Sims - Middle School STEM Classroom Hours','false','2019-10-23','2.0','8','','145','73');
INSERT INTO "pmdm__ServiceDelivery__c" VALUES(545,'Abraham Sims - Middle School STEM Classroom Hours','false','2019-09-11','2.0','8','','145','73');
INSERT INTO "pmdm__ServiceDelivery__c" VALUES(546,'Abraham Sims - Middle School STEM Classroom Hours','false','2019-12-04','2.0','8','','145','73');
INSERT INTO "pmdm__ServiceDelivery__c" VALUES(547,'Abraham Sims - Middle School STEM Classroom Hours','false','2019-12-11','2.0','8','','145','73');
INSERT INTO "pmdm__ServiceDelivery__c" VALUES(548,'Abraham Sims - Middle School STEM Classroom Hours','false','2019-09-18','2.0','8','','145','73');
INSERT INTO "pmdm__ServiceDelivery__c" VALUES(549,'Abraham Sims - Middle School STEM Classroom Hours','false','2019-11-20','2.0','8','','145','73');
INSERT INTO "pmdm__ServiceDelivery__c" VALUES(550,'Abraham Sims - Middle School STEM Classroom Hours','false','2019-11-06','2.0','8','','145','73');
INSERT INTO "pmdm__ServiceDelivery__c" VALUES(551,'Abraham Sims - Middle School STEM Classroom Hours','false','2019-10-30','2.0','8','','145','73');
INSERT INTO "pmdm__ServiceDelivery__c" VALUES(552,'Abraham Sims - Middle School STEM Classroom Hours','false','2019-12-18','2.0','8','','145','73');
INSERT INTO "pmdm__ServiceDelivery__c" VALUES(553,'Abraham Sims - Middle School STEM Classroom Hours','false','2019-11-13','2.0','8','','145','73');
INSERT INTO "pmdm__ServiceDelivery__c" VALUES(554,'Ayanna Gonzalez - Middle School STEM Classroom Hours','false','2019-10-16','2.0','8','','152','79');
INSERT INTO "pmdm__ServiceDelivery__c" VALUES(555,'Ayanna Gonzalez - Middle School STEM Classroom Hours','false','2019-10-23','2.0','8','','152','79');
INSERT INTO "pmdm__ServiceDelivery__c" VALUES(556,'Ayanna Gonzalez - Middle School STEM Classroom Hours','false','2019-10-02','2.0','8','','152','79');
INSERT INTO "pmdm__ServiceDelivery__c" VALUES(557,'Ayanna Gonzalez - Middle School STEM Classroom Hours','false','2019-10-09','2.0','8','','152','79');
INSERT INTO "pmdm__ServiceDelivery__c" VALUES(558,'Ayanna Gonzalez - Middle School STEM Classroom Hours','false','2019-11-20','2.0','8','','152','79');
INSERT INTO "pmdm__ServiceDelivery__c" VALUES(559,'Ayanna Gonzalez - Middle School STEM Classroom Hours','false','2019-12-11','2.0','8','','152','79');
INSERT INTO "pmdm__ServiceDelivery__c" VALUES(560,'Ayanna Gonzalez - Middle School STEM Classroom Hours','false','2019-12-18','2.0','8','','152','79');
INSERT INTO "pmdm__ServiceDelivery__c" VALUES(561,'Ayanna Gonzalez - Middle School STEM Classroom Hours','false','2019-09-18','2.0','8','','152','79');
INSERT INTO "pmdm__ServiceDelivery__c" VALUES(562,'Ayanna Gonzalez - Middle School STEM Classroom Hours','false','2019-12-04','2.0','8','','152','79');
INSERT INTO "pmdm__ServiceDelivery__c" VALUES(563,'Ayanna Gonzalez - Middle School STEM Classroom Hours','false','2019-09-11','2.0','8','','152','79');
INSERT INTO "pmdm__ServiceDelivery__c" VALUES(564,'Ayanna Gonzalez - Middle School STEM Classroom Hours','false','2019-11-13','2.0','8','','152','79');
INSERT INTO "pmdm__ServiceDelivery__c" VALUES(565,'Ayanna Gonzalez - Middle School STEM Classroom Hours','false','2019-09-25','2.0','8','','152','79');
INSERT INTO "pmdm__ServiceDelivery__c" VALUES(566,'Ayanna Gonzalez - Middle School STEM Classroom Hours','false','2019-11-06','2.0','8','','152','79');
INSERT INTO "pmdm__ServiceDelivery__c" VALUES(567,'Ayanna Gonzalez - Middle School STEM Classroom Hours','false','2019-10-30','2.0','8','','152','79');
INSERT INTO "pmdm__ServiceDelivery__c" VALUES(568,'Ayanna Gonzalez - Middle School STEM Classroom Hours','false','2020-01-08','2.0','8','','152','79');
INSERT INTO "pmdm__ServiceDelivery__c" VALUES(569,'Naima Crawford - STEM Field Trips','false','2019-11-25','1.0','9','','110','2');
INSERT INTO "pmdm__ServiceDelivery__c" VALUES(570,'Jessica Woods - STEM Field Trips','false','2019-11-25','1.0','9','','47','11');
INSERT INTO "pmdm__ServiceDelivery__c" VALUES(571,'Alia Duarte - STEM Field Trips','false','2019-11-25','1.0','9','','24','100');
INSERT INTO "pmdm__ServiceDelivery__c" VALUES(572,'Taniyah Rios - STEM Field Trips','false','2019-11-25','1.0','9','','38','19');
INSERT INTO "pmdm__ServiceDelivery__c" VALUES(573,'Casey Kline - STEM Field Trips','false','2019-11-25','1.0','9','','50','22');
INSERT INTO "pmdm__ServiceDelivery__c" VALUES(574,'Diego Case - STEM Field Trips','false','2019-11-25','1.0','9','','52','23');
INSERT INTO "pmdm__ServiceDelivery__c" VALUES(575,'Alana Owen - STEM Field Trips','false','2019-11-25','1.0','9','','107','44');
INSERT INTO "pmdm__ServiceDelivery__c" VALUES(576,'Alana Owen - STEM Field Trips','false','2019-11-25','','9','','107','44');
INSERT INTO "pmdm__ServiceDelivery__c" VALUES(577,'Yuliana Bird - STEM Field Trips','false','2019-11-25','1.0','9','','133','64');
INSERT INTO "pmdm__ServiceDelivery__c" VALUES(578,'Abraham Sims - STEM Field Trips','false','2019-11-25','1.0','9','','145','73');
INSERT INTO "pmdm__ServiceDelivery__c" VALUES(579,'Ayanna Gonzalez - STEM Field Trips','false','2019-11-25','1.0','9','','152','79');
INSERT INTO "pmdm__ServiceDelivery__c" VALUES(580,'Leon Clayton - Town Hall Meeting, 1/8/2020','false','2020-01-08','1.0','10','','120','50');
INSERT INTO "pmdm__ServiceDelivery__c" VALUES(581,'Marc Richard - Town Hall Meeting, 1/8/2020','false','2020-01-08','1.0','10','','121','51');
INSERT INTO "pmdm__ServiceDelivery__c" VALUES(582,'John Mills - Town Hall Meeting, 1/8/2020','false','2020-01-08','1.0','10','','138','66');
INSERT INTO "pmdm__ServiceDelivery__c" VALUES(583,'Shannon Greene - Town Hall Meeting, 1/8/2020','false','2020-01-08','1.0','10','','139','67');
INSERT INTO "pmdm__ServiceDelivery__c" VALUES(584,'Marcus Huynh - Town Hall Meeting, 1/8/2020','false','2020-01-08','1.0','10','','141','70');
INSERT INTO "pmdm__ServiceDelivery__c" VALUES(585,'Zackery Morgan - Town Hall Meeting, 1/8/2020','false','2020-01-08','1.0','10','','151','77');
INSERT INTO "pmdm__ServiceDelivery__c" VALUES(586,'Eliezer Bray - Town Hall Meeting, 1/8/2020','false','2020-01-08','1.0','10','','158','86');
INSERT INTO "pmdm__ServiceDelivery__c" VALUES(587,'Taniya Singleton - Town Hall Meeting, 1/8/2020','false','2020-01-08','1.0','10','','163','89');
INSERT INTO "pmdm__ServiceDelivery__c" VALUES(588,'Leon Clayton - Letter writing campaign to Council Members','false','2019-09-10','1.0','11','','120','50');
INSERT INTO "pmdm__ServiceDelivery__c" VALUES(589,'Marc Richard - Letter writing campaign to Council Members','false','2019-08-12','1.0','11','','121','51');
INSERT INTO "pmdm__ServiceDelivery__c" VALUES(590,'Jay Zimmerman - Letter writing campaign to Council Members','false','2019-11-12','1.0','11','','129','62');
INSERT INTO "pmdm__ServiceDelivery__c" VALUES(591,'Aaron Valdez - Letter writing campaign to Council Members','false','2019-10-02','1.0','11','','137','65');
INSERT INTO "pmdm__ServiceDelivery__c" VALUES(592,'John Mills - Letter writing campaign to Council Members','false','2019-09-02','1.0','11','','138','66');
INSERT INTO "pmdm__ServiceDelivery__c" VALUES(593,'Shannon Greene - Letter writing campaign to Council Members','false','2020-01-08','1.0','11','','139','67');
INSERT INTO "pmdm__ServiceDelivery__c" VALUES(594,'Zackery Morgan - Letter writing campaign to Council Members','false','2020-01-07','1.0','11','','151','77');
INSERT INTO "pmdm__ServiceDelivery__c" VALUES(595,'Eliezer Bray - Letter writing campaign to Council Members','false','2020-01-08','1.0','11','','158','86');
INSERT INTO "pmdm__ServiceDelivery__c" VALUES(596,'Taniya Singleton - Letter writing campaign to Council Members','false','2019-12-02','1.0','11','','163','89');
INSERT INTO "pmdm__ServiceDelivery__c" VALUES(597,'Naima Crawford - Subsidized Lunch','false','2019-12-11','1.0','3','','110','1');
INSERT INTO "pmdm__ServiceDelivery__c" VALUES(598,'Naima Crawford - Subsidized Lunch','false','2019-12-05','1.0','3','','110','1');
INSERT INTO "pmdm__ServiceDelivery__c" VALUES(599,'Naima Crawford - Subsidized Lunch','false','2019-12-09','1.0','3','','110','1');
INSERT INTO "pmdm__ServiceDelivery__c" VALUES(600,'Naima Crawford - Subsidized Lunch','false','2019-12-03','1.0','3','','110','1');
INSERT INTO "pmdm__ServiceDelivery__c" VALUES(601,'Naima Crawford - Subsidized Lunch','false','2019-12-02','1.0','3','','110','1');
INSERT INTO "pmdm__ServiceDelivery__c" VALUES(602,'Naima Crawford - Subsidized Lunch','false','2019-12-04','1.0','3','','110','1');
INSERT INTO "pmdm__ServiceDelivery__c" VALUES(603,'Naima Crawford - Subsidized Lunch','false','2019-12-06','1.0','3','','110','1');
INSERT INTO "pmdm__ServiceDelivery__c" VALUES(604,'Naima Crawford - Subsidized Lunch','false','2019-12-12','1.0','3','','110','1');
INSERT INTO "pmdm__ServiceDelivery__c" VALUES(605,'Naima Crawford - Subsidized Lunch','false','2019-12-10','1.0','3','','110','1');
INSERT INTO "pmdm__ServiceDelivery__c" VALUES(606,'Sonia Gentry - Subsidized Lunch','false','2019-12-03','','3','','125','54');
INSERT INTO "pmdm__ServiceDelivery__c" VALUES(607,'Sonia Gentry - Subsidized Lunch','false','2019-12-02','','3','','125','54');
INSERT INTO "pmdm__ServiceDelivery__c" VALUES(608,'Sonia Gentry - Subsidized Lunch','false','2019-12-02','','3','','125','54');
INSERT INTO "pmdm__ServiceDelivery__c" VALUES(609,'Tom Higgins - Subsidized Lunch','false','2019-10-01','1.0','3','','82','58');
INSERT INTO "pmdm__ServiceDelivery__c" VALUES(610,'Tom Higgins - Subsidized Lunch','false','2019-11-05','1.0','3','','82','58');
INSERT INTO "pmdm__ServiceDelivery__c" VALUES(611,'Tom Higgins - Subsidized Lunch','false','2019-11-06','1.0','3','','82','58');
INSERT INTO "pmdm__ServiceDelivery__c" VALUES(612,'Tom Higgins - Subsidized Lunch','false','2019-11-04','1.0','3','','82','58');
INSERT INTO "pmdm__ServiceDelivery__c" VALUES(613,'Tom Higgins - Subsidized Lunch','false','2019-11-12','1.0','3','','82','58');
INSERT INTO "pmdm__ServiceDelivery__c" VALUES(614,'Tom Higgins - Subsidized Lunch','false','2019-11-07','1.0','3','','82','58');
INSERT INTO "pmdm__ServiceDelivery__c" VALUES(615,'Tom Higgins - Subsidized Lunch','false','2019-10-14','1.0','3','','82','58');
INSERT INTO "pmdm__ServiceDelivery__c" VALUES(616,'Tom Higgins - Subsidized Lunch','false','2019-11-06','1.0','3','','82','58');
INSERT INTO "pmdm__ServiceDelivery__c" VALUES(617,'Tom Higgins - Subsidized Lunch','false','2019-11-11','1.0','3','','82','58');
INSERT INTO "pmdm__ServiceDelivery__c" VALUES(618,'Tom Higgins - Subsidized Lunch','false','2019-10-09','1.0','3','','82','58');
INSERT INTO "pmdm__ServiceDelivery__c" VALUES(619,'Tom Higgins - Subsidized Lunch','false','2019-11-01','1.0','3','','82','58');
INSERT INTO "pmdm__ServiceDelivery__c" VALUES(620,'Tom Higgins - Subsidized Lunch','false','2019-10-03','1.0','3','','82','58');
INSERT INTO "pmdm__ServiceDelivery__c" VALUES(621,'Tom Higgins - Subsidized Lunch','false','2019-11-14','1.0','3','','82','58');
INSERT INTO "pmdm__ServiceDelivery__c" VALUES(622,'Tom Higgins - Subsidized Lunch','false','2019-10-04','1.0','3','','82','58');
INSERT INTO "pmdm__ServiceDelivery__c" VALUES(623,'Tom Higgins - Subsidized Lunch','false','2019-10-07','1.0','3','','82','58');
INSERT INTO "pmdm__ServiceDelivery__c" VALUES(624,'Tom Higgins - Subsidized Lunch','false','2019-11-13','1.0','3','','82','58');
INSERT INTO "pmdm__ServiceDelivery__c" VALUES(625,'Tom Higgins - Subsidized Lunch','false','2019-11-08','1.0','3','','82','58');
INSERT INTO "pmdm__ServiceDelivery__c" VALUES(626,'Tom Higgins - Subsidized Lunch','false','2019-10-08','1.0','3','','82','58');
INSERT INTO "pmdm__ServiceDelivery__c" VALUES(627,'Tom Higgins - Subsidized Lunch','false','2019-10-10','1.0','3','','82','58');
INSERT INTO "pmdm__ServiceDelivery__c" VALUES(628,'Tom Higgins - Subsidized Lunch','false','2019-10-11','1.0','3','','82','58');
INSERT INTO "pmdm__ServiceDelivery__c" VALUES(629,'Tom Higgins - Subsidized Lunch','false','2019-10-02','1.0','3','','82','58');
INSERT INTO "pmdm__ServiceDelivery__c" VALUES(630,'Abraham Sims - Subsidized Lunch','false','2020-01-07','','3','','145','72');
INSERT INTO "pmdm__ServiceDelivery__c" VALUES(631,'Abraham Sims - Subsidized Lunch','false','2020-01-10','','3','','145','72');
INSERT INTO "pmdm__ServiceDelivery__c" VALUES(632,'Abraham Sims - Subsidized Lunch','false','2020-01-06','','3','','145','72');
INSERT INTO "pmdm__ServiceDelivery__c" VALUES(633,'Abraham Sims - Subsidized Lunch','false','2020-01-09','','3','','145','72');
INSERT INTO "pmdm__ServiceDelivery__c" VALUES(634,'Abraham Sims - Subsidized Lunch','false','2020-01-13','','3','','145','72');
INSERT INTO "pmdm__ServiceDelivery__c" VALUES(635,'Abraham Sims - Subsidized Lunch','false','2020-01-08','','3','','145','72');
INSERT INTO "pmdm__ServiceDelivery__c" VALUES(636,'Fabian Hughes - Subsidized Lunch','false','2019-09-10','1.0','3','','172','96');
INSERT INTO "pmdm__ServiceDelivery__c" VALUES(637,'Fabian Hughes - Subsidized Lunch','false','2019-09-20','1.0','3','','172','96');
INSERT INTO "pmdm__ServiceDelivery__c" VALUES(638,'Fabian Hughes - Subsidized Lunch','false','2019-09-09','1.0','3','','172','96');
INSERT INTO "pmdm__ServiceDelivery__c" VALUES(639,'Fabian Hughes - Subsidized Lunch','false','2019-09-11','1.0','3','','172','96');
INSERT INTO "pmdm__ServiceDelivery__c" VALUES(640,'Fabian Hughes - Subsidized Lunch','false','2019-09-17','1.0','3','','172','96');
INSERT INTO "pmdm__ServiceDelivery__c" VALUES(641,'Fabian Hughes - Subsidized Lunch','false','2019-09-23','1.0','3','','172','96');
INSERT INTO "pmdm__ServiceDelivery__c" VALUES(642,'Fabian Hughes - Subsidized Lunch','false','2019-09-12','1.0','3','','172','96');
INSERT INTO "pmdm__ServiceDelivery__c" VALUES(643,'Fabian Hughes - Subsidized Lunch','false','2019-09-13','1.0','3','','172','96');
INSERT INTO "pmdm__ServiceDelivery__c" VALUES(644,'Fabian Hughes - Subsidized Lunch','false','2019-09-16','1.0','3','','172','96');
INSERT INTO "pmdm__ServiceDelivery__c" VALUES(645,'Fabian Hughes - Subsidized Lunch','false','2019-09-18','1.0','3','','172','96');
INSERT INTO "pmdm__ServiceDelivery__c" VALUES(646,'Fabian Hughes - Subsidized Lunch','false','2019-09-19','1.0','3','','172','96');
INSERT INTO "pmdm__ServiceDelivery__c" VALUES(647,'Tom Higgins - Subsidized Lunch','false','2019-09-05','','3','','82','58');
CREATE TABLE "pmdm__Service__c" (
	id INTEGER NOT NULL, 
	"Name" VARCHAR(255), 
	"pmdm__Description__c" VARCHAR(255), 
	"pmdm__Status__c" VARCHAR(255), 
	"pmdm__UnitOfService__c" VARCHAR(255), 
	program__c VARCHAR(255), 
	PRIMARY KEY (id)
);
INSERT INTO "pmdm__Service__c" VALUES(1,'Grade 1-8 Reading Tutoring','Grade 1-8 Reading Tutoring','Active','Hours','1');
INSERT INTO "pmdm__Service__c" VALUES(2,'Financial Literacy Classroom Hours','Financial Literacy Classroom Hours','Active','Hours','10');
INSERT INTO "pmdm__Service__c" VALUES(3,'Subsidized Lunch','','Active','Lunches','11');
INSERT INTO "pmdm__Service__c" VALUES(4,'Job Interviews completed','','Active','Completed Interviews','2');
INSERT INTO "pmdm__Service__c" VALUES(5,'Financial Advisor Sessions','','Active','Hours','2');
INSERT INTO "pmdm__Service__c" VALUES(6,'Job Readiness Coaching','','Active','Hours','2');
INSERT INTO "pmdm__Service__c" VALUES(7,'After School Activities','Indoor/Outdoor After-School Activities','Active','Sessions','3');
INSERT INTO "pmdm__Service__c" VALUES(8,'Middle School STEM Classroom Hours','','Active','Hours','4');
INSERT INTO "pmdm__Service__c" VALUES(9,'STEM Field Trips','','Active','Field Trips','4');
INSERT INTO "pmdm__Service__c" VALUES(10,'Town Hall Meeting, 1/8/2020','','Active','Attendees','5');
INSERT INTO "pmdm__Service__c" VALUES(11,'Letter writing campaign to Council Members','','Active','Letters','5');
INSERT INTO "pmdm__Service__c" VALUES(12,'Provide Prenatal Vitamins','','Active','Dosages','6');
INSERT INTO "pmdm__Service__c" VALUES(13,'Prenatal Care Sessions (appointments and walk-ins)','','Active','Sessions','6');
INSERT INTO "pmdm__Service__c" VALUES(14,'Refer to Caregivers Support Group','','Active','Referrals','6');
INSERT INTO "pmdm__Service__c" VALUES(15,'12 Step Recovery Program','12 Step Recovery Program','Active','Session','7');
INSERT INTO "pmdm__Service__c" VALUES(16,'Monthly Rent Subsidy','Monthly Rent Subsidy - sliding scale','Active','Dollars','8');
INSERT INTO "pmdm__Service__c" VALUES(17,'ESL Classroom Hours','ESL Classroom Hours','Active','Hours','9');
COMMIT;
