BEGIN TRANSACTION;
CREATE TABLE "Account__HH_Account" (
	id INTEGER NOT NULL, 
	"AccountNumber" VARCHAR(255), 
	"Name" VARCHAR(255), 
	PRIMARY KEY (id)
);
INSERT INTO "Account__HH_Account" VALUES(1,'Huffman Household','Huffman Household');
INSERT INTO "Account__HH_Account" VALUES(2,'Hall Household','Hall Household');
INSERT INTO "Account__HH_Account" VALUES(3,'Barker Household','Barker Household');
INSERT INTO "Account__HH_Account" VALUES(4,'Glass Household','Glass Household');
INSERT INTO "Account__HH_Account" VALUES(5,'Ibarra Household','Ibarra Household');
INSERT INTO "Account__HH_Account" VALUES(6,'Morgan Household','Morgan Household');
INSERT INTO "Account__HH_Account" VALUES(7,'Bowers Household','Bowers Household');
INSERT INTO "Account__HH_Account" VALUES(8,'Odom Household','Odom Household');
INSERT INTO "Account__HH_Account" VALUES(9,'Flores Household','Flores Household');
INSERT INTO "Account__HH_Account" VALUES(10,'Wall Household','Wall Household');
INSERT INTO "Account__HH_Account" VALUES(11,'Waller Household (2)','Waller Household');
INSERT INTO "Account__HH_Account" VALUES(12,'Bray Household','Bray Household');
INSERT INTO "Account__HH_Account" VALUES(13,'Conner Household','Conner Household');
INSERT INTO "Account__HH_Account" VALUES(14,'Harper Household','Harper Household');
INSERT INTO "Account__HH_Account" VALUES(15,'Aguilar Household','Aguilar Household');
INSERT INTO "Account__HH_Account" VALUES(16,'Cummings Household','Cummings Household');
INSERT INTO "Account__HH_Account" VALUES(17,'Cardenas Household','Cardenas Household');
INSERT INTO "Account__HH_Account" VALUES(18,'Webster Household','Webster Household');
INSERT INTO "Account__HH_Account" VALUES(19,'Costa Household','Costa Household');
INSERT INTO "Account__HH_Account" VALUES(20,'Humphrey Household','Humphrey Household');
INSERT INTO "Account__HH_Account" VALUES(21,'Cain Household','Cain Household');
INSERT INTO "Account__HH_Account" VALUES(22,'Dunlap Household','Dunlap Household');
INSERT INTO "Account__HH_Account" VALUES(23,'Blackwell Household','Blackwell Household');
INSERT INTO "Account__HH_Account" VALUES(24,'Irwin Household','Irwin Household');
INSERT INTO "Account__HH_Account" VALUES(25,'Hughes Household','Hughes Household');
INSERT INTO "Account__HH_Account" VALUES(26,'Wells Household','Wells Household');
INSERT INTO "Account__HH_Account" VALUES(27,'Marble Foundation','Marble Foundation');
INSERT INTO "Account__HH_Account" VALUES(28,'Future Potential Fund','Future Potential Fund');
INSERT INTO "Account__HH_Account" VALUES(29,'City Department of Human Services','City Department of Human Services');
INSERT INTO "Account__HH_Account" VALUES(30,'Osborn Household','Osborn Household');
INSERT INTO "Account__HH_Account" VALUES(31,'Pearson Household','Pearson Household');
INSERT INTO "Account__HH_Account" VALUES(32,'Branch Household','Branch Household');
INSERT INTO "Account__HH_Account" VALUES(33,'Bates Household','Bates Household');
INSERT INTO "Account__HH_Account" VALUES(34,'Rodgers Household','Rodgers Household');
INSERT INTO "Account__HH_Account" VALUES(35,'Mcclure Household','Mcclure Household');
INSERT INTO "Account__HH_Account" VALUES(36,'Huynh Household','Huynh Household');
INSERT INTO "Account__HH_Account" VALUES(37,'Gonzalez Household','Gonzalez Household');
INSERT INTO "Account__HH_Account" VALUES(38,'Singleton Household','Singleton Household');
INSERT INTO "Account__HH_Account" VALUES(39,'Woodard Household','Woodard Household');
INSERT INTO "Account__HH_Account" VALUES(40,'Gibson Household','Gibson Household');
INSERT INTO "Account__HH_Account" VALUES(41,'Duarte Household','Duarte Household');
INSERT INTO "Account__HH_Account" VALUES(42,'Huerta Household','Huerta Household');
INSERT INTO "Account__HH_Account" VALUES(43,'Hernandez Household (2)','Hernandez Household');
INSERT INTO "Account__HH_Account" VALUES(44,'Villegas Household','Villegas Household');
INSERT INTO "Account__HH_Account" VALUES(45,'Velasquez Household','Velasquez Household');
INSERT INTO "Account__HH_Account" VALUES(46,'Hardin Household','Hardin Household');
INSERT INTO "Account__HH_Account" VALUES(47,'Olson Household','Olson Household');
INSERT INTO "Account__HH_Account" VALUES(48,'Orr Household','Orr Household');
INSERT INTO "Account__HH_Account" VALUES(49,'Salinas Household','Salinas Household');
INSERT INTO "Account__HH_Account" VALUES(50,'Bullock Household','Bullock Household');
INSERT INTO "Account__HH_Account" VALUES(51,'Davila Household','Davila Household');
INSERT INTO "Account__HH_Account" VALUES(52,'Barnett Household','Barnett Household');
INSERT INTO "Account__HH_Account" VALUES(53,'Norman Household','Norman Household');
INSERT INTO "Account__HH_Account" VALUES(54,'Snow Household','Snow Household');
INSERT INTO "Account__HH_Account" VALUES(55,'Wood Household','Wood Household');
INSERT INTO "Account__HH_Account" VALUES(56,'Norton Household','Norton Household');
INSERT INTO "Account__HH_Account" VALUES(57,'Morgan Household (2)','Morgan Household');
INSERT INTO "Account__HH_Account" VALUES(58,'Decker Household','Decker Household');
INSERT INTO "Account__HH_Account" VALUES(59,'Lambert Household','Lambert Household');
INSERT INTO "Account__HH_Account" VALUES(60,'Barry Household','Barry Household');
INSERT INTO "Account__HH_Account" VALUES(61,'Oneill Household','Oneill Household');
INSERT INTO "Account__HH_Account" VALUES(62,'Cooley Household (2)','Cooley Household');
INSERT INTO "Account__HH_Account" VALUES(63,'Leach Household','Leach Household');
INSERT INTO "Account__HH_Account" VALUES(64,'Pacheco Household','Pacheco Household');
INSERT INTO "Account__HH_Account" VALUES(65,'Rivers Household','Rivers Household');
INSERT INTO "Account__HH_Account" VALUES(66,'Griffith Household','Griffith Household');
INSERT INTO "Account__HH_Account" VALUES(67,'Glenn Household','Glenn Household');
INSERT INTO "Account__HH_Account" VALUES(68,'Francis Household','Francis Household');
INSERT INTO "Account__HH_Account" VALUES(69,'Rhodes Household','Rhodes Household');
INSERT INTO "Account__HH_Account" VALUES(70,'White Household','White Household');
INSERT INTO "Account__HH_Account" VALUES(71,'Lang Household','Lang Household');
INSERT INTO "Account__HH_Account" VALUES(72,'Ramirez Household','Ramirez Household');
INSERT INTO "Account__HH_Account" VALUES(73,'Serrano Household','Serrano Household');
INSERT INTO "Account__HH_Account" VALUES(74,'Galloway Household','Galloway Household');
INSERT INTO "Account__HH_Account" VALUES(75,'Clark Household','Clark Household');
INSERT INTO "Account__HH_Account" VALUES(76,'Gonzales Household','Gonzales Household');
INSERT INTO "Account__HH_Account" VALUES(77,'Solomon Household','Solomon Household');
INSERT INTO "Account__HH_Account" VALUES(78,'Higgins Household','Higgins Household');
INSERT INTO "Account__HH_Account" VALUES(79,'Adams Household','Adams Household');
INSERT INTO "Account__HH_Account" VALUES(80,'Baker Household','Baker Household');
INSERT INTO "Account__HH_Account" VALUES(81,'Banks and Graham Household','Banks and Graham Household');
INSERT INTO "Account__HH_Account" VALUES(82,'Barnes Household','Barnes Household');
INSERT INTO "Account__HH_Account" VALUES(83,'Boyd Household','Boyd Household');
INSERT INTO "Account__HH_Account" VALUES(84,'Burke Household','Burke Household');
INSERT INTO "Account__HH_Account" VALUES(85,'Henderson Household','Henderson Household');
INSERT INTO "Account__HH_Account" VALUES(86,'Hill Household','Hill Household');
INSERT INTO "Account__HH_Account" VALUES(87,'Holmes Household','Holmes Household');
INSERT INTO "Account__HH_Account" VALUES(88,'Jenkins Household','Jenkins Household');
INSERT INTO "Account__HH_Account" VALUES(89,'Johnson Household','Johnson Household');
INSERT INTO "Account__HH_Account" VALUES(90,'Burgess Household','Burgess Household');
INSERT INTO "Account__HH_Account" VALUES(91,'Bass Household','Bass Household');
INSERT INTO "Account__HH_Account" VALUES(92,'Bishop Household','Bishop Household');
INSERT INTO "Account__HH_Account" VALUES(93,'Cisneros Household','Cisneros Household');
INSERT INTO "Account__HH_Account" VALUES(94,'Owen Household','Owen Household');
INSERT INTO "Account__HH_Account" VALUES(95,'Kerr Household','Kerr Household');
INSERT INTO "Account__HH_Account" VALUES(96,'Crawford Household','Crawford Household');
INSERT INTO "Account__HH_Account" VALUES(97,'Eaton Household','Eaton Household');
INSERT INTO "Account__HH_Account" VALUES(98,'Rasmussen Household','Rasmussen Household');
INSERT INTO "Account__HH_Account" VALUES(99,'Campos Household','Campos Household');
INSERT INTO "Account__HH_Account" VALUES(100,'Bond Household','Bond Household');
INSERT INTO "Account__HH_Account" VALUES(101,'Myers Household','Myers Household');
INSERT INTO "Account__HH_Account" VALUES(102,'Stanton Household','Stanton Household');
INSERT INTO "Account__HH_Account" VALUES(103,'Cobb Household','Cobb Household');
INSERT INTO "Account__HH_Account" VALUES(104,'Shah Household','Shah Household');
INSERT INTO "Account__HH_Account" VALUES(105,'Arroyo Household','Arroyo Household');
INSERT INTO "Account__HH_Account" VALUES(106,'Booker Household','Booker Household');
INSERT INTO "Account__HH_Account" VALUES(107,'Mercer Household','Mercer Household');
INSERT INTO "Account__HH_Account" VALUES(108,'Horton Household','Horton Household');
INSERT INTO "Account__HH_Account" VALUES(109,'Rios Household','Rios Household');
INSERT INTO "Account__HH_Account" VALUES(110,'Craig Household','Craig Household');
INSERT INTO "Account__HH_Account" VALUES(111,'Oliver Household','Oliver Household');
INSERT INTO "Account__HH_Account" VALUES(112,'Montgomery Household','Montgomery Household');
INSERT INTO "Account__HH_Account" VALUES(113,'Cooke Household','Cooke Household');
INSERT INTO "Account__HH_Account" VALUES(114,'Morrison Household','Morrison Household');
INSERT INTO "Account__HH_Account" VALUES(115,'Bright Household','Bright Household');
INSERT INTO "Account__HH_Account" VALUES(116,'Atkins Household','Atkins Household');
INSERT INTO "Account__HH_Account" VALUES(117,'Woods Household (3)','Woods Household');
INSERT INTO "Account__HH_Account" VALUES(118,'Stanley Household','Stanley Household');
INSERT INTO "Account__HH_Account" VALUES(119,'Fischer Household','Fischer Household');
INSERT INTO "Account__HH_Account" VALUES(120,'Kline Household','Kline Household');
INSERT INTO "Account__HH_Account" VALUES(121,'Joyce Household','Joyce Household');
INSERT INTO "Account__HH_Account" VALUES(122,'Case Household','Case Household');
INSERT INTO "Account__HH_Account" VALUES(123,'Graves Household','Graves Household');
INSERT INTO "Account__HH_Account" VALUES(124,'Wu Household','Wu Household');
INSERT INTO "Account__HH_Account" VALUES(125,'Grant Household','Grant Household');
INSERT INTO "Account__HH_Account" VALUES(126,'Rojas Household','Rojas Household');
INSERT INTO "Account__HH_Account" VALUES(127,'Chase Household','Chase Household');
INSERT INTO "Account__HH_Account" VALUES(128,'Holder Household','Holder Household');
INSERT INTO "Account__HH_Account" VALUES(129,'Woods Household','Woods Household');
INSERT INTO "Account__HH_Account" VALUES(130,'Spence Household','Spence Household');
INSERT INTO "Account__HH_Account" VALUES(131,'Clayton Household','Clayton Household');
INSERT INTO "Account__HH_Account" VALUES(132,'Richard Household','Richard Household');
INSERT INTO "Account__HH_Account" VALUES(133,'Waller Household','Waller Household');
INSERT INTO "Account__HH_Account" VALUES(134,'Hampton Household','Hampton Household');
INSERT INTO "Account__HH_Account" VALUES(135,'Neal Household','Neal Household');
INSERT INTO "Account__HH_Account" VALUES(136,'Gentry Household','Gentry Household');
INSERT INTO "Account__HH_Account" VALUES(137,'Barr Household','Barr Household');
INSERT INTO "Account__HH_Account" VALUES(138,'Pham Household','Pham Household');
INSERT INTO "Account__HH_Account" VALUES(139,'Cooley Household','Cooley Household');
INSERT INTO "Account__HH_Account" VALUES(140,'Zimmerman Household','Zimmerman Household');
INSERT INTO "Account__HH_Account" VALUES(141,'Wheeler Household','Wheeler Household');
INSERT INTO "Account__HH_Account" VALUES(142,'Beltran Household','Beltran Household');
INSERT INTO "Account__HH_Account" VALUES(143,'Bird Household','Bird Household');
INSERT INTO "Account__HH_Account" VALUES(144,'Duffy Household','Duffy Household');
INSERT INTO "Account__HH_Account" VALUES(145,'Woods Household (2)','Woods Household');
INSERT INTO "Account__HH_Account" VALUES(146,'Richards Household','Richards Household');
INSERT INTO "Account__HH_Account" VALUES(147,'Valdez Household','Valdez Household');
INSERT INTO "Account__HH_Account" VALUES(148,'Mills Household','Mills Household');
INSERT INTO "Account__HH_Account" VALUES(149,'Greene Household','Greene Household');
INSERT INTO "Account__HH_Account" VALUES(150,'Escobar Household','Escobar Household');
INSERT INTO "Account__HH_Account" VALUES(151,'Gross Household','Gross Household');
INSERT INTO "Account__HH_Account" VALUES(152,'Guerrero Household','Guerrero Household');
INSERT INTO "Account__HH_Account" VALUES(153,'Ritter Household','Ritter Household');
INSERT INTO "Account__HH_Account" VALUES(154,'Sims Household','Sims Household');
INSERT INTO "Account__HH_Account" VALUES(155,'Pollard Household','Pollard Household');
INSERT INTO "Account__HH_Account" VALUES(156,'Quinn Household','Quinn Household');
INSERT INTO "Account__HH_Account" VALUES(157,'Wilkinson Household','Wilkinson Household');
INSERT INTO "Account__HH_Account" VALUES(158,'Keller Household','Keller Household');
INSERT INTO "Account__HH_Account" VALUES(159,'Ellis Household','Ellis Household');
INSERT INTO "Account__HH_Account" VALUES(160,'Neal Household (2)','Neal Household');
INSERT INTO "Account__HH_Account" VALUES(161,'Mcconnell Household','Mcconnell Household');
INSERT INTO "Account__HH_Account" VALUES(162,'Arellano Household','Arellano Household');
INSERT INTO "Account__HH_Account" VALUES(163,'Glover Household','Glover Household');
INSERT INTO "Account__HH_Account" VALUES(164,'Lutz Household','Lutz Household');
INSERT INTO "Account__HH_Account" VALUES(165,'Graves Household (2)','Graves Household');
INSERT INTO "Account__HH_Account" VALUES(166,'Carson Household','Carson Household');
INSERT INTO "Account__HH_Account" VALUES(167,'Fletcher Household','Fletcher Household');
INSERT INTO "Account__HH_Account" VALUES(168,'Hernandez Household (3)','Hernandez Household');
CREATE TABLE "Contact" (
	id INTEGER NOT NULL, 
	"Email" VARCHAR(255), 
	"FirstName" VARCHAR(255), 
	"LastName" VARCHAR(255), 
	account_id VARCHAR(255), 
	PRIMARY KEY (id)
);
INSERT INTO "Contact" VALUES(1,'albertmontgomery@example.com','Albert','Montgomery','112');
INSERT INTO "Contact" VALUES(2,'meredithcooke@example.com','Meredith','Cooke','113');
INSERT INTO "Contact" VALUES(3,'mckaylamorrison@example.com','Mckayla','Morrison','114');
INSERT INTO "Contact" VALUES(4,'hayleybright@example.com','Hayley','Bright','115');
INSERT INTO "Contact" VALUES(5,'dayanaatkins@example.com','Dayana','Atkins','116');
INSERT INTO "Contact" VALUES(6,'laurahernandez@example.com','Laura','Hernandez','43');
INSERT INTO "Contact" VALUES(7,'jessicawoods@example.com','Jessica','Woods','117');
INSERT INTO "Contact" VALUES(8,'khloestanley@example.com','Khloe','Stanley','118');
INSERT INTO "Contact" VALUES(9,'rayfischer@example.com','Ray','Fischer','119');
INSERT INTO "Contact" VALUES(10,'caseykline@example.com','Casey','Kline','120');
INSERT INTO "Contact" VALUES(11,'aronjoyce@example.com','Aron','Joyce','121');
INSERT INTO "Contact" VALUES(12,'diegocase@example.com','Diego','Case','122');
INSERT INTO "Contact" VALUES(13,'chelseagraves@example.com','Chelsea','Graves','123');
INSERT INTO "Contact" VALUES(14,'ruthwu@example.com','Ruth','Wu','124');
INSERT INTO "Contact" VALUES(15,'isaacgrant@example.com','Isaac','Grant','125');
INSERT INTO "Contact" VALUES(16,'audrinarojas@example.com','Audrina','Rojas','126');
INSERT INTO "Contact" VALUES(17,'makhivillegas@example.com','Makhi','Villegas','44');
INSERT INTO "Contact" VALUES(18,'koenchase@example.com','Koen','Chase','127');
INSERT INTO "Contact" VALUES(19,'hailieholder@example.com','Hailie','Holder','128');
INSERT INTO "Contact" VALUES(20,'cayleepollard@example.com','Caylee','Pollard','155');
INSERT INTO "Contact" VALUES(21,'guillermoquinn@example.com','Guillermo','Quinn','156');
INSERT INTO "Contact" VALUES(22,'dominikwilkinson@example.com','Dominik','Wilkinson','157');
INSERT INTO "Contact" VALUES(23,'simonekeller@example.com','Simone','Keller','158');
INSERT INTO "Contact" VALUES(24,'violetellis@example.com','Violet','Ellis','159');
INSERT INTO "Contact" VALUES(25,'samirneal@example.com','Samir','Neal','160');
INSERT INTO "Contact" VALUES(26,'miramcconnell@example.com','Mira','Mcconnell','161');
INSERT INTO "Contact" VALUES(27,'aniyaarellano@example.com','Aniya','Arellano','162');
INSERT INTO "Contact" VALUES(28,'rafaelvelasquez@example.com','Rafael','Velasquez','45');
INSERT INTO "Contact" VALUES(29,'jakaylaglover@example.com','Jakayla','Glover','163');
INSERT INTO "Contact" VALUES(30,'angelolutz@example.com','Angelo','Lutz','164');
INSERT INTO "Contact" VALUES(31,'audrinagraves@example.com','Audrina','Graves','165');
INSERT INTO "Contact" VALUES(32,'turnercarson@example.com','Turner','Carson','166');
INSERT INTO "Contact" VALUES(33,'emeliafletcher@example.com','Emelia','Fletcher','167');
INSERT INTO "Contact" VALUES(34,'mackenziehernandez@example.com','Mackenzie','Hernandez','168');
INSERT INTO "Contact" VALUES(35,'ryanhardin@example.com','Ryan','Hardin','46');
INSERT INTO "Contact" VALUES(36,'miraolson@example.com','Mira','Olson','47');
INSERT INTO "Contact" VALUES(37,'annaorr@example.com','Anna','Orr','48');
INSERT INTO "Contact" VALUES(38,'tyronepearson@example.com','Tyrone','Pearson','31');
INSERT INTO "Contact" VALUES(39,'joesalinas@example.com','Joe','Salinas','49');
INSERT INTO "Contact" VALUES(40,'maleahbullock@example.com','Maleah','Bullock','50');
INSERT INTO "Contact" VALUES(41,'anikasolomon@example.com','Anika','Solomon','77');
INSERT INTO "Contact" VALUES(42,'thiggins@example.com','Tom','Higgins','78');
INSERT INTO "Contact" VALUES(43,'lhiggins@example.com','Lisa','Higgins','78');
INSERT INTO "Contact" VALUES(44,'jeremyadams@example.com','Jeremy','Adams','79');
INSERT INTO "Contact" VALUES(45,'angelaadams@example.com','Angela','Adams','79');
INSERT INTO "Contact" VALUES(46,'','Arthur','Baker','80');
INSERT INTO "Contact" VALUES(47,'alanbaker@example.com','Arlene','Baker','80');
INSERT INTO "Contact" VALUES(48,'robinbanks@example.com','Robin','Banks','81');
INSERT INTO "Contact" VALUES(49,'darrylgraham@example.com','Darryl','Graham','81');
INSERT INTO "Contact" VALUES(50,'lynnbarnes@example.com','Lynn','Barnes','82');
INSERT INTO "Contact" VALUES(51,'davidbarnes@example.com','David','Barnes','82');
INSERT INTO "Contact" VALUES(52,'jasonbarnes@example.com','Jason','Barnes','82');
INSERT INTO "Contact" VALUES(53,'anneboyd@example.com','Anne','Boyd','83');
INSERT INTO "Contact" VALUES(54,'normaburke@example.com','Norma','Burke','84');
INSERT INTO "Contact" VALUES(55,'ariellabranch@example.com','Ariella','Branch','32');
INSERT INTO "Contact" VALUES(56,'bobbyhenderson@example.com','Bobby','Henderson','85');
INSERT INTO "Contact" VALUES(57,'anthonyhill@example.com','Anthony','Hill','86');
INSERT INTO "Contact" VALUES(58,'virginiaholmes@example.com','Virginia','Holmes','87');
INSERT INTO "Contact" VALUES(59,'josejenkins@example.com','Jose','Jenkins','88');
INSERT INTO "Contact" VALUES(60,'craigjohnso@example.com','Craig','Johnson','89');
INSERT INTO "Contact" VALUES(61,'','Maya','Johnson','89');
INSERT INTO "Contact" VALUES(62,'barbarajohnson@example.com','Barbara','Johnson','89');
INSERT INTO "Contact" VALUES(63,'joseburgess@example.com','Jose','Burgess','90');
INSERT INTO "Contact" VALUES(64,'brendabass@example.com','Brenda','Bass','91');
INSERT INTO "Contact" VALUES(65,'nikhilbishop@example.com','Nikhil','Bishop','92');
INSERT INTO "Contact" VALUES(66,'juliettecisneros@example.com','Juliette','Cisneros','93');
INSERT INTO "Contact" VALUES(67,'alanaowen@example.com','Alana','Owen','94');
INSERT INTO "Contact" VALUES(68,'jaydonbates@example.com','Jaydon','Bates','33');
INSERT INTO "Contact" VALUES(69,'cruzkerr@example.com','Cruz','Kerr','95');
INSERT INTO "Contact" VALUES(70,'naimacrawford@example.com','Naima','Crawford','96');
INSERT INTO "Contact" VALUES(71,'beaueaton@example.com','Beau','Eaton','97');
INSERT INTO "Contact" VALUES(72,'chancerasmussen@example.com','Chance','Rasmussen','98');
INSERT INTO "Contact" VALUES(73,'khloecampos@example.com','Khloe','Campos','99');
INSERT INTO "Contact" VALUES(74,'ameliebond@example.com','Amelie','Bond','100');
INSERT INTO "Contact" VALUES(75,'juliemyers@example.com','Julie','Myers','101');
INSERT INTO "Contact" VALUES(76,'jaydastanton@example.com','Jayda','Stanton','102');
INSERT INTO "Contact" VALUES(77,'heidiwoods@example.com','Heidi','Woods','129');
INSERT INTO "Contact" VALUES(78,'leiaspence@example.com','Leia','Spence','130');
INSERT INTO "Contact" VALUES(79,'javonrodgers@example.com','Javon','Rodgers','34');
INSERT INTO "Contact" VALUES(80,'leonclayton@example.com','Leon','Clayton','131');
INSERT INTO "Contact" VALUES(81,'marcrichard@example.com','Marc','Richard','132');
INSERT INTO "Contact" VALUES(82,'jordanwaller@example.com','Jordan','Waller','133');
INSERT INTO "Contact" VALUES(83,'jacehampton@example.com','Jace','Hampton','134');
INSERT INTO "Contact" VALUES(84,'silasneal@example.com','Silas','Neal','135');
INSERT INTO "Contact" VALUES(85,'soniagentry@example.com','Sonia','Gentry','136');
INSERT INTO "Contact" VALUES(86,'alisonbarr@example.com','Alison','Barr','137');
INSERT INTO "Contact" VALUES(87,'vupham@example.com','Vu','Pham','138');
INSERT INTO "Contact" VALUES(88,'kellencooley@example.com','Kellen','Cooley','139');
INSERT INTO "Contact" VALUES(89,'jayzimmerman@example.com','Jay','Zimmerman','140');
INSERT INTO "Contact" VALUES(90,'josiemcclure@example.com','Josie','Mcclure','35');
INSERT INTO "Contact" VALUES(91,'melaniewheeler@example.com','Melanie','Wheeler','141');
INSERT INTO "Contact" VALUES(92,'fernandobeltran@example.com','Fernando','Beltran','142');
INSERT INTO "Contact" VALUES(93,'yulianabird@example.com','Yuliana','Bird','143');
INSERT INTO "Contact" VALUES(94,'alysonduffy@example.com','Alyson','Duffy','144');
INSERT INTO "Contact" VALUES(95,'nylawoods@example.com','Nyla','Woods','145');
INSERT INTO "Contact" VALUES(96,'jamesrichards@example.com','James','Richards','146');
INSERT INTO "Contact" VALUES(97,'aaronvaldez@example.com','Aaron','Valdez','147');
INSERT INTO "Contact" VALUES(98,'johnmills@example.com','John','Mills','148');
INSERT INTO "Contact" VALUES(99,'shannongreene@example.com','Shannon','Greene','149');
INSERT INTO "Contact" VALUES(100,'marcoescobar@example.com','Marco','Escobar','150');
INSERT INTO "Contact" VALUES(101,'marcushuynh@example.com','Marcus','Huynh','36');
INSERT INTO "Contact" VALUES(102,'lorelaigross@example.com','Lorelai','Gross','151');
INSERT INTO "Contact" VALUES(103,'elsaguerrero@example.com','Elsa','Guerrero','152');
INSERT INTO "Contact" VALUES(104,'yeseniaritter@example.com','Yesenia','Ritter','153');
INSERT INTO "Contact" VALUES(105,'abrahamsims@example.com','Abraham','Sims','154');
INSERT INTO "Contact" VALUES(106,'kylehuffman@example.com','Kyle','Huffman','1');
INSERT INTO "Contact" VALUES(107,'corahall@example.com','Cora','Hall','2');
INSERT INTO "Contact" VALUES(108,'isaacbarker@example.com','Isaac','Barker','3');
INSERT INTO "Contact" VALUES(109,'kaileyglass@example.com','Kailey','Glass','4');
INSERT INTO "Contact" VALUES(110,'delilahibarra@example.com','Delilah','Ibarra','5');
INSERT INTO "Contact" VALUES(111,'zackerymorgan@example.com','Zackery','Morgan','6');
INSERT INTO "Contact" VALUES(112,'ayannagonzalez@example.com','Ayanna','Gonzalez','37');
INSERT INTO "Contact" VALUES(113,'duncanbowers@example.com','Duncan','Bowers','7');
INSERT INTO "Contact" VALUES(114,'laurynodom@example.com','Lauryn','Odom','8');
INSERT INTO "Contact" VALUES(115,'yusefflores@example.com','Yusef','Flores','9');
INSERT INTO "Contact" VALUES(116,'semajwall@example.com','Semaj','Wall','10');
INSERT INTO "Contact" VALUES(117,'frankiewaller@example.com','Frankie','Waller','11');
INSERT INTO "Contact" VALUES(118,'eliezerbray@example.com','Eliezer','Bray','12');
INSERT INTO "Contact" VALUES(119,'jadenconner@example.com','Jaden','Conner','13');
INSERT INTO "Contact" VALUES(120,'stevenharper@example.com','Steven','Harper','14');
INSERT INTO "Contact" VALUES(121,'karissaaguilar@example.com','Karissa','Aguilar','15');
INSERT INTO "Contact" VALUES(122,'tiaracummings@example.com','Tiara','Cummings','16');
INSERT INTO "Contact" VALUES(123,'taniyasingleton@example.com','Taniya','Singleton','38');
INSERT INTO "Contact" VALUES(124,'ceciliacardenas@example.com','Cecilia','Cardenas','17');
INSERT INTO "Contact" VALUES(125,'christinawebster@example.com','Christina','Webster','18');
INSERT INTO "Contact" VALUES(126,'emiliecosta@example.com','Emilie','Costa','19');
INSERT INTO "Contact" VALUES(127,'ayanahumphrey@example.com','Ayana','Humphrey','20');
INSERT INTO "Contact" VALUES(128,'luciacain@example.com','Lucia','Cain','21');
INSERT INTO "Contact" VALUES(129,'amayadunlap@example.com','Amaya','Dunlap','22');
INSERT INTO "Contact" VALUES(130,'derrickblackwell@example.com','Derrick','Blackwell','23');
INSERT INTO "Contact" VALUES(131,'aliceirwin@example.com','Alice','Irwin','24');
INSERT INTO "Contact" VALUES(132,'fabianhughes@example.com','Fabian','Hughes','25');
INSERT INTO "Contact" VALUES(133,'raelynnwells@example.com','Raelynn','Wells','26');
INSERT INTO "Contact" VALUES(134,'daliaosborn@example.com','Dalia','Osborn','30');
INSERT INTO "Contact" VALUES(135,'laurawoodard@example.com','Laura','Woodard','39');
INSERT INTO "Contact" VALUES(136,'simondavila@example.com','Simon','Davila','51');
INSERT INTO "Contact" VALUES(137,'jamarcusbarnett@example.com','Jamarcus','Barnett','52');
INSERT INTO "Contact" VALUES(138,'adriannanorman@example.com','Adrianna','Norman','53');
INSERT INTO "Contact" VALUES(139,'donnasnow@example.com','Donna','Snow','54');
INSERT INTO "Contact" VALUES(140,'garywood@example.com','Gary','Wood','55');
INSERT INTO "Contact" VALUES(141,'reagannorton@example.com','Reagan','Norton','56');
INSERT INTO "Contact" VALUES(142,'jaylinmorgan@example.com','Jaylin','Morgan','57');
INSERT INTO "Contact" VALUES(143,'miradecker@example.com','Mira','Decker','58');
INSERT INTO "Contact" VALUES(144,'mayalambert@example.com','Maya','Lambert','59');
INSERT INTO "Contact" VALUES(145,'finleybarry@example.com','Finley','Barry','60');
INSERT INTO "Contact" VALUES(146,'shanegibson@example.com','Shane','Gibson','40');
INSERT INTO "Contact" VALUES(147,'benoneill@example.com','Ben','Oneill','61');
INSERT INTO "Contact" VALUES(148,'maiacooley@example.com','Maia','Cooley','62');
INSERT INTO "Contact" VALUES(149,'oliveleach@example.com','Olive','Leach','63');
INSERT INTO "Contact" VALUES(150,'oswaldopacheco@example.com','Oswaldo','Pacheco','64');
INSERT INTO "Contact" VALUES(151,'nicorivers@example.com','Nico','Rivers','65');
INSERT INTO "Contact" VALUES(152,'tiaragriffith@example.com','Tiara','Griffith','66');
INSERT INTO "Contact" VALUES(153,'declanglenn@example.com','Declan','Glenn','67');
INSERT INTO "Contact" VALUES(154,'madalynfrancis@example.com','Madalyn','Francis','68');
INSERT INTO "Contact" VALUES(155,'mathewrhodes@example.com','Mathew','Rhodes','69');
INSERT INTO "Contact" VALUES(156,'eliwhite@example.com','Eli','White','70');
INSERT INTO "Contact" VALUES(157,'aliaduarte@example.com','Alia','Duarte','41');
INSERT INTO "Contact" VALUES(158,'tatianalang@example.com','Tatiana','Lang','71');
INSERT INTO "Contact" VALUES(159,'giaramirez@example.com','Gia','Ramirez','72');
INSERT INTO "Contact" VALUES(160,'alejandroserrano@example.com','Alejandro','Serrano','73');
INSERT INTO "Contact" VALUES(161,'myagalloway@example.com','Mya','Galloway','74');
INSERT INTO "Contact" VALUES(162,'adamclark@example.com','Adam','Clark','75');
INSERT INTO "Contact" VALUES(163,'marisolgonzales@example.com','Marisol','Gonzales','76');
INSERT INTO "Contact" VALUES(164,'myacobb@example.com','Mya','Cobb','103');
INSERT INTO "Contact" VALUES(165,'jayshah@example.com','Jay','Shah','104');
INSERT INTO "Contact" VALUES(166,'nancyarroyo@example.com','Nancy','Arroyo','105');
INSERT INTO "Contact" VALUES(167,'aubriebooker@example.com','Aubrie','Booker','106');
INSERT INTO "Contact" VALUES(168,'neilhuerta@example.com','Neil','Huerta','42');
INSERT INTO "Contact" VALUES(169,'emeliamercer@example.com','Emelia','Mercer','107');
INSERT INTO "Contact" VALUES(170,'yadielhorton@example.com','Yadiel','Horton','108');
INSERT INTO "Contact" VALUES(171,'taniyahrios@example.com','Taniyah','Rios','109');
INSERT INTO "Contact" VALUES(172,'peytoncraig@example.com','Peyton','Craig','110');
INSERT INTO "Contact" VALUES(173,'francescaoliver@example.com','Francesca','Oliver','111');
CREATE TABLE "pmdm__ProgramCohort__c" (
	id INTEGER NOT NULL, 
	"Name" VARCHAR(255), 
	"pmdm__Description__c" VARCHAR(255), 
	"pmdm__EndDate__c" VARCHAR(255), 
	"pmdm__StartDate__c" VARCHAR(255), 
	"pmdm__Status__c" VARCHAR(255), 
	program__c VARCHAR(255), 
	PRIMARY KEY (id)
);
INSERT INTO "pmdm__ProgramCohort__c" VALUES(1,'Job Readiness 2019-2021','This program is designed to assist adults who have experienced a prolonged absence from the workforce for a variety of reasons such as caring for a family member, protracted joblessness following a layoff or return from a short period of incarceration for a minor crime. It''s also intended to provide support for adults in the workforce who are looking to stabilize their housing or working situation.','2021-04-15','2019-04-15','Active','2');
INSERT INTO "pmdm__ProgramCohort__c" VALUES(2,'Fall 2019 STEM','','2019-12-20','2019-09-09','Active','4');
INSERT INTO "pmdm__ProgramCohort__c" VALUES(3,'Eastgate','Eastgate neighborhood service area','','2019-05-01','Active','6');
INSERT INTO "pmdm__ProgramCohort__c" VALUES(4,'Genellen','Genellen neighborhood service area','','2019-05-01','Active','6');
INSERT INTO "pmdm__ProgramCohort__c" VALUES(5,'Riverside','Riverside neighborhood service area','','2019-05-01','Active','6');
INSERT INTO "pmdm__ProgramCohort__c" VALUES(6,'Highpoint','Highpoint neighborhood service area','','2019-05-01','Active','6');
CREATE TABLE "pmdm__ProgramEngagement__c" (
	id INTEGER NOT NULL, 
	"Name" VARCHAR(255), 
	"pmdm__ApplicationDate__c" VARCHAR(255), 
	"pmdm__AutoName_Override__c" VARCHAR(255), 
	"pmdm__EndDate__c" VARCHAR(255), 
	"pmdm__Role__c" VARCHAR(255), 
	"pmdm__Stage__c" VARCHAR(255), 
	"pmdm__StartDate__c" VARCHAR(255), 
	account__c VARCHAR(255), 
	contact__c VARCHAR(255), 
	program__c VARCHAR(255), 
	program_cohort__c VARCHAR(255), 
	PRIMARY KEY (id)
);
INSERT INTO "pmdm__ProgramEngagement__c" VALUES(1,'School Lunch Program - Naima Crawford','','false','','Client','Enrolled','2020-02-03','','70','11','');
INSERT INTO "pmdm__ProgramEngagement__c" VALUES(2,'Mobile Middle School STEM Program - Naima Crawford','','false','2019-12-20','Client','In Progress','2019-09-09','','70','4','2');
INSERT INTO "pmdm__ProgramEngagement__c" VALUES(3,'Job Readiness Program - Arlene Baker','2019-06-19','false','','Client','In Progress','2019-09-04','','47','2','1');
INSERT INTO "pmdm__ProgramEngagement__c" VALUES(4,'Job Readiness Program - Adrianna Norman','','false','','Client','Enrolled','2020-01-06','','138','2','');
INSERT INTO "pmdm__ProgramEngagement__c" VALUES(5,'Job Readiness Program - Gary Wood','','false','','Client','In Progress','2019-10-02','','140','2','');
INSERT INTO "pmdm__ProgramEngagement__c" VALUES(6,'Housing Assistance Program - Jaylin Morgan','','false','','Client','In Progress','2019-09-24','','142','8','');
INSERT INTO "pmdm__ProgramEngagement__c" VALUES(7,'Job Readiness Program - Robin Banks','2019-09-02','false','','Client','In Progress','2019-09-04','','48','2','1');
INSERT INTO "pmdm__ProgramEngagement__c" VALUES(8,'Drug and Alcohol Recovery Management - Robin Banks','2019-08-24','false','','Client','In Progress','2019-09-03','','48','7','');
INSERT INTO "pmdm__ProgramEngagement__c" VALUES(9,'Prenatal and Early Childhood Health Program - Olive Leach','','false','','Client','In Progress','2019-07-08','','149','6','3');
INSERT INTO "pmdm__ProgramEngagement__c" VALUES(10,'Housing Assistance Program - Nico Rivers','','false','','Client','In Progress','2019-09-19','','151','8','');
INSERT INTO "pmdm__ProgramEngagement__c" VALUES(11,'Mobile Middle School STEM Program - Jessica Woods','','false','2019-12-20','Client','In Progress','2019-09-09','','7','4','2');
INSERT INTO "pmdm__ProgramEngagement__c" VALUES(12,'Mobile Middle School STEM Program - Tatiana Lang','','false','','Client','Enrolled','2020-01-06','','158','4','');
INSERT INTO "pmdm__ProgramEngagement__c" VALUES(13,'Prenatal and Early Childhood Health Program - Marisol Gonzales','','false','','Client','In Progress','2019-07-18','','163','6','6');
INSERT INTO "pmdm__ProgramEngagement__c" VALUES(14,'Mobile Middle School STEM Program - Jay Shah','','false','','Client','Enrolled','2019-12-02','','165','4','');
INSERT INTO "pmdm__ProgramEngagement__c" VALUES(15,'Prenatal and Early Childhood Health Program - Nancy Arroyo','','false','','Client','In Progress','2019-10-15','','166','6','6');
INSERT INTO "pmdm__ProgramEngagement__c" VALUES(16,'Drug and Alcohol Recovery Management - Neil Huerta','','false','','Client','Enrolled','2020-01-08','','168','7','');
INSERT INTO "pmdm__ProgramEngagement__c" VALUES(17,'Mobile Middle School STEM Program - Aubrie Booker','','false','','Client','Enrolled','2020-01-06','','167','4','');
INSERT INTO "pmdm__ProgramEngagement__c" VALUES(18,'Housing Assistance Program - Emelia Mercer','','false','','Client','In Progress','2019-10-02','','169','8','');
INSERT INTO "pmdm__ProgramEngagement__c" VALUES(19,'Mobile Middle School STEM Program - Taniyah Rios','','false','2019-12-20','Client','In Progress','2019-09-09','','171','4','2');
INSERT INTO "pmdm__ProgramEngagement__c" VALUES(20,'Prenatal and Early Childhood Health Program - Dayana Atkins','','false','','Client','In Progress','2019-11-22','','5','6','4');
INSERT INTO "pmdm__ProgramEngagement__c" VALUES(21,'Mobile Middle School STEM Program - Khloe Stanley','','false','','Client','Enrolled','2020-02-03','','8','4','');
INSERT INTO "pmdm__ProgramEngagement__c" VALUES(22,'Mobile Middle School STEM Program - Casey Kline','','false','2019-12-20','Client','In Progress','2019-09-09','','10','4','2');
INSERT INTO "pmdm__ProgramEngagement__c" VALUES(23,'Mobile Middle School STEM Program - Diego Case','','false','2019-12-20','Client','In Progress','2019-09-09','','12','4','2');
INSERT INTO "pmdm__ProgramEngagement__c" VALUES(24,'Financial Literacy Program - Jason Barnes','2019-08-23','false','','Client','In Progress','2019-09-09','','52','10','');
INSERT INTO "pmdm__ProgramEngagement__c" VALUES(25,'Housing Assistance Program - Isaac Grant','','false','','Client','In Progress','2019-11-04','','15','8','');
INSERT INTO "pmdm__ProgramEngagement__c" VALUES(26,'Prenatal and Early Childhood Health Program - Audrina Rojas','','false','','Client','In Progress','2019-11-06','','16','6','6');
INSERT INTO "pmdm__ProgramEngagement__c" VALUES(27,'Housing Assistance Program - Hailie Holder','','false','','Client','Enrolled','2020-02-03','','19','8','');
INSERT INTO "pmdm__ProgramEngagement__c" VALUES(28,'Prenatal and Early Childhood Health Program - Caylee Pollard','','false','','Client','In Progress','2019-11-20','','20','6','4');
INSERT INTO "pmdm__ProgramEngagement__c" VALUES(29,'Prenatal and Early Childhood Health Program - Simone Keller','','false','','Client','In Progress','2019-08-12','','23','6','6');
INSERT INTO "pmdm__ProgramEngagement__c" VALUES(30,'Prenatal and Early Childhood Health Program - Violet Ellis','','false','','Client','In Progress','2019-07-03','','24','6','3');
INSERT INTO "pmdm__ProgramEngagement__c" VALUES(31,'ESL Program - Samir Neal','','false','','Client','In Progress','2019-09-09','','25','9','');
INSERT INTO "pmdm__ProgramEngagement__c" VALUES(32,'Prenatal and Early Childhood Health Program - Mira Mcconnell','','false','','Client','In Progress','2019-04-24','','26','6','3');
INSERT INTO "pmdm__ProgramEngagement__c" VALUES(33,'Housing Assistance Program - Angelo Lutz','','false','','Client','Enrolled','2019-12-02','','30','8','');
INSERT INTO "pmdm__ProgramEngagement__c" VALUES(34,'Drug and Alcohol Recovery Management - Turner Carson','','false','','Client','Enrolled','2019-12-10','','32','7','');
INSERT INTO "pmdm__ProgramEngagement__c" VALUES(35,'Prenatal and Early Childhood Health Program - Emelia Fletcher','','false','','Client','In Progress','2019-04-08','','33','6','5');
INSERT INTO "pmdm__ProgramEngagement__c" VALUES(36,'ESL Program - Ariella Branch','','false','','Client','Enrolled','2020-02-03','','55','9','');
INSERT INTO "pmdm__ProgramEngagement__c" VALUES(37,'Prenatal and Early Childhood Health Program - Mira Olson','','false','','Client','Enrolled','2020-02-03','','36','6','');
INSERT INTO "pmdm__ProgramEngagement__c" VALUES(38,'Job Readiness Program - Joe Salinas','','false','','Client','Enrolled','2020-02-06','','39','2','');
INSERT INTO "pmdm__ProgramEngagement__c" VALUES(39,'Job Readiness Program - Anthony Hill','','false','','Client','Enrolled','2019-12-19','','57','2','1');
INSERT INTO "pmdm__ProgramEngagement__c" VALUES(40,'After School Program, Ages 11-13 - Maya Johnson','','false','','Client','Enrolled','2019-12-02','','61','3','');
INSERT INTO "pmdm__ProgramEngagement__c" VALUES(41,'ESL Program - Barbara Johnson','2019-07-03','false','','Client','In Progress','2019-09-09','','62','9','');
INSERT INTO "pmdm__ProgramEngagement__c" VALUES(42,'Prenatal and Early Childhood Health Program - Juliette Cisneros','','false','','Client','In Progress','2019-11-21','','66','6','6');
INSERT INTO "pmdm__ProgramEngagement__c" VALUES(43,'School Lunch Program - Alana Owen','2019-09-09','false','','Client','In Progress','2019-12-19','','67','11','');
INSERT INTO "pmdm__ProgramEngagement__c" VALUES(44,'Mobile Middle School STEM Program - Alana Owen','','false','','Client','In Progress','2019-09-09','','67','4','2');
INSERT INTO "pmdm__ProgramEngagement__c" VALUES(45,'Housing Assistance Program - James Richards','','false','','Client','Enrolled','2020-01-06','','96','8','');
INSERT INTO "pmdm__ProgramEngagement__c" VALUES(46,'Prenatal and Early Childhood Health Program - Amelie Bond','','false','','Client','In Progress','2019-07-30','','74','6','5');
INSERT INTO "pmdm__ProgramEngagement__c" VALUES(47,'Prenatal and Early Childhood Health Program - Julie Myers','','false','','Client','Enrolled','2019-12-11','','75','6','');
INSERT INTO "pmdm__ProgramEngagement__c" VALUES(48,'Prenatal and Early Childhood Health Program - Anika Solomon','','false','','Client','Enrolled','2019-12-02','','41','6','');
INSERT INTO "pmdm__ProgramEngagement__c" VALUES(49,'After School Program, Ages 11-13 - Javon Rodgers','','false','','Client','In Progress','2019-10-01','','79','3','');
INSERT INTO "pmdm__ProgramEngagement__c" VALUES(50,'No More Food Deserts Advocacy - Leon Clayton','','false','','Volunteer','In Progress','2019-09-10','','80','5','');
INSERT INTO "pmdm__ProgramEngagement__c" VALUES(51,'No More Food Deserts Advocacy - Marc Richard','','false','','Volunteer','In Progress','2019-08-12','','81','5','');
INSERT INTO "pmdm__ProgramEngagement__c" VALUES(52,'Remedial Reading Program - Jordan Waller','','false','','Client','In Progress','2019-09-09','','82','1','');
INSERT INTO "pmdm__ProgramEngagement__c" VALUES(53,'After School Program, Ages 11-13 - Jace Hampton','','false','','Client','Enrolled','2020-01-06','','83','3','');
INSERT INTO "pmdm__ProgramEngagement__c" VALUES(54,'School Lunch Program - Sonia Gentry','','false','','Client','Enrolled','2019-12-02','','85','11','');
INSERT INTO "pmdm__ProgramEngagement__c" VALUES(55,'After School Program, Ages 11-13 - Sonia Gentry','','false','2019-12-20','Client','In Progress','2019-09-09','','85','3','');
INSERT INTO "pmdm__ProgramEngagement__c" VALUES(56,'Drug and Alcohol Recovery Management - Alison Barr','','false','','Client','Enrolled','2019-02-04','','86','7','');
INSERT INTO "pmdm__ProgramEngagement__c" VALUES(57,'Remedial Reading Program - Tom Higgins','2019-04-12','false','','Client','In Progress','2019-09-09','','42','1','');
INSERT INTO "pmdm__ProgramEngagement__c" VALUES(58,'School Lunch Program - Tom Higgins','2019-06-08','false','','Client','Enrolled','2019-09-03','','42','11','');
INSERT INTO "pmdm__ProgramEngagement__c" VALUES(59,'After School Program, Ages 11-13 - Tom Higgins','2019-08-29','false','','Client','In Progress','2019-09-03','','42','3','');
INSERT INTO "pmdm__ProgramEngagement__c" VALUES(60,'After School Program, Ages 11-13 - Kellen Cooley','','false','','Client','In Progress','2019-12-02','','88','3','');
INSERT INTO "pmdm__ProgramEngagement__c" VALUES(61,'Financial Literacy Program - Josie Mcclure','','false','','Client','Enrolled','2019-09-09','','90','10','');
INSERT INTO "pmdm__ProgramEngagement__c" VALUES(62,'No More Food Deserts Advocacy - Jay Zimmerman','','false','','Volunteer','In Progress','2019-11-12','','89','5','');
INSERT INTO "pmdm__ProgramEngagement__c" VALUES(63,'ESL Program - Fernando Beltran','','false','','Client','Enrolled','2019-12-02','','92','9','');
INSERT INTO "pmdm__ProgramEngagement__c" VALUES(64,'Mobile Middle School STEM Program - Yuliana Bird','','false','2019-12-20','Client','In Progress','2019-09-09','','93','4','2');
INSERT INTO "pmdm__ProgramEngagement__c" VALUES(65,'No More Food Deserts Advocacy - Aaron Valdez','','false','','Volunteer','In Progress','2019-10-02','','97','5','');
INSERT INTO "pmdm__ProgramEngagement__c" VALUES(66,'No More Food Deserts Advocacy - John Mills','','false','','Volunteer','In Progress','2019-09-02','','98','5','');
INSERT INTO "pmdm__ProgramEngagement__c" VALUES(67,'No More Food Deserts Advocacy - Shannon Greene','','false','','Volunteer','Enrolled','2020-01-08','','99','5','');
INSERT INTO "pmdm__ProgramEngagement__c" VALUES(68,'Remedial Reading Program - Marco Escobar','','false','','Client','In Progress','2019-09-09','','100','1','');
INSERT INTO "pmdm__ProgramEngagement__c" VALUES(69,'After School Program, Ages 11-13 - Marco Escobar','','false','','Client','In Progress','2019-09-09','','100','3','');
INSERT INTO "pmdm__ProgramEngagement__c" VALUES(70,'No More Food Deserts Advocacy - Marcus Huynh','','false','','Volunteer','Enrolled','2020-01-08','','101','5','');
INSERT INTO "pmdm__ProgramEngagement__c" VALUES(71,'Prenatal and Early Childhood Health Program - Yesenia Ritter','2019-08-05','false','','Client','In Progress','2019-11-22','','104','6','4');
INSERT INTO "pmdm__ProgramEngagement__c" VALUES(72,'School Lunch Program - Abraham Sims','','false','','Client','Enrolled','2020-01-06','','105','11','');
INSERT INTO "pmdm__ProgramEngagement__c" VALUES(73,'Mobile Middle School STEM Program - Abraham Sims','','false','','Client','In Progress','2019-09-09','','105','4','2');
INSERT INTO "pmdm__ProgramEngagement__c" VALUES(74,'Prenatal and Early Childhood Health Program - Cora Hall','','false','','Client','In Progress','2019-08-12','','107','6','3');
INSERT INTO "pmdm__ProgramEngagement__c" VALUES(75,'Financial Literacy Program - Isaac Barker','','false','','Client','In Progress','2019-09-09','','108','10','');
INSERT INTO "pmdm__ProgramEngagement__c" VALUES(76,'Prenatal and Early Childhood Health Program - Delilah Ibarra','','false','','Client','In Progress','2019-05-08','','110','6','3');
INSERT INTO "pmdm__ProgramEngagement__c" VALUES(77,'No More Food Deserts Advocacy - Zackery Morgan','','false','','Volunteer','Enrolled','2020-01-07','','111','5','');
INSERT INTO "pmdm__ProgramEngagement__c" VALUES(78,'Drug and Alcohol Recovery Management - Zackery Morgan','','false','','Client','In Progress','2019-10-18','','111','7','');
INSERT INTO "pmdm__ProgramEngagement__c" VALUES(79,'Mobile Middle School STEM Program - Ayanna Gonzalez','','false','2019-12-20','Client','In Progress','2019-09-09','','112','4','2');
INSERT INTO "pmdm__ProgramEngagement__c" VALUES(80,'Prenatal and Early Childhood Health Program - Lauryn Odom','','false','','Client','In Progress','2019-08-21','','114','6','5');
INSERT INTO "pmdm__ProgramEngagement__c" VALUES(81,'Financial Literacy Program - Yusef Flores','','false','','Client','In Progress','2019-09-09','','115','10','');
INSERT INTO "pmdm__ProgramEngagement__c" VALUES(82,'ESL Program - Yusef Flores','','false','','Client','Enrolled','2020-01-06','','115','9','');
INSERT INTO "pmdm__ProgramEngagement__c" VALUES(83,'Financial Literacy Program - Semaj Wall','','false','','Client','In Progress','2019-09-09','','116','10','');
INSERT INTO "pmdm__ProgramEngagement__c" VALUES(84,'ESL Program - Semaj Wall','','false','','Client','In Progress','2019-10-01','','116','9','');
INSERT INTO "pmdm__ProgramEngagement__c" VALUES(85,'Financial Literacy Program - Frankie Waller','','false','','Client','In Progress','2019-12-19','','117','10','');
INSERT INTO "pmdm__ProgramEngagement__c" VALUES(86,'No More Food Deserts Advocacy - Eliezer Bray','','false','','Volunteer','Enrolled','2020-02-08','','118','5','');
INSERT INTO "pmdm__ProgramEngagement__c" VALUES(87,'Financial Literacy Program - Steven Harper','2020-02-03','false','','Client','Enrolled','2020-02-03','','120','10','');
INSERT INTO "pmdm__ProgramEngagement__c" VALUES(88,'Prenatal and Early Childhood Health Program - Karissa Aguilar','','false','','Client','In Progress','2019-08-20','','121','6','6');
INSERT INTO "pmdm__ProgramEngagement__c" VALUES(89,'No More Food Deserts Advocacy - Taniya Singleton','','false','','Volunteer','Enrolled','2019-12-02','','123','5','');
INSERT INTO "pmdm__ProgramEngagement__c" VALUES(90,'Remedial Reading Program - Christina Webster','','false','','Client','Enrolled','2020-02-03','','125','1','');
INSERT INTO "pmdm__ProgramEngagement__c" VALUES(91,'Remedial Reading Program - Emilie Costa','','false','','Client','Enrolled','2020-01-06','','126','1','');
INSERT INTO "pmdm__ProgramEngagement__c" VALUES(92,'After School Program, Ages 11-13 - Emilie Costa','','false','','Client','Enrolled','2020-02-08','','126','3','');
INSERT INTO "pmdm__ProgramEngagement__c" VALUES(93,'Financial Literacy Program - Lucia Cain','','false','','Client','Enrolled','2020-01-06','','128','10','');
INSERT INTO "pmdm__ProgramEngagement__c" VALUES(94,'Financial Literacy Program - Alice Irwin','','false','','Client','Enrolled','2019-12-02','','131','10','');
INSERT INTO "pmdm__ProgramEngagement__c" VALUES(95,'Remedial Reading Program - Fabian Hughes','2019-12-02','false','','Client','Enrolled','2019-12-19','','132','1','');
INSERT INTO "pmdm__ProgramEngagement__c" VALUES(96,'School Lunch Program - Fabian Hughes','','false','','Client','In Progress','2019-09-09','','132','11','');
INSERT INTO "pmdm__ProgramEngagement__c" VALUES(97,'After School Program, Ages 11-13 - Fabian Hughes','','false','','Client','In Progress','2019-09-09','','132','3','');
INSERT INTO "pmdm__ProgramEngagement__c" VALUES(98,'Housing Assistance Program - Dalia Osborn','','false','','Client','Enrolled','2020-01-06','','134','8','');
INSERT INTO "pmdm__ProgramEngagement__c" VALUES(99,'Prenatal and Early Childhood Health Program - Laura Woodard','','false','','Client','Enrolled','2020-01-10','','135','6','');
INSERT INTO "pmdm__ProgramEngagement__c" VALUES(100,'Mobile Middle School STEM Program - Alia Duarte','','false','','Client','In Progress','2019-09-09','41','157','4','2');
INSERT INTO "pmdm__ProgramEngagement__c" VALUES(101,'Housing Assistance Program - Tom Higgins','2019-05-25','false','','Client','Enrolled','2019-06-01','78','42','8','');
CREATE TABLE "pmdm__Program__c" (
	id INTEGER NOT NULL, 
	"Name" VARCHAR(255), 
	"pmdm__Description__c" VARCHAR(255), 
	"pmdm__EndDate__c" VARCHAR(255), 
	"pmdm__ProgramIssueArea__c" VARCHAR(255), 
	"pmdm__StartDate__c" VARCHAR(255), 
	"pmdm__Status__c" VARCHAR(255), 
	"pmdm__ShortSummary__c" VARCHAR(255), 
	"pmdm__TargetPopulation__c" VARCHAR(255), 
	PRIMARY KEY (id)
);
INSERT INTO "pmdm__Program__c" VALUES(1,'Remedial Reading Program','A structured reading assistance program designed targeted at students who have underperformed on state reading comprehension tests.','2020-05-15','Education','2019-06-03','Active','Provides students the support they need to achieve an age appropriate reading level.','Children under 18  enrolled in school district 31');
INSERT INTO "pmdm__Program__c" VALUES(2,'Job Readiness Program','This program is designed to assist adults who have experienced a prolonged absence from the workforce for a variety of reasons such as caring for a family member, protracted joblessness following a layoff or return from a short period of incarceration for a minor crime. It''s also intended to provide support for adults in the workforce who are looking to stabilize their housing or working situation.','2021-04-15','Employment','2019-04-15','Active','Assisting adults who have experienced a prolonged absence from the workforce or are  seeking to progressively stabilize their experience in the workforce.','Adults under the poverty line, seeking to  re-enter the  workforce after an absence or seeking to progressively stabilize their experience in the workforce');
INSERT INTO "pmdm__Program__c" VALUES(3,'After School Program, Ages 11-13','This program''s goal is to provide  a safe and monitored after school activity for district 31 middle school children whose parents work or are otherwise unavailable weekdays when school is in session. It runs from 3:00-5:30 PM on weekdays. Children can attend in a drop-in basis if they can produce a valid student ID card. There is a nominal fee to participate in the program. This fee can be paid out of other monetary assistance program offered to qualifying families with children in district 31.','2020-05-31','Education','2019-09-01','Active','An after school program for children enrolled in district 31.','Children aged 11-13 enrolled in school district 31');
INSERT INTO "pmdm__Program__c" VALUES(4,'Mobile Middle School STEM Program','The program focuses on bringing hands-on mid-level STEM courses into the classroom at least twice a week, and promotes awareness of the STEM fields and occupations. It provides standards-based structured inquiry-based and real-world problem-based learning, connecting all four of the STEM subjects, science, technology, engineering, and math. The goal is to pique students'' interest in them wanting to pursue the courses, not because they have to.','2020-05-15','Education','2019-09-09','Active','The program brings hands-on mid-level STEM courses into the classroom at least twice a week','Middle School students aged 11-14');
INSERT INTO "pmdm__Program__c" VALUES(5,'No More Food Deserts Advocacy','Advocacy program calling attention to and seeking remediation for the area''s lack of affordable grocery store options. This is an awareness-building campaign intended to garner support and funding for affordable alternatives from grantmakers and to be supported by the city and county councils.','','Advocacy','2019-08-01','Active','Calling attention to and seeking remediation for the area''s lack of affordable grocery store options.','Area residents, city and county government and grantmakers funding in the region.');
INSERT INTO "pmdm__Program__c" VALUES(6,'Prenatal and Early Childhood Health Program','','','Food and Nutrition','','Active','','');
INSERT INTO "pmdm__Program__c" VALUES(7,'Drug and Alcohol Recovery Management','Recovery management and mental health services addressing  alcohol and drug dependency, and opioid addiction.','2019-12-31','','2019-01-01','Active','Recovery program for adults with dependency on alcohol, drugs,  or opioids.','Adult individuals, families and communities affected by addiction to alcohol and other drugs.');
INSERT INTO "pmdm__Program__c" VALUES(8,'Housing Assistance Program','The Housing Assistance program provides assistance for families with children under the age of 18. The family shelters provide both short-term ( and also longer term up to 3 months) emergency shelter. Case management services are available to applicants including referrals to other non-profit needed resources, counseling, food, personal hygiene supplies and free bus tickets. The primary goal of the program is to help families find more permanent housing.','','Housing','2019-05-01','Active','Providing assistance for families with children under the age of 18.','Families with children under the age of 18');
INSERT INTO "pmdm__Program__c" VALUES(9,'ESL Program','The primary objective of the ESL program is to teach the students how to read, write, speak and listen to English to be more successful in the all-English classroom setting. Spanish is the language spoken most often by our English learners. Other languages include: German, Chinese, Haitian Creole, Arabic, and some Indian Dialects from Mexico and Guatemala.','2020-05-30','','2019-09-09','Active','A language instruction educational program for students whose primary language is not English.','A practical conversational  English class for those whose primary language is not English.');
INSERT INTO "pmdm__Program__c" VALUES(10,'Financial Literacy Program','The Financial Literacy program teaches students the basics of money management: budgeting, saving, debt, investing, and giving. That knowledge lays a foundation for students to build strong money habits early on and avoid many of the mistakes that lead to lifelong money struggles.','2019-12-13','Education','2019-09-04','Active','Teaches students the basics of money management.','Children aged 15-18 enrolled in school district 31');
INSERT INTO "pmdm__Program__c" VALUES(11,'School Lunch Program','Public Schools Nutrition Services fuels over 14,600 student lunches and 5,800 breakfasts each day and adheres to the highest level of national nutrition standards and provides many locally sourced fruits, vegetables and beans daily.','2020-05-30','Food and Nutrition','2019-09-03','Active','A school lunch program that adheres to the highest level of national nutrition standards and provides many locally sourced fruits, vegetables and beans daily.','Children under 18  enrolled in school district 31');
CREATE TABLE "pmdm__ServiceDelivery__c" (
	id INTEGER NOT NULL, 
	"Name" VARCHAR(255), 
	"pmdm__AutonameOverride__c" VARCHAR(255), 
	"pmdm__DeliveryDate__c" VARCHAR(255), 
	"pmdm__Quantity__c" VARCHAR(255), 
	service__c VARCHAR(255), 
	account__c VARCHAR(255), 
	contact__c VARCHAR(255), 
	program_engagement__c VARCHAR(255), 
	PRIMARY KEY (id)
);
INSERT INTO "pmdm__ServiceDelivery__c" VALUES(1,'Tom Higgins - Grade 1-8 Reading Tutoring','false','2019-09-13','4.0','1','','42','57');
INSERT INTO "pmdm__ServiceDelivery__c" VALUES(2,'Tom Higgins - Grade 1-8 Reading Tutoring','false','2019-11-15','3.0','1','','42','57');
INSERT INTO "pmdm__ServiceDelivery__c" VALUES(3,'Tom Higgins - Grade 1-8 Reading Tutoring','false','2019-11-29','3.0','1','','42','57');
INSERT INTO "pmdm__ServiceDelivery__c" VALUES(4,'Tom Higgins - Grade 1-8 Reading Tutoring','false','2020-01-10','3.0','1','','42','57');
INSERT INTO "pmdm__ServiceDelivery__c" VALUES(5,'Tom Higgins - Grade 1-8 Reading Tutoring','false','2019-10-18','1.0','1','','42','57');
INSERT INTO "pmdm__ServiceDelivery__c" VALUES(6,'Tom Higgins - Grade 1-8 Reading Tutoring','false','2019-10-25','3.0','1','','42','57');
INSERT INTO "pmdm__ServiceDelivery__c" VALUES(7,'Tom Higgins - Grade 1-8 Reading Tutoring','false','2019-09-27','4.0','1','','42','57');
INSERT INTO "pmdm__ServiceDelivery__c" VALUES(8,'Tom Higgins - Grade 1-8 Reading Tutoring','false','2019-12-20','2.0','1','','42','57');
INSERT INTO "pmdm__ServiceDelivery__c" VALUES(9,'Tom Higgins - Grade 1-8 Reading Tutoring','false','2019-11-01','3.0','1','','42','57');
INSERT INTO "pmdm__ServiceDelivery__c" VALUES(10,'Tom Higgins - Grade 1-8 Reading Tutoring','false','2019-12-06','3.0','1','','42','57');
INSERT INTO "pmdm__ServiceDelivery__c" VALUES(11,'Tom Higgins - Grade 1-8 Reading Tutoring','false','2019-11-08','3.0','1','','42','57');
INSERT INTO "pmdm__ServiceDelivery__c" VALUES(12,'Tom Higgins - Grade 1-8 Reading Tutoring','false','2019-09-20','4.0','1','','42','57');
INSERT INTO "pmdm__ServiceDelivery__c" VALUES(13,'Marco Escobar - Grade 1-8 Reading Tutoring','false','2019-12-06','2.0','1','','100','68');
INSERT INTO "pmdm__ServiceDelivery__c" VALUES(14,'Marco Escobar - Grade 1-8 Reading Tutoring','false','2019-10-04','3.0','1','','100','68');
INSERT INTO "pmdm__ServiceDelivery__c" VALUES(15,'Marco Escobar - Grade 1-8 Reading Tutoring','false','2019-10-11','3.0','1','','100','68');
INSERT INTO "pmdm__ServiceDelivery__c" VALUES(16,'Marco Escobar - Grade 1-8 Reading Tutoring','false','2019-10-25','3.0','1','','100','68');
INSERT INTO "pmdm__ServiceDelivery__c" VALUES(17,'Marco Escobar - Grade 1-8 Reading Tutoring','false','2019-09-20','3.0','1','','100','68');
INSERT INTO "pmdm__ServiceDelivery__c" VALUES(18,'Marco Escobar - Grade 1-8 Reading Tutoring','false','2019-11-01','3.0','1','','100','68');
INSERT INTO "pmdm__ServiceDelivery__c" VALUES(19,'Marco Escobar - Grade 1-8 Reading Tutoring','false','2019-11-22','3.0','1','','100','68');
INSERT INTO "pmdm__ServiceDelivery__c" VALUES(20,'Marco Escobar - Grade 1-8 Reading Tutoring','false','2020-01-10','3.0','1','','100','68');
INSERT INTO "pmdm__ServiceDelivery__c" VALUES(21,'Marco Escobar - Grade 1-8 Reading Tutoring','false','2019-11-15','3.0','1','','100','68');
INSERT INTO "pmdm__ServiceDelivery__c" VALUES(22,'Marco Escobar - Grade 1-8 Reading Tutoring','false','2019-11-29','3.0','1','','100','68');
INSERT INTO "pmdm__ServiceDelivery__c" VALUES(23,'Marco Escobar - Grade 1-8 Reading Tutoring','false','2019-09-27','3.0','1','','100','68');
INSERT INTO "pmdm__ServiceDelivery__c" VALUES(24,'Marco Escobar - Grade 1-8 Reading Tutoring','false','2019-12-13','3.0','1','','100','68');
INSERT INTO "pmdm__ServiceDelivery__c" VALUES(25,'Marco Escobar - Grade 1-8 Reading Tutoring','false','2019-10-18','3.0','1','','100','68');
INSERT INTO "pmdm__ServiceDelivery__c" VALUES(26,'Marco Escobar - Grade 1-8 Reading Tutoring','false','2019-11-08','3.0','1','','100','68');
INSERT INTO "pmdm__ServiceDelivery__c" VALUES(27,'Marco Escobar - Grade 1-8 Reading Tutoring','false','2019-12-20','3.0','1','','100','68');
INSERT INTO "pmdm__ServiceDelivery__c" VALUES(28,'Marco Escobar - Grade 1-8 Reading Tutoring','false','2019-09-13','3.0','1','','100','68');
INSERT INTO "pmdm__ServiceDelivery__c" VALUES(29,'Emilie Costa - Grade 1-8 Reading Tutoring','false','2020-01-10','3.0','1','','126','91');
INSERT INTO "pmdm__ServiceDelivery__c" VALUES(30,'Diego Case - Middle School STEM Classroom Hours','false','2019-11-06','2.0','8','','12','23');
INSERT INTO "pmdm__ServiceDelivery__c" VALUES(31,'Diego Case - Middle School STEM Classroom Hours','false','2019-11-13','2.0','8','','12','23');
INSERT INTO "pmdm__ServiceDelivery__c" VALUES(32,'Diego Case - Middle School STEM Classroom Hours','false','2019-11-20','2.0','8','','12','23');
INSERT INTO "pmdm__ServiceDelivery__c" VALUES(33,'Diego Case - Middle School STEM Classroom Hours','false','2019-12-04','2.0','8','','12','23');
INSERT INTO "pmdm__ServiceDelivery__c" VALUES(34,'Diego Case - Middle School STEM Classroom Hours','false','2019-10-02','2.0','8','','12','23');
INSERT INTO "pmdm__ServiceDelivery__c" VALUES(35,'Diego Case - Middle School STEM Classroom Hours','false','2020-01-08','2.0','8','','12','23');
INSERT INTO "pmdm__ServiceDelivery__c" VALUES(36,'Alana Owen - Middle School STEM Classroom Hours','false','2019-09-11','2.0','8','','67','44');
INSERT INTO "pmdm__ServiceDelivery__c" VALUES(37,'Alana Owen - Middle School STEM Classroom Hours','false','2019-09-25','2.0','8','','67','44');
INSERT INTO "pmdm__ServiceDelivery__c" VALUES(38,'Alana Owen - Middle School STEM Classroom Hours','false','2019-10-30','2.0','8','','67','44');
INSERT INTO "pmdm__ServiceDelivery__c" VALUES(39,'Alana Owen - Middle School STEM Classroom Hours','false','2019-12-18','2.0','8','','67','44');
INSERT INTO "pmdm__ServiceDelivery__c" VALUES(40,'Alana Owen - Middle School STEM Classroom Hours','false','2019-11-06','2.0','8','','67','44');
INSERT INTO "pmdm__ServiceDelivery__c" VALUES(41,'Alana Owen - Middle School STEM Classroom Hours','false','2019-10-16','2.0','8','','67','44');
INSERT INTO "pmdm__ServiceDelivery__c" VALUES(42,'Alana Owen - Middle School STEM Classroom Hours','false','2019-10-02','2.0','8','','67','44');
INSERT INTO "pmdm__ServiceDelivery__c" VALUES(43,'Alana Owen - Middle School STEM Classroom Hours','false','2019-12-04','2.0','8','','67','44');
INSERT INTO "pmdm__ServiceDelivery__c" VALUES(44,'Alana Owen - Middle School STEM Classroom Hours','false','2019-12-11','2.0','8','','67','44');
INSERT INTO "pmdm__ServiceDelivery__c" VALUES(45,'Alana Owen - Middle School STEM Classroom Hours','false','2019-10-23','2.0','8','','67','44');
INSERT INTO "pmdm__ServiceDelivery__c" VALUES(46,'Alana Owen - Middle School STEM Classroom Hours','false','2019-11-13','2.0','8','','67','44');
INSERT INTO "pmdm__ServiceDelivery__c" VALUES(47,'Alana Owen - Middle School STEM Classroom Hours','false','2019-11-20','2.0','8','','67','44');
INSERT INTO "pmdm__ServiceDelivery__c" VALUES(48,'Alana Owen - Middle School STEM Classroom Hours','false','2019-09-18','2.0','8','','67','44');
INSERT INTO "pmdm__ServiceDelivery__c" VALUES(49,'Yuliana Bird - Middle School STEM Classroom Hours','false','2019-12-18','2.0','8','','93','64');
INSERT INTO "pmdm__ServiceDelivery__c" VALUES(50,'Yuliana Bird - Middle School STEM Classroom Hours','false','2019-11-13','2.0','8','','93','64');
INSERT INTO "pmdm__ServiceDelivery__c" VALUES(51,'Yuliana Bird - Middle School STEM Classroom Hours','false','2019-10-30','2.0','8','','93','64');
INSERT INTO "pmdm__ServiceDelivery__c" VALUES(52,'Yuliana Bird - Middle School STEM Classroom Hours','false','2019-12-11','2.0','8','','93','64');
INSERT INTO "pmdm__ServiceDelivery__c" VALUES(53,'Yuliana Bird - Middle School STEM Classroom Hours','false','2019-10-16','2.0','8','','93','64');
INSERT INTO "pmdm__ServiceDelivery__c" VALUES(54,'Yuliana Bird - Middle School STEM Classroom Hours','false','2019-11-20','2.0','8','','93','64');
INSERT INTO "pmdm__ServiceDelivery__c" VALUES(55,'Yuliana Bird - Middle School STEM Classroom Hours','false','2019-10-09','2.0','8','','93','64');
INSERT INTO "pmdm__ServiceDelivery__c" VALUES(56,'Yuliana Bird - Middle School STEM Classroom Hours','false','2019-11-06','2.0','8','','93','64');
INSERT INTO "pmdm__ServiceDelivery__c" VALUES(57,'Yuliana Bird - Middle School STEM Classroom Hours','false','2019-10-23','2.0','8','','93','64');
INSERT INTO "pmdm__ServiceDelivery__c" VALUES(58,'Fabian Hughes - Grade 1-8 Reading Tutoring','false','2019-12-20','1.0','1','','132','95');
INSERT INTO "pmdm__ServiceDelivery__c" VALUES(59,'Fabian Hughes - Grade 1-8 Reading Tutoring','false','2020-01-10','3.0','1','','132','95');
INSERT INTO "pmdm__ServiceDelivery__c" VALUES(60,'Arlene Baker - Job Interviews completed','false','2019-10-11','1.0','4','','47','3');
INSERT INTO "pmdm__ServiceDelivery__c" VALUES(61,'Arlene Baker - Job Interviews completed','false','2019-10-15','2.0','4','','47','3');
INSERT INTO "pmdm__ServiceDelivery__c" VALUES(62,'Arlene Baker - Financial Advisor Sessions','false','2019-09-05','0.5','5','','47','3');
INSERT INTO "pmdm__ServiceDelivery__c" VALUES(63,'Arlene Baker - Financial Advisor Sessions','false','2019-12-04','0.5','5','','47','3');
INSERT INTO "pmdm__ServiceDelivery__c" VALUES(64,'Arlene Baker - Financial Advisor Sessions','false','2019-10-07','0.5','5','','47','3');
INSERT INTO "pmdm__ServiceDelivery__c" VALUES(65,'Arlene Baker - Financial Advisor Sessions','false','2019-11-05','0.5','5','','47','3');
INSERT INTO "pmdm__ServiceDelivery__c" VALUES(66,'Arlene Baker - Financial Advisor Sessions','false','2020-01-06','0.5','5','','47','3');
INSERT INTO "pmdm__ServiceDelivery__c" VALUES(67,'Gary Wood - Financial Advisor Sessions','false','2019-10-02','0.5','5','','140','5');
INSERT INTO "pmdm__ServiceDelivery__c" VALUES(68,'Gary Wood - Financial Advisor Sessions','false','2019-11-04','0.5','5','','140','5');
INSERT INTO "pmdm__ServiceDelivery__c" VALUES(69,'Gary Wood - Financial Advisor Sessions','true','2020-01-02','0.5','5','','140','5');
INSERT INTO "pmdm__ServiceDelivery__c" VALUES(70,'Gary Wood - Financial Advisor Sessions','true','2019-12-03','0.5','5','','140','5');
INSERT INTO "pmdm__ServiceDelivery__c" VALUES(71,'Gary Wood - Financial Advisor Sessions','true','2020-01-02','0.5','5','','140','5');
INSERT INTO "pmdm__ServiceDelivery__c" VALUES(72,'Robin Banks - Financial Advisor Sessions','false','2019-10-07','0.5','5','','48','3');
INSERT INTO "pmdm__ServiceDelivery__c" VALUES(73,'Robin Banks - Financial Advisor Sessions','false','2019-10-07','0.5','5','','48','7');
INSERT INTO "pmdm__ServiceDelivery__c" VALUES(74,'Robin Banks - Financial Advisor Sessions','false','2019-11-04','0.5','5','','48','7');
INSERT INTO "pmdm__ServiceDelivery__c" VALUES(75,'Robin Banks - Financial Advisor Sessions','false','2019-09-09','0.5','5','','48','7');
INSERT INTO "pmdm__ServiceDelivery__c" VALUES(76,'Arlene Baker - Job Readiness Coaching','false','2019-11-27','0.5','6','','47','3');
INSERT INTO "pmdm__ServiceDelivery__c" VALUES(77,'Arlene Baker - Job Readiness Coaching','false','2019-11-29','0.75','6','','47','3');
INSERT INTO "pmdm__ServiceDelivery__c" VALUES(78,'Arlene Baker - Job Readiness Coaching','false','2019-09-25','0.75','6','','47','3');
INSERT INTO "pmdm__ServiceDelivery__c" VALUES(79,'Arlene Baker - Job Readiness Coaching','false','2019-10-30','0.75','6','','47','3');
INSERT INTO "pmdm__ServiceDelivery__c" VALUES(80,'Adrianna Norman - Job Readiness Coaching','false','2020-01-07','1.0','6','','138','4');
INSERT INTO "pmdm__ServiceDelivery__c" VALUES(81,'Gary Wood - Job Readiness Coaching','false','2019-12-20','0.75','6','','140','5');
INSERT INTO "pmdm__ServiceDelivery__c" VALUES(82,'Gary Wood - Job Readiness Coaching','false','2019-11-21','0.75','6','','140','5');
INSERT INTO "pmdm__ServiceDelivery__c" VALUES(83,'Gary Wood - Job Readiness Coaching','false','2019-10-25','0.75','6','','140','5');
INSERT INTO "pmdm__ServiceDelivery__c" VALUES(84,'Robin Banks - Job Readiness Coaching','false','2019-12-20','0.75','6','','48','7');
INSERT INTO "pmdm__ServiceDelivery__c" VALUES(85,'Robin Banks - Job Readiness Coaching','false','2019-10-28','0.75','6','','48','7');
INSERT INTO "pmdm__ServiceDelivery__c" VALUES(86,'Robin Banks - Job Readiness Coaching','false','2019-09-27','0.75','6','','48','7');
INSERT INTO "pmdm__ServiceDelivery__c" VALUES(87,'Robin Banks - 12 Step Recovery Program','false','2019-09-03','1.0','15','','48','8');
INSERT INTO "pmdm__ServiceDelivery__c" VALUES(88,'Yuliana Bird - Middle School STEM Classroom Hours','false','2019-09-11','2.0','8','','93','64');
INSERT INTO "pmdm__ServiceDelivery__c" VALUES(89,'Yuliana Bird - Middle School STEM Classroom Hours','false','2019-09-18','2.0','8','','93','64');
INSERT INTO "pmdm__ServiceDelivery__c" VALUES(90,'Yuliana Bird - Middle School STEM Classroom Hours','false','2019-12-04','2.0','8','','93','64');
INSERT INTO "pmdm__ServiceDelivery__c" VALUES(91,'Yuliana Bird - Middle School STEM Classroom Hours','false','2019-09-25','2.0','8','','93','64');
INSERT INTO "pmdm__ServiceDelivery__c" VALUES(92,'Yuliana Bird - Middle School STEM Classroom Hours','false','2019-10-02','2.0','8','','93','64');
INSERT INTO "pmdm__ServiceDelivery__c" VALUES(93,'Yuliana Bird - Middle School STEM Classroom Hours','false','2020-01-08','2.0','8','','93','64');
INSERT INTO "pmdm__ServiceDelivery__c" VALUES(94,'Abraham Sims - Middle School STEM Classroom Hours','false','2019-10-09','2.0','8','','105','73');
INSERT INTO "pmdm__ServiceDelivery__c" VALUES(95,'Abraham Sims - Middle School STEM Classroom Hours','false','2019-10-02','2.0','8','','105','73');
INSERT INTO "pmdm__ServiceDelivery__c" VALUES(96,'Abraham Sims - Middle School STEM Classroom Hours','false','2019-09-25','2.0','8','','105','73');
INSERT INTO "pmdm__ServiceDelivery__c" VALUES(97,'Abraham Sims - Middle School STEM Classroom Hours','false','2019-10-16','2.0','8','','105','73');
INSERT INTO "pmdm__ServiceDelivery__c" VALUES(98,'Abraham Sims - Middle School STEM Classroom Hours','false','2019-10-23','2.0','8','','105','73');
INSERT INTO "pmdm__ServiceDelivery__c" VALUES(99,'Abraham Sims - Middle School STEM Classroom Hours','false','2019-09-11','2.0','8','','105','73');
INSERT INTO "pmdm__ServiceDelivery__c" VALUES(100,'Abraham Sims - Middle School STEM Classroom Hours','false','2019-12-04','2.0','8','','105','73');
INSERT INTO "pmdm__ServiceDelivery__c" VALUES(101,'Abraham Sims - Middle School STEM Classroom Hours','false','2019-12-11','2.0','8','','105','73');
INSERT INTO "pmdm__ServiceDelivery__c" VALUES(102,'Abraham Sims - Middle School STEM Classroom Hours','false','2019-09-18','2.0','8','','105','73');
INSERT INTO "pmdm__ServiceDelivery__c" VALUES(103,'Abraham Sims - Middle School STEM Classroom Hours','false','2019-11-20','2.0','8','','105','73');
INSERT INTO "pmdm__ServiceDelivery__c" VALUES(104,'Abraham Sims - Middle School STEM Classroom Hours','false','2019-11-06','2.0','8','','105','73');
INSERT INTO "pmdm__ServiceDelivery__c" VALUES(105,'Abraham Sims - Middle School STEM Classroom Hours','false','2019-10-30','2.0','8','','105','73');
INSERT INTO "pmdm__ServiceDelivery__c" VALUES(106,'Abraham Sims - Middle School STEM Classroom Hours','false','2019-12-18','2.0','8','','105','73');
INSERT INTO "pmdm__ServiceDelivery__c" VALUES(107,'Abraham Sims - Middle School STEM Classroom Hours','false','2019-11-13','2.0','8','','105','73');
INSERT INTO "pmdm__ServiceDelivery__c" VALUES(108,'Ayanna Gonzalez - Middle School STEM Classroom Hours','false','2019-10-16','2.0','8','','112','79');
INSERT INTO "pmdm__ServiceDelivery__c" VALUES(109,'Ayanna Gonzalez - Middle School STEM Classroom Hours','false','2019-10-23','2.0','8','','112','79');
INSERT INTO "pmdm__ServiceDelivery__c" VALUES(110,'Ayanna Gonzalez - Middle School STEM Classroom Hours','false','2019-10-02','2.0','8','','112','79');
INSERT INTO "pmdm__ServiceDelivery__c" VALUES(111,'Ayanna Gonzalez - Middle School STEM Classroom Hours','false','2019-10-09','2.0','8','','112','79');
INSERT INTO "pmdm__ServiceDelivery__c" VALUES(112,'Ayanna Gonzalez - Middle School STEM Classroom Hours','false','2019-11-20','2.0','8','','112','79');
INSERT INTO "pmdm__ServiceDelivery__c" VALUES(113,'Ayanna Gonzalez - Middle School STEM Classroom Hours','false','2019-12-11','2.0','8','','112','79');
INSERT INTO "pmdm__ServiceDelivery__c" VALUES(114,'Ayanna Gonzalez - Middle School STEM Classroom Hours','false','2019-12-18','2.0','8','','112','79');
INSERT INTO "pmdm__ServiceDelivery__c" VALUES(115,'Ayanna Gonzalez - Middle School STEM Classroom Hours','false','2019-09-18','2.0','8','','112','79');
INSERT INTO "pmdm__ServiceDelivery__c" VALUES(116,'Robin Banks - 12 Step Recovery Program','false','2019-09-10','1.0','15','','48','8');
INSERT INTO "pmdm__ServiceDelivery__c" VALUES(117,'Robin Banks - 12 Step Recovery Program','false','2019-09-17','1.0','15','','48','8');
INSERT INTO "pmdm__ServiceDelivery__c" VALUES(118,'Robin Banks - 12 Step Recovery Program','false','2019-09-24','1.0','15','','48','8');
INSERT INTO "pmdm__ServiceDelivery__c" VALUES(119,'Robin Banks - 12 Step Recovery Program','false','2020-01-07','1.0','15','','48','8');
INSERT INTO "pmdm__ServiceDelivery__c" VALUES(120,'Robin Banks - 12 Step Recovery Program','false','2019-10-29','1.0','15','','48','8');
INSERT INTO "pmdm__ServiceDelivery__c" VALUES(121,'Robin Banks - 12 Step Recovery Program','false','2019-11-19','1.0','15','','48','8');
INSERT INTO "pmdm__ServiceDelivery__c" VALUES(122,'Robin Banks - 12 Step Recovery Program','false','2019-11-26','1.0','15','','48','8');
INSERT INTO "pmdm__ServiceDelivery__c" VALUES(123,'Robin Banks - 12 Step Recovery Program','false','2019-12-24','1.0','15','','48','8');
INSERT INTO "pmdm__ServiceDelivery__c" VALUES(124,'Robin Banks - 12 Step Recovery Program','false','2020-01-14','1.0','15','','48','8');
INSERT INTO "pmdm__ServiceDelivery__c" VALUES(125,'Robin Banks - 12 Step Recovery Program','false','2019-10-01','1.0','15','','48','8');
INSERT INTO "pmdm__ServiceDelivery__c" VALUES(126,'Robin Banks - 12 Step Recovery Program','false','2019-11-12','1.0','15','','48','8');
INSERT INTO "pmdm__ServiceDelivery__c" VALUES(127,'Robin Banks - 12 Step Recovery Program','false','2019-10-08','1.0','15','','48','8');
INSERT INTO "pmdm__ServiceDelivery__c" VALUES(128,'Robin Banks - 12 Step Recovery Program','false','2019-10-15','1.0','15','','48','8');
INSERT INTO "pmdm__ServiceDelivery__c" VALUES(129,'Robin Banks - 12 Step Recovery Program','false','2019-12-30','1.0','15','','48','8');
INSERT INTO "pmdm__ServiceDelivery__c" VALUES(130,'Robin Banks - 12 Step Recovery Program','false','2019-10-22','1.0','15','','48','8');
INSERT INTO "pmdm__ServiceDelivery__c" VALUES(131,'Robin Banks - 12 Step Recovery Program','false','2019-12-10','1.0','15','','48','8');
INSERT INTO "pmdm__ServiceDelivery__c" VALUES(132,'Robin Banks - 12 Step Recovery Program','false','2019-11-05','1.0','15','','48','8');
INSERT INTO "pmdm__ServiceDelivery__c" VALUES(133,'Robin Banks - 12 Step Recovery Program','false','2019-12-03','1.0','15','','48','8');
INSERT INTO "pmdm__ServiceDelivery__c" VALUES(134,'Robin Banks - 12 Step Recovery Program','false','2019-12-17','1.0','15','','48','8');
INSERT INTO "pmdm__ServiceDelivery__c" VALUES(135,'Neil Huerta - 12 Step Recovery Program','false','2020-01-13','1.0','15','','168','16');
INSERT INTO "pmdm__ServiceDelivery__c" VALUES(136,'Neil Huerta - 12 Step Recovery Program','false','2020-01-16','1.0','15','','168','16');
INSERT INTO "pmdm__ServiceDelivery__c" VALUES(137,'Turner Carson - 12 Step Recovery Program','false','2019-12-30','1.0','15','','32','34');
INSERT INTO "pmdm__ServiceDelivery__c" VALUES(138,'Turner Carson - 12 Step Recovery Program','false','2020-01-07','1.0','15','','32','34');
INSERT INTO "pmdm__ServiceDelivery__c" VALUES(139,'Turner Carson - 12 Step Recovery Program','false','2019-12-17','1.0','15','','32','34');
INSERT INTO "pmdm__ServiceDelivery__c" VALUES(140,'Turner Carson - 12 Step Recovery Program','false','2019-12-24','1.0','15','','32','34');
INSERT INTO "pmdm__ServiceDelivery__c" VALUES(141,'Turner Carson - 12 Step Recovery Program','false','2019-12-10','1.0','15','','32','34');
INSERT INTO "pmdm__ServiceDelivery__c" VALUES(142,'Zackery Morgan - 12 Step Recovery Program','false','2019-12-30','1.0','15','','111','78');
INSERT INTO "pmdm__ServiceDelivery__c" VALUES(143,'Zackery Morgan - 12 Step Recovery Program','false','2019-10-29','1.0','15','','111','78');
INSERT INTO "pmdm__ServiceDelivery__c" VALUES(144,'Zackery Morgan - 12 Step Recovery Program','false','2019-11-05','1.0','15','','111','78');
INSERT INTO "pmdm__ServiceDelivery__c" VALUES(145,'Zackery Morgan - 12 Step Recovery Program','false','2019-11-12','1.0','15','','111','78');
INSERT INTO "pmdm__ServiceDelivery__c" VALUES(146,'Ayanna Gonzalez - Middle School STEM Classroom Hours','false','2019-12-04','2.0','8','','112','79');
INSERT INTO "pmdm__ServiceDelivery__c" VALUES(147,'Ayanna Gonzalez - Middle School STEM Classroom Hours','false','2019-09-11','2.0','8','','112','79');
INSERT INTO "pmdm__ServiceDelivery__c" VALUES(148,'Ayanna Gonzalez - Middle School STEM Classroom Hours','false','2019-11-13','2.0','8','','112','79');
INSERT INTO "pmdm__ServiceDelivery__c" VALUES(149,'Ayanna Gonzalez - Middle School STEM Classroom Hours','false','2019-09-25','2.0','8','','112','79');
INSERT INTO "pmdm__ServiceDelivery__c" VALUES(150,'Ayanna Gonzalez - Middle School STEM Classroom Hours','false','2019-11-06','2.0','8','','112','79');
INSERT INTO "pmdm__ServiceDelivery__c" VALUES(151,'Ayanna Gonzalez - Middle School STEM Classroom Hours','false','2019-10-30','2.0','8','','112','79');
INSERT INTO "pmdm__ServiceDelivery__c" VALUES(152,'Ayanna Gonzalez - Middle School STEM Classroom Hours','false','2020-01-08','2.0','8','','112','79');
INSERT INTO "pmdm__ServiceDelivery__c" VALUES(153,'Naima Crawford - STEM Field Trips','false','2019-11-25','1.0','9','','70','2');
INSERT INTO "pmdm__ServiceDelivery__c" VALUES(154,'Jessica Woods - STEM Field Trips','false','2019-11-25','1.0','9','','7','11');
INSERT INTO "pmdm__ServiceDelivery__c" VALUES(155,'Alia Duarte - STEM Field Trips','false','2019-11-25','1.0','9','','157','100');
INSERT INTO "pmdm__ServiceDelivery__c" VALUES(156,'Taniyah Rios - STEM Field Trips','false','2019-11-25','1.0','9','','171','19');
INSERT INTO "pmdm__ServiceDelivery__c" VALUES(157,'Casey Kline - STEM Field Trips','false','2019-11-25','1.0','9','','10','22');
INSERT INTO "pmdm__ServiceDelivery__c" VALUES(158,'Diego Case - STEM Field Trips','false','2019-11-25','1.0','9','','12','23');
INSERT INTO "pmdm__ServiceDelivery__c" VALUES(159,'Alana Owen - STEM Field Trips','false','2019-11-25','1.0','9','','67','44');
INSERT INTO "pmdm__ServiceDelivery__c" VALUES(160,'Alana Owen - STEM Field Trips','false','2019-11-25','','9','','67','44');
INSERT INTO "pmdm__ServiceDelivery__c" VALUES(161,'Yuliana Bird - STEM Field Trips','false','2019-11-25','1.0','9','','93','64');
INSERT INTO "pmdm__ServiceDelivery__c" VALUES(162,'Abraham Sims - STEM Field Trips','false','2019-11-25','1.0','9','','105','73');
INSERT INTO "pmdm__ServiceDelivery__c" VALUES(163,'Ayanna Gonzalez - STEM Field Trips','false','2019-11-25','1.0','9','','112','79');
INSERT INTO "pmdm__ServiceDelivery__c" VALUES(164,'Leon Clayton - Town Hall Meeting, 1/8/2020','false','2020-01-08','1.0','10','','80','50');
INSERT INTO "pmdm__ServiceDelivery__c" VALUES(165,'Marc Richard - Town Hall Meeting, 1/8/2020','false','2020-01-08','1.0','10','','81','51');
INSERT INTO "pmdm__ServiceDelivery__c" VALUES(166,'John Mills - Town Hall Meeting, 1/8/2020','false','2020-01-08','1.0','10','','98','66');
INSERT INTO "pmdm__ServiceDelivery__c" VALUES(167,'Shannon Greene - Town Hall Meeting, 1/8/2020','false','2020-01-08','1.0','10','','99','67');
INSERT INTO "pmdm__ServiceDelivery__c" VALUES(168,'Marcus Huynh - Town Hall Meeting, 1/8/2020','false','2020-01-08','1.0','10','','101','70');
INSERT INTO "pmdm__ServiceDelivery__c" VALUES(169,'Zackery Morgan - Town Hall Meeting, 1/8/2020','false','2020-01-08','1.0','10','','111','77');
INSERT INTO "pmdm__ServiceDelivery__c" VALUES(170,'Eliezer Bray - Town Hall Meeting, 1/8/2020','false','2020-01-08','1.0','10','','118','86');
INSERT INTO "pmdm__ServiceDelivery__c" VALUES(171,'Taniya Singleton - Town Hall Meeting, 1/8/2020','false','2020-01-08','1.0','10','','123','89');
INSERT INTO "pmdm__ServiceDelivery__c" VALUES(172,'Leon Clayton - Letter writing campaign to Council Members','false','2019-09-10','1.0','11','','80','50');
INSERT INTO "pmdm__ServiceDelivery__c" VALUES(173,'Marc Richard - Letter writing campaign to Council Members','false','2019-08-12','1.0','11','','81','51');
INSERT INTO "pmdm__ServiceDelivery__c" VALUES(174,'Jay Zimmerman - Letter writing campaign to Council Members','false','2019-11-12','1.0','11','','89','62');
INSERT INTO "pmdm__ServiceDelivery__c" VALUES(175,'Zackery Morgan - 12 Step Recovery Program','false','2019-12-03','1.0','15','','111','78');
INSERT INTO "pmdm__ServiceDelivery__c" VALUES(176,'Zackery Morgan - 12 Step Recovery Program','false','2019-12-10','1.0','15','','111','78');
INSERT INTO "pmdm__ServiceDelivery__c" VALUES(177,'Zackery Morgan - 12 Step Recovery Program','false','2019-11-19','1.0','15','','111','78');
INSERT INTO "pmdm__ServiceDelivery__c" VALUES(178,'Zackery Morgan - 12 Step Recovery Program','false','2019-11-26','1.0','15','','111','78');
INSERT INTO "pmdm__ServiceDelivery__c" VALUES(179,'Zackery Morgan - 12 Step Recovery Program','false','2019-12-24','1.0','15','','111','78');
INSERT INTO "pmdm__ServiceDelivery__c" VALUES(180,'Zackery Morgan - 12 Step Recovery Program','false','2020-01-07','1.0','15','','111','78');
INSERT INTO "pmdm__ServiceDelivery__c" VALUES(181,'Zackery Morgan - 12 Step Recovery Program','false','2020-01-07','1.0','15','','111','78');
INSERT INTO "pmdm__ServiceDelivery__c" VALUES(182,'Zackery Morgan - 12 Step Recovery Program','false','2019-10-22','1.0','15','','111','78');
INSERT INTO "pmdm__ServiceDelivery__c" VALUES(183,'Maya Johnson - After School Activities','false','2019-12-13','2.0','7','','61','40');
INSERT INTO "pmdm__ServiceDelivery__c" VALUES(184,'Maya Johnson - After School Activities','false','2019-12-20','2.0','7','','61','40');
INSERT INTO "pmdm__ServiceDelivery__c" VALUES(185,'Maya Johnson - After School Activities','false','2019-12-06','2.0','7','','61','40');
INSERT INTO "pmdm__ServiceDelivery__c" VALUES(186,'Maya Johnson - After School Activities','false','2020-01-10','2.0','7','','61','40');
INSERT INTO "pmdm__ServiceDelivery__c" VALUES(187,'Javon Rodgers - After School Activities','false','2019-10-29','1.0','7','','79','49');
INSERT INTO "pmdm__ServiceDelivery__c" VALUES(188,'Javon Rodgers - After School Activities','false','2019-10-15','1.0','7','','79','49');
INSERT INTO "pmdm__ServiceDelivery__c" VALUES(189,'Javon Rodgers - After School Activities','false','2019-10-22','1.0','7','','79','49');
INSERT INTO "pmdm__ServiceDelivery__c" VALUES(190,'Javon Rodgers - After School Activities','false','2019-10-01','1.0','7','','79','49');
INSERT INTO "pmdm__ServiceDelivery__c" VALUES(191,'Javon Rodgers - After School Activities','false','2019-11-05','1.0','7','','79','49');
INSERT INTO "pmdm__ServiceDelivery__c" VALUES(192,'Javon Rodgers - After School Activities','false','2019-12-10','1.0','7','','79','49');
INSERT INTO "pmdm__ServiceDelivery__c" VALUES(193,'Javon Rodgers - After School Activities','false','2020-01-07','1.0','7','','79','49');
INSERT INTO "pmdm__ServiceDelivery__c" VALUES(194,'Javon Rodgers - After School Activities','false','2019-10-08','1.0','7','','79','49');
INSERT INTO "pmdm__ServiceDelivery__c" VALUES(195,'Javon Rodgers - After School Activities','false','2019-11-26','1.0','7','','79','49');
INSERT INTO "pmdm__ServiceDelivery__c" VALUES(196,'Javon Rodgers - After School Activities','false','2019-12-17','1.0','7','','79','49');
INSERT INTO "pmdm__ServiceDelivery__c" VALUES(197,'Javon Rodgers - After School Activities','false','2019-12-03','1.0','7','','79','49');
INSERT INTO "pmdm__ServiceDelivery__c" VALUES(198,'Javon Rodgers - After School Activities','false','2019-11-12','1.0','7','','79','49');
INSERT INTO "pmdm__ServiceDelivery__c" VALUES(199,'Javon Rodgers - After School Activities','false','2019-11-19','1.0','7','','79','49');
INSERT INTO "pmdm__ServiceDelivery__c" VALUES(200,'Jace Hampton - After School Activities','false','2020-01-07','1.0','7','','83','53');
INSERT INTO "pmdm__ServiceDelivery__c" VALUES(201,'Sonia Gentry - After School Activities','false','2019-10-30','1.0','7','','85','55');
INSERT INTO "pmdm__ServiceDelivery__c" VALUES(202,'Sonia Gentry - After School Activities','false','2019-12-11','1.0','7','','85','55');
INSERT INTO "pmdm__ServiceDelivery__c" VALUES(203,'Sonia Gentry - After School Activities','false','2019-12-19','1.0','7','','85','55');
INSERT INTO "pmdm__ServiceDelivery__c" VALUES(204,'Aaron Valdez - Letter writing campaign to Council Members','false','2019-10-02','1.0','11','','97','65');
INSERT INTO "pmdm__ServiceDelivery__c" VALUES(205,'John Mills - Letter writing campaign to Council Members','false','2019-09-02','1.0','11','','98','66');
INSERT INTO "pmdm__ServiceDelivery__c" VALUES(206,'Shannon Greene - Letter writing campaign to Council Members','false','2020-01-08','1.0','11','','99','67');
INSERT INTO "pmdm__ServiceDelivery__c" VALUES(207,'Zackery Morgan - Letter writing campaign to Council Members','false','2020-01-07','1.0','11','','111','77');
INSERT INTO "pmdm__ServiceDelivery__c" VALUES(208,'Eliezer Bray - Letter writing campaign to Council Members','false','2020-01-08','1.0','11','','118','86');
INSERT INTO "pmdm__ServiceDelivery__c" VALUES(209,'Taniya Singleton - Letter writing campaign to Council Members','false','2019-12-02','1.0','11','','123','89');
INSERT INTO "pmdm__ServiceDelivery__c" VALUES(210,'Naima Crawford - Subsidized Lunch','false','2019-12-11','1.0','3','','70','1');
INSERT INTO "pmdm__ServiceDelivery__c" VALUES(211,'Naima Crawford - Subsidized Lunch','false','2019-12-05','1.0','3','','70','1');
INSERT INTO "pmdm__ServiceDelivery__c" VALUES(212,'Naima Crawford - Subsidized Lunch','false','2019-12-09','1.0','3','','70','1');
INSERT INTO "pmdm__ServiceDelivery__c" VALUES(213,'Naima Crawford - Subsidized Lunch','false','2019-12-03','1.0','3','','70','1');
INSERT INTO "pmdm__ServiceDelivery__c" VALUES(214,'Naima Crawford - Subsidized Lunch','false','2019-12-02','1.0','3','','70','1');
INSERT INTO "pmdm__ServiceDelivery__c" VALUES(215,'Naima Crawford - Subsidized Lunch','false','2019-12-04','1.0','3','','70','1');
INSERT INTO "pmdm__ServiceDelivery__c" VALUES(216,'Naima Crawford - Subsidized Lunch','false','2019-12-06','1.0','3','','70','1');
INSERT INTO "pmdm__ServiceDelivery__c" VALUES(217,'Naima Crawford - Subsidized Lunch','false','2019-12-12','1.0','3','','70','1');
INSERT INTO "pmdm__ServiceDelivery__c" VALUES(218,'Naima Crawford - Subsidized Lunch','false','2019-12-10','1.0','3','','70','1');
INSERT INTO "pmdm__ServiceDelivery__c" VALUES(219,'Sonia Gentry - Subsidized Lunch','false','2019-12-03','','3','','85','54');
INSERT INTO "pmdm__ServiceDelivery__c" VALUES(220,'Sonia Gentry - Subsidized Lunch','false','2019-12-02','','3','','85','54');
INSERT INTO "pmdm__ServiceDelivery__c" VALUES(221,'Sonia Gentry - Subsidized Lunch','false','2019-12-02','','3','','85','54');
INSERT INTO "pmdm__ServiceDelivery__c" VALUES(222,'Tom Higgins - Subsidized Lunch','false','2019-10-01','1.0','3','','42','58');
INSERT INTO "pmdm__ServiceDelivery__c" VALUES(223,'Tom Higgins - Subsidized Lunch','false','2019-11-05','1.0','3','','42','58');
INSERT INTO "pmdm__ServiceDelivery__c" VALUES(224,'Tom Higgins - Subsidized Lunch','false','2019-11-06','1.0','3','','42','58');
INSERT INTO "pmdm__ServiceDelivery__c" VALUES(225,'Tom Higgins - Subsidized Lunch','false','2019-11-04','1.0','3','','42','58');
INSERT INTO "pmdm__ServiceDelivery__c" VALUES(226,'Tom Higgins - Subsidized Lunch','false','2019-11-12','1.0','3','','42','58');
INSERT INTO "pmdm__ServiceDelivery__c" VALUES(227,'Tom Higgins - Subsidized Lunch','false','2019-11-07','1.0','3','','42','58');
INSERT INTO "pmdm__ServiceDelivery__c" VALUES(228,'Tom Higgins - Subsidized Lunch','false','2019-10-14','1.0','3','','42','58');
INSERT INTO "pmdm__ServiceDelivery__c" VALUES(229,'Tom Higgins - Subsidized Lunch','false','2019-11-06','1.0','3','','42','58');
INSERT INTO "pmdm__ServiceDelivery__c" VALUES(230,'Tom Higgins - Subsidized Lunch','false','2019-11-11','1.0','3','','42','58');
INSERT INTO "pmdm__ServiceDelivery__c" VALUES(231,'Tom Higgins - Subsidized Lunch','false','2019-10-09','1.0','3','','42','58');
INSERT INTO "pmdm__ServiceDelivery__c" VALUES(232,'Tom Higgins - Subsidized Lunch','false','2019-11-01','1.0','3','','42','58');
INSERT INTO "pmdm__ServiceDelivery__c" VALUES(233,'Tom Higgins - Subsidized Lunch','false','2019-10-03','1.0','3','','42','58');
INSERT INTO "pmdm__ServiceDelivery__c" VALUES(234,'Sonia Gentry - After School Activities','false','2019-10-09','1.0','7','','85','55');
INSERT INTO "pmdm__ServiceDelivery__c" VALUES(235,'Sonia Gentry - After School Activities','false','2019-10-23','1.0','7','','85','55');
INSERT INTO "pmdm__ServiceDelivery__c" VALUES(236,'Sonia Gentry - After School Activities','false','2019-11-14','1.0','7','','85','55');
INSERT INTO "pmdm__ServiceDelivery__c" VALUES(237,'Sonia Gentry - After School Activities','false','2019-10-24','1.0','7','','85','55');
INSERT INTO "pmdm__ServiceDelivery__c" VALUES(238,'Sonia Gentry - After School Activities','false','2019-11-06','1.0','7','','85','55');
INSERT INTO "pmdm__ServiceDelivery__c" VALUES(239,'Sonia Gentry - After School Activities','false','2019-12-05','1.0','7','','85','55');
INSERT INTO "pmdm__ServiceDelivery__c" VALUES(240,'Sonia Gentry - After School Activities','false','2019-11-13','1.0','7','','85','55');
INSERT INTO "pmdm__ServiceDelivery__c" VALUES(241,'Sonia Gentry - After School Activities','false','2019-12-04','1.0','7','','85','55');
INSERT INTO "pmdm__ServiceDelivery__c" VALUES(242,'Sonia Gentry - After School Activities','false','2019-12-12','1.0','7','','85','55');
INSERT INTO "pmdm__ServiceDelivery__c" VALUES(243,'Sonia Gentry - After School Activities','false','2019-12-18','1.0','7','','85','55');
INSERT INTO "pmdm__ServiceDelivery__c" VALUES(244,'Sonia Gentry - After School Activities','false','2019-10-16','1.0','7','','85','55');
INSERT INTO "pmdm__ServiceDelivery__c" VALUES(245,'Sonia Gentry - After School Activities','false','2019-11-21','1.0','7','','85','55');
INSERT INTO "pmdm__ServiceDelivery__c" VALUES(246,'Sonia Gentry - After School Activities','false','2019-10-17','1.0','7','','85','55');
INSERT INTO "pmdm__ServiceDelivery__c" VALUES(247,'Sonia Gentry - After School Activities','false','2019-11-20','1.0','7','','85','55');
INSERT INTO "pmdm__ServiceDelivery__c" VALUES(248,'Sonia Gentry - After School Activities','false','2019-10-10','1.0','7','','85','55');
INSERT INTO "pmdm__ServiceDelivery__c" VALUES(249,'Sonia Gentry - After School Activities','false','2019-10-31','1.0','7','','85','55');
INSERT INTO "pmdm__ServiceDelivery__c" VALUES(250,'Tom Higgins - After School Activities','false','2019-09-13','4.0','7','','42','59');
INSERT INTO "pmdm__ServiceDelivery__c" VALUES(251,'Tom Higgins - After School Activities','false','2019-10-18','2.0','7','','42','59');
INSERT INTO "pmdm__ServiceDelivery__c" VALUES(252,'Tom Higgins - After School Activities','false','2019-11-08','4.0','7','','42','59');
INSERT INTO "pmdm__ServiceDelivery__c" VALUES(253,'Tom Higgins - After School Activities','false','2019-11-01','4.0','7','','42','59');
INSERT INTO "pmdm__ServiceDelivery__c" VALUES(254,'Tom Higgins - After School Activities','false','2019-09-27','4.0','7','','42','59');
INSERT INTO "pmdm__ServiceDelivery__c" VALUES(255,'Tom Higgins - After School Activities','false','2019-10-25','4.0','7','','42','59');
INSERT INTO "pmdm__ServiceDelivery__c" VALUES(256,'Tom Higgins - After School Activities','false','2019-11-29','4.0','7','','42','59');
INSERT INTO "pmdm__ServiceDelivery__c" VALUES(257,'Tom Higgins - After School Activities','false','2020-01-10','4.0','7','','42','59');
INSERT INTO "pmdm__ServiceDelivery__c" VALUES(258,'Tom Higgins - After School Activities','false','2019-12-13','4.0','7','','42','59');
INSERT INTO "pmdm__ServiceDelivery__c" VALUES(259,'Tom Higgins - After School Activities','false','2019-12-20','4.0','7','','42','59');
INSERT INTO "pmdm__ServiceDelivery__c" VALUES(260,'Tom Higgins - After School Activities','false','2019-09-20','4.0','7','','42','59');
INSERT INTO "pmdm__ServiceDelivery__c" VALUES(261,'Tom Higgins - After School Activities','false','2019-10-04','4.0','7','','42','59');
INSERT INTO "pmdm__ServiceDelivery__c" VALUES(262,'Tom Higgins - After School Activities','false','2019-10-11','4.0','7','','42','59');
INSERT INTO "pmdm__ServiceDelivery__c" VALUES(263,'Tom Higgins - After School Activities','false','2019-11-22','4.0','7','','42','59');
INSERT INTO "pmdm__ServiceDelivery__c" VALUES(264,'Tom Higgins - Subsidized Lunch','false','2019-11-14','1.0','3','','42','58');
INSERT INTO "pmdm__ServiceDelivery__c" VALUES(265,'Tom Higgins - Subsidized Lunch','false','2019-10-04','1.0','3','','42','58');
INSERT INTO "pmdm__ServiceDelivery__c" VALUES(266,'Tom Higgins - Subsidized Lunch','false','2019-10-07','1.0','3','','42','58');
INSERT INTO "pmdm__ServiceDelivery__c" VALUES(267,'Tom Higgins - Subsidized Lunch','false','2019-11-13','1.0','3','','42','58');
INSERT INTO "pmdm__ServiceDelivery__c" VALUES(268,'Tom Higgins - Subsidized Lunch','false','2019-11-08','1.0','3','','42','58');
INSERT INTO "pmdm__ServiceDelivery__c" VALUES(269,'Tom Higgins - Subsidized Lunch','false','2019-10-08','1.0','3','','42','58');
INSERT INTO "pmdm__ServiceDelivery__c" VALUES(270,'Tom Higgins - Subsidized Lunch','false','2019-10-10','1.0','3','','42','58');
INSERT INTO "pmdm__ServiceDelivery__c" VALUES(271,'Tom Higgins - Subsidized Lunch','false','2019-10-11','1.0','3','','42','58');
INSERT INTO "pmdm__ServiceDelivery__c" VALUES(272,'Tom Higgins - Subsidized Lunch','false','2019-10-02','1.0','3','','42','58');
INSERT INTO "pmdm__ServiceDelivery__c" VALUES(273,'Abraham Sims - Subsidized Lunch','false','2020-01-07','','3','','105','72');
INSERT INTO "pmdm__ServiceDelivery__c" VALUES(274,'Abraham Sims - Subsidized Lunch','false','2020-01-10','','3','','105','72');
INSERT INTO "pmdm__ServiceDelivery__c" VALUES(275,'Abraham Sims - Subsidized Lunch','false','2020-01-06','','3','','105','72');
INSERT INTO "pmdm__ServiceDelivery__c" VALUES(276,'Abraham Sims - Subsidized Lunch','false','2020-01-09','','3','','105','72');
INSERT INTO "pmdm__ServiceDelivery__c" VALUES(277,'Abraham Sims - Subsidized Lunch','false','2020-01-13','','3','','105','72');
INSERT INTO "pmdm__ServiceDelivery__c" VALUES(278,'Abraham Sims - Subsidized Lunch','false','2020-01-08','','3','','105','72');
INSERT INTO "pmdm__ServiceDelivery__c" VALUES(279,'Fabian Hughes - Subsidized Lunch','false','2019-09-10','1.0','3','','132','96');
INSERT INTO "pmdm__ServiceDelivery__c" VALUES(280,'Fabian Hughes - Subsidized Lunch','false','2019-09-20','1.0','3','','132','96');
INSERT INTO "pmdm__ServiceDelivery__c" VALUES(281,'Fabian Hughes - Subsidized Lunch','false','2019-09-09','1.0','3','','132','96');
INSERT INTO "pmdm__ServiceDelivery__c" VALUES(282,'Fabian Hughes - Subsidized Lunch','false','2019-09-11','1.0','3','','132','96');
INSERT INTO "pmdm__ServiceDelivery__c" VALUES(283,'Fabian Hughes - Subsidized Lunch','false','2019-09-17','1.0','3','','132','96');
INSERT INTO "pmdm__ServiceDelivery__c" VALUES(284,'Fabian Hughes - Subsidized Lunch','false','2019-09-23','1.0','3','','132','96');
INSERT INTO "pmdm__ServiceDelivery__c" VALUES(285,'Fabian Hughes - Subsidized Lunch','false','2019-09-12','1.0','3','','132','96');
INSERT INTO "pmdm__ServiceDelivery__c" VALUES(286,'Fabian Hughes - Subsidized Lunch','false','2019-09-13','1.0','3','','132','96');
INSERT INTO "pmdm__ServiceDelivery__c" VALUES(287,'Fabian Hughes - Subsidized Lunch','false','2019-09-16','1.0','3','','132','96');
INSERT INTO "pmdm__ServiceDelivery__c" VALUES(288,'Fabian Hughes - Subsidized Lunch','false','2019-09-18','1.0','3','','132','96');
INSERT INTO "pmdm__ServiceDelivery__c" VALUES(289,'Fabian Hughes - Subsidized Lunch','false','2019-09-19','1.0','3','','132','96');
INSERT INTO "pmdm__ServiceDelivery__c" VALUES(290,'Tom Higgins - After School Activities','false','2019-11-15','4.0','7','','42','59');
INSERT INTO "pmdm__ServiceDelivery__c" VALUES(291,'Tom Higgins - After School Activities','false','2019-12-06','4.0','7','','42','59');
INSERT INTO "pmdm__ServiceDelivery__c" VALUES(292,'Kellen Cooley - After School Activities','false','2019-12-10','1.0','7','','88','60');
INSERT INTO "pmdm__ServiceDelivery__c" VALUES(293,'Kellen Cooley - After School Activities','false','2019-12-03','1.0','7','','88','60');
INSERT INTO "pmdm__ServiceDelivery__c" VALUES(294,'Kellen Cooley - After School Activities','false','2019-12-17','1.0','7','','88','60');
INSERT INTO "pmdm__ServiceDelivery__c" VALUES(295,'Kellen Cooley - After School Activities','false','2020-01-07','1.0','7','','88','60');
INSERT INTO "pmdm__ServiceDelivery__c" VALUES(296,'Marco Escobar - After School Activities','false','2019-10-04','1.0','7','','100','69');
INSERT INTO "pmdm__ServiceDelivery__c" VALUES(297,'Marco Escobar - After School Activities','false','2019-09-20','1.0','7','','100','69');
INSERT INTO "pmdm__ServiceDelivery__c" VALUES(298,'Marco Escobar - After School Activities','false','2019-10-25','1.0','7','','100','69');
INSERT INTO "pmdm__ServiceDelivery__c" VALUES(299,'Marco Escobar - After School Activities','false','2019-12-13','1.0','7','','100','69');
INSERT INTO "pmdm__ServiceDelivery__c" VALUES(300,'Marco Escobar - After School Activities','false','2019-12-20','1.0','7','','100','69');
INSERT INTO "pmdm__ServiceDelivery__c" VALUES(301,'Marco Escobar - After School Activities','false','2019-09-13','1.0','7','','100','69');
INSERT INTO "pmdm__ServiceDelivery__c" VALUES(302,'Marco Escobar - After School Activities','false','2019-11-01','1.0','7','','100','69');
INSERT INTO "pmdm__ServiceDelivery__c" VALUES(303,'Marco Escobar - After School Activities','false','2019-11-22','1.0','7','','100','69');
INSERT INTO "pmdm__ServiceDelivery__c" VALUES(304,'Marco Escobar - After School Activities','false','2019-09-27','1.0','7','','100','69');
INSERT INTO "pmdm__ServiceDelivery__c" VALUES(305,'Marco Escobar - After School Activities','false','2019-10-18','1.0','7','','100','69');
INSERT INTO "pmdm__ServiceDelivery__c" VALUES(306,'Marco Escobar - After School Activities','false','2019-10-11','1.0','7','','100','69');
INSERT INTO "pmdm__ServiceDelivery__c" VALUES(307,'Marco Escobar - After School Activities','false','2020-01-10','1.0','7','','100','69');
INSERT INTO "pmdm__ServiceDelivery__c" VALUES(308,'Marco Escobar - After School Activities','false','2019-11-15','1.0','7','','100','69');
INSERT INTO "pmdm__ServiceDelivery__c" VALUES(309,'Marco Escobar - After School Activities','false','2019-11-29','1.0','7','','100','69');
INSERT INTO "pmdm__ServiceDelivery__c" VALUES(310,'Marco Escobar - After School Activities','false','2019-11-08','1.0','7','','100','69');
INSERT INTO "pmdm__ServiceDelivery__c" VALUES(311,'Marco Escobar - After School Activities','false','2019-12-06','1.0','7','','100','69');
INSERT INTO "pmdm__ServiceDelivery__c" VALUES(312,'Emilie Costa - After School Activities','false','2020-01-10','2.0','7','','126','92');
INSERT INTO "pmdm__ServiceDelivery__c" VALUES(313,'Fabian Hughes - After School Activities','false','2019-09-13','3.0','7','','132','97');
INSERT INTO "pmdm__ServiceDelivery__c" VALUES(314,'Fabian Hughes - After School Activities','false','2019-10-25','3.0','7','','132','97');
INSERT INTO "pmdm__ServiceDelivery__c" VALUES(315,'Fabian Hughes - After School Activities','false','2019-11-22','3.0','7','','132','97');
INSERT INTO "pmdm__ServiceDelivery__c" VALUES(316,'Fabian Hughes - After School Activities','false','2019-10-11','3.0','7','','132','97');
INSERT INTO "pmdm__ServiceDelivery__c" VALUES(317,'Fabian Hughes - After School Activities','false','2020-01-10','3.0','7','','132','97');
INSERT INTO "pmdm__ServiceDelivery__c" VALUES(318,'Fabian Hughes - After School Activities','false','2019-11-15','3.0','7','','132','97');
INSERT INTO "pmdm__ServiceDelivery__c" VALUES(319,'Fabian Hughes - After School Activities','false','2019-09-20','3.0','7','','132','97');
INSERT INTO "pmdm__ServiceDelivery__c" VALUES(320,'Fabian Hughes - After School Activities','false','2019-09-27','3.0','7','','132','97');
INSERT INTO "pmdm__ServiceDelivery__c" VALUES(321,'Fabian Hughes - After School Activities','false','2019-10-04','1.0','7','','132','97');
INSERT INTO "pmdm__ServiceDelivery__c" VALUES(322,'Fabian Hughes - After School Activities','false','2019-11-01','3.0','7','','132','97');
INSERT INTO "pmdm__ServiceDelivery__c" VALUES(323,'Fabian Hughes - After School Activities','false','2019-10-18','3.0','7','','132','97');
INSERT INTO "pmdm__ServiceDelivery__c" VALUES(324,'Fabian Hughes - After School Activities','false','2019-12-20','1.0','7','','132','97');
INSERT INTO "pmdm__ServiceDelivery__c" VALUES(325,'Fabian Hughes - After School Activities','false','2019-11-08','3.0','7','','132','97');
INSERT INTO "pmdm__ServiceDelivery__c" VALUES(326,'Fabian Hughes - After School Activities','false','2019-12-06','3.0','7','','132','97');
INSERT INTO "pmdm__ServiceDelivery__c" VALUES(327,'Fabian Hughes - After School Activities','false','2019-12-13','2.0','7','','132','97');
INSERT INTO "pmdm__ServiceDelivery__c" VALUES(328,'Samir Neal - ESL Classroom Hours','false','2019-10-17','2.0','17','','25','31');
INSERT INTO "pmdm__ServiceDelivery__c" VALUES(329,'Samir Neal - ESL Classroom Hours','false','2019-10-24','2.0','17','','25','31');
INSERT INTO "pmdm__ServiceDelivery__c" VALUES(330,'Samir Neal - ESL Classroom Hours','false','2019-11-19','2.0','17','','25','31');
INSERT INTO "pmdm__ServiceDelivery__c" VALUES(331,'Samir Neal - ESL Classroom Hours','false','2019-10-22','2.0','17','','25','31');
INSERT INTO "pmdm__ServiceDelivery__c" VALUES(332,'Samir Neal - ESL Classroom Hours','false','2020-01-07','2.0','17','','25','31');
INSERT INTO "pmdm__ServiceDelivery__c" VALUES(333,'Samir Neal - ESL Classroom Hours','false','2019-10-10','2.0','17','','25','31');
INSERT INTO "pmdm__ServiceDelivery__c" VALUES(334,'Samir Neal - ESL Classroom Hours','false','2019-09-12','2.0','17','','25','31');
INSERT INTO "pmdm__ServiceDelivery__c" VALUES(335,'Samir Neal - ESL Classroom Hours','false','2019-12-19','2.0','17','','25','31');
INSERT INTO "pmdm__ServiceDelivery__c" VALUES(336,'Samir Neal - ESL Classroom Hours','false','2020-01-09','2.0','17','','25','31');
INSERT INTO "pmdm__ServiceDelivery__c" VALUES(337,'Samir Neal - ESL Classroom Hours','false','2019-10-29','2.0','17','','25','31');
INSERT INTO "pmdm__ServiceDelivery__c" VALUES(338,'Samir Neal - ESL Classroom Hours','false','2019-10-31','2.0','17','','25','31');
INSERT INTO "pmdm__ServiceDelivery__c" VALUES(339,'Samir Neal - ESL Classroom Hours','false','2019-11-07','2.0','17','','25','31');
INSERT INTO "pmdm__ServiceDelivery__c" VALUES(340,'Samir Neal - ESL Classroom Hours','false','2019-11-21','2.0','17','','25','31');
INSERT INTO "pmdm__ServiceDelivery__c" VALUES(341,'Samir Neal - ESL Classroom Hours','false','2019-09-10','2.0','17','','25','31');
INSERT INTO "pmdm__ServiceDelivery__c" VALUES(342,'Samir Neal - ESL Classroom Hours','false','2019-09-24','2.0','17','','25','31');
INSERT INTO "pmdm__ServiceDelivery__c" VALUES(343,'Samir Neal - ESL Classroom Hours','false','2019-09-26','2.0','17','','25','31');
INSERT INTO "pmdm__ServiceDelivery__c" VALUES(344,'Samir Neal - ESL Classroom Hours','false','2019-12-03','2.0','17','','25','31');
INSERT INTO "pmdm__ServiceDelivery__c" VALUES(345,'Samir Neal - ESL Classroom Hours','false','2019-12-12','2.0','17','','25','31');
INSERT INTO "pmdm__ServiceDelivery__c" VALUES(346,'Samir Neal - ESL Classroom Hours','false','2019-10-01','2.0','17','','25','31');
INSERT INTO "pmdm__ServiceDelivery__c" VALUES(347,'Samir Neal - ESL Classroom Hours','false','2019-11-05','2.0','17','','25','31');
INSERT INTO "pmdm__ServiceDelivery__c" VALUES(348,'Samir Neal - ESL Classroom Hours','false','2019-09-17','2.0','17','','25','31');
INSERT INTO "pmdm__ServiceDelivery__c" VALUES(349,'Samir Neal - ESL Classroom Hours','false','2019-11-12','2.0','17','','25','31');
INSERT INTO "pmdm__ServiceDelivery__c" VALUES(350,'Samir Neal - ESL Classroom Hours','false','2019-12-05','2.0','17','','25','31');
INSERT INTO "pmdm__ServiceDelivery__c" VALUES(351,'Samir Neal - ESL Classroom Hours','false','2019-10-08','2.0','17','','25','31');
INSERT INTO "pmdm__ServiceDelivery__c" VALUES(352,'Samir Neal - ESL Classroom Hours','false','2019-11-14','2.0','17','','25','31');
INSERT INTO "pmdm__ServiceDelivery__c" VALUES(353,'Samir Neal - ESL Classroom Hours','false','2019-10-15','2.0','17','','25','31');
INSERT INTO "pmdm__ServiceDelivery__c" VALUES(354,'Samir Neal - ESL Classroom Hours','false','2019-11-26','2.0','17','','25','31');
INSERT INTO "pmdm__ServiceDelivery__c" VALUES(355,'Samir Neal - ESL Classroom Hours','false','2019-12-10','2.0','17','','25','31');
INSERT INTO "pmdm__ServiceDelivery__c" VALUES(356,'Samir Neal - ESL Classroom Hours','false','2019-09-19','2.0','17','','25','31');
INSERT INTO "pmdm__ServiceDelivery__c" VALUES(357,'Samir Neal - ESL Classroom Hours','false','2019-12-17','2.0','17','','25','31');
INSERT INTO "pmdm__ServiceDelivery__c" VALUES(358,'Samir Neal - ESL Classroom Hours','false','2019-10-03','2.0','17','','25','31');
INSERT INTO "pmdm__ServiceDelivery__c" VALUES(359,'Barbara Johnson - ESL Classroom Hours','false','2019-09-05','2.0','17','','62','41');
INSERT INTO "pmdm__ServiceDelivery__c" VALUES(360,'Barbara Johnson - ESL Classroom Hours','false','2019-10-29','2.0','17','','62','41');
INSERT INTO "pmdm__ServiceDelivery__c" VALUES(361,'Barbara Johnson - ESL Classroom Hours','false','2019-11-12','2.0','17','','62','41');
INSERT INTO "pmdm__ServiceDelivery__c" VALUES(362,'Barbara Johnson - ESL Classroom Hours','false','2019-11-26','2.0','17','','62','41');
INSERT INTO "pmdm__ServiceDelivery__c" VALUES(363,'Barbara Johnson - ESL Classroom Hours','false','2019-09-24','2.0','17','','62','41');
INSERT INTO "pmdm__ServiceDelivery__c" VALUES(364,'Barbara Johnson - ESL Classroom Hours','false','2019-12-05','2.0','17','','62','41');
INSERT INTO "pmdm__ServiceDelivery__c" VALUES(365,'Barbara Johnson - ESL Classroom Hours','false','2019-12-12','2.0','17','','62','41');
INSERT INTO "pmdm__ServiceDelivery__c" VALUES(366,'Barbara Johnson - ESL Classroom Hours','false','2019-10-22','2.0','17','','62','41');
INSERT INTO "pmdm__ServiceDelivery__c" VALUES(367,'Barbara Johnson - ESL Classroom Hours','false','2019-11-05','2.0','17','','62','41');
INSERT INTO "pmdm__ServiceDelivery__c" VALUES(368,'Barbara Johnson - ESL Classroom Hours','false','2019-11-19','2.0','17','','62','41');
INSERT INTO "pmdm__ServiceDelivery__c" VALUES(369,'Barbara Johnson - ESL Classroom Hours','false','2019-11-21','2.0','17','','62','41');
INSERT INTO "pmdm__ServiceDelivery__c" VALUES(370,'Barbara Johnson - ESL Classroom Hours','false','2019-09-10','2.0','17','','62','41');
INSERT INTO "pmdm__ServiceDelivery__c" VALUES(371,'Barbara Johnson - ESL Classroom Hours','false','2019-10-24','2.0','17','','62','41');
INSERT INTO "pmdm__ServiceDelivery__c" VALUES(372,'Barbara Johnson - ESL Classroom Hours','false','2019-11-14','2.0','17','','62','41');
INSERT INTO "pmdm__ServiceDelivery__c" VALUES(373,'Barbara Johnson - ESL Classroom Hours','false','2019-09-19','2.0','17','','62','41');
INSERT INTO "pmdm__ServiceDelivery__c" VALUES(374,'Barbara Johnson - ESL Classroom Hours','false','2019-12-19','2.0','17','','62','41');
INSERT INTO "pmdm__ServiceDelivery__c" VALUES(375,'Barbara Johnson - ESL Classroom Hours','false','2019-10-10','2.0','17','','62','41');
INSERT INTO "pmdm__ServiceDelivery__c" VALUES(376,'Barbara Johnson - ESL Classroom Hours','false','2019-12-17','2.0','17','','62','41');
INSERT INTO "pmdm__ServiceDelivery__c" VALUES(377,'Barbara Johnson - ESL Classroom Hours','false','2020-01-09','2.0','17','','62','41');
INSERT INTO "pmdm__ServiceDelivery__c" VALUES(378,'Barbara Johnson - ESL Classroom Hours','false','2019-10-01','2.0','17','','62','41');
INSERT INTO "pmdm__ServiceDelivery__c" VALUES(379,'Barbara Johnson - ESL Classroom Hours','false','2019-10-31','2.0','17','','62','41');
INSERT INTO "pmdm__ServiceDelivery__c" VALUES(380,'Barbara Johnson - ESL Classroom Hours','false','2019-11-07','2.0','17','','62','41');
INSERT INTO "pmdm__ServiceDelivery__c" VALUES(381,'Barbara Johnson - ESL Classroom Hours','false','2019-10-08','2.0','17','','62','41');
INSERT INTO "pmdm__ServiceDelivery__c" VALUES(382,'Barbara Johnson - ESL Classroom Hours','false','2019-09-03','2.0','17','','62','41');
INSERT INTO "pmdm__ServiceDelivery__c" VALUES(383,'Barbara Johnson - ESL Classroom Hours','false','2019-09-26','2.0','17','','62','41');
INSERT INTO "pmdm__ServiceDelivery__c" VALUES(384,'Barbara Johnson - ESL Classroom Hours','false','2019-09-12','2.0','17','','62','41');
INSERT INTO "pmdm__ServiceDelivery__c" VALUES(385,'Barbara Johnson - ESL Classroom Hours','false','2019-10-03','2.0','17','','62','41');
INSERT INTO "pmdm__ServiceDelivery__c" VALUES(386,'Barbara Johnson - ESL Classroom Hours','false','2019-10-17','2.0','17','','62','41');
INSERT INTO "pmdm__ServiceDelivery__c" VALUES(387,'Barbara Johnson - ESL Classroom Hours','false','2019-10-15','2.0','17','','62','41');
INSERT INTO "pmdm__ServiceDelivery__c" VALUES(388,'Barbara Johnson - ESL Classroom Hours','false','2019-12-03','2.0','17','','62','41');
INSERT INTO "pmdm__ServiceDelivery__c" VALUES(389,'Barbara Johnson - ESL Classroom Hours','false','2019-09-17','2.0','17','','62','41');
INSERT INTO "pmdm__ServiceDelivery__c" VALUES(390,'Barbara Johnson - ESL Classroom Hours','false','2019-12-10','2.0','17','','62','41');
INSERT INTO "pmdm__ServiceDelivery__c" VALUES(391,'Barbara Johnson - ESL Classroom Hours','false','2020-01-07','2.0','17','','62','41');
INSERT INTO "pmdm__ServiceDelivery__c" VALUES(392,'Fernando Beltran - ESL Classroom Hours','false','2019-12-19','2.0','17','','92','63');
INSERT INTO "pmdm__ServiceDelivery__c" VALUES(393,'Fernando Beltran - ESL Classroom Hours','false','2020-01-09','2.0','17','','92','63');
INSERT INTO "pmdm__ServiceDelivery__c" VALUES(394,'Fernando Beltran - ESL Classroom Hours','false','2019-12-10','2.0','17','','92','63');
INSERT INTO "pmdm__ServiceDelivery__c" VALUES(395,'Fernando Beltran - ESL Classroom Hours','false','2019-12-12','2.0','17','','92','63');
INSERT INTO "pmdm__ServiceDelivery__c" VALUES(396,'Fernando Beltran - ESL Classroom Hours','false','2019-12-05','2.0','17','','92','63');
INSERT INTO "pmdm__ServiceDelivery__c" VALUES(397,'Fernando Beltran - ESL Classroom Hours','false','2020-01-07','2.0','17','','92','63');
INSERT INTO "pmdm__ServiceDelivery__c" VALUES(398,'Fernando Beltran - ESL Classroom Hours','false','2019-12-17','2.0','17','','92','63');
INSERT INTO "pmdm__ServiceDelivery__c" VALUES(399,'Fernando Beltran - ESL Classroom Hours','false','2019-12-03','2.0','17','','92','63');
INSERT INTO "pmdm__ServiceDelivery__c" VALUES(400,'Yusef Flores - ESL Classroom Hours','false','2020-01-07','2.0','17','','115','82');
INSERT INTO "pmdm__ServiceDelivery__c" VALUES(401,'Yusef Flores - ESL Classroom Hours','false','2020-01-09','2.0','17','','115','82');
INSERT INTO "pmdm__ServiceDelivery__c" VALUES(402,'Semaj Wall - ESL Classroom Hours','false','2019-10-17','2.0','17','','116','84');
INSERT INTO "pmdm__ServiceDelivery__c" VALUES(403,'Semaj Wall - ESL Classroom Hours','false','2019-11-07','2.0','17','','116','84');
INSERT INTO "pmdm__ServiceDelivery__c" VALUES(404,'Semaj Wall - ESL Classroom Hours','false','2019-10-01','2.0','17','','116','84');
INSERT INTO "pmdm__ServiceDelivery__c" VALUES(405,'Semaj Wall - ESL Classroom Hours','false','2019-12-10','2.0','17','','116','84');
INSERT INTO "pmdm__ServiceDelivery__c" VALUES(406,'Semaj Wall - ESL Classroom Hours','false','2019-12-19','2.0','17','','116','84');
INSERT INTO "pmdm__ServiceDelivery__c" VALUES(407,'Semaj Wall - ESL Classroom Hours','false','2019-10-15','2.0','17','','116','84');
INSERT INTO "pmdm__ServiceDelivery__c" VALUES(408,'Semaj Wall - ESL Classroom Hours','false','2019-10-31','2.0','17','','116','84');
INSERT INTO "pmdm__ServiceDelivery__c" VALUES(409,'Semaj Wall - ESL Classroom Hours','false','2019-11-19','2.0','17','','116','84');
INSERT INTO "pmdm__ServiceDelivery__c" VALUES(410,'Semaj Wall - ESL Classroom Hours','false','2019-12-05','2.0','17','','116','84');
INSERT INTO "pmdm__ServiceDelivery__c" VALUES(411,'Semaj Wall - ESL Classroom Hours','false','2019-10-08','2.0','17','','116','84');
INSERT INTO "pmdm__ServiceDelivery__c" VALUES(412,'Semaj Wall - ESL Classroom Hours','false','2019-10-29','2.0','17','','116','84');
INSERT INTO "pmdm__ServiceDelivery__c" VALUES(413,'Semaj Wall - ESL Classroom Hours','false','2019-11-05','2.0','17','','116','84');
INSERT INTO "pmdm__ServiceDelivery__c" VALUES(414,'Semaj Wall - ESL Classroom Hours','false','2019-11-14','2.0','17','','116','84');
INSERT INTO "pmdm__ServiceDelivery__c" VALUES(415,'Semaj Wall - ESL Classroom Hours','false','2019-12-17','2.0','17','','116','84');
INSERT INTO "pmdm__ServiceDelivery__c" VALUES(416,'Semaj Wall - ESL Classroom Hours','false','2020-01-07','2.0','17','','116','84');
INSERT INTO "pmdm__ServiceDelivery__c" VALUES(417,'Semaj Wall - ESL Classroom Hours','false','2019-11-26','2.0','17','','116','84');
INSERT INTO "pmdm__ServiceDelivery__c" VALUES(418,'Semaj Wall - ESL Classroom Hours','false','2019-10-03','2.0','17','','116','84');
INSERT INTO "pmdm__ServiceDelivery__c" VALUES(419,'Semaj Wall - ESL Classroom Hours','false','2019-10-10','2.0','17','','116','84');
INSERT INTO "pmdm__ServiceDelivery__c" VALUES(420,'Semaj Wall - ESL Classroom Hours','false','2019-10-24','2.0','17','','116','84');
INSERT INTO "pmdm__ServiceDelivery__c" VALUES(421,'Semaj Wall - ESL Classroom Hours','false','2019-11-12','2.0','17','','116','84');
INSERT INTO "pmdm__ServiceDelivery__c" VALUES(422,'Semaj Wall - ESL Classroom Hours','false','2019-12-12','2.0','17','','116','84');
INSERT INTO "pmdm__ServiceDelivery__c" VALUES(423,'Semaj Wall - ESL Classroom Hours','false','2020-01-09','2.0','17','','116','84');
INSERT INTO "pmdm__ServiceDelivery__c" VALUES(424,'Semaj Wall - ESL Classroom Hours','false','2019-11-21','2.0','17','','116','84');
INSERT INTO "pmdm__ServiceDelivery__c" VALUES(425,'Semaj Wall - ESL Classroom Hours','false','2019-10-22','2.0','17','','116','84');
INSERT INTO "pmdm__ServiceDelivery__c" VALUES(426,'Jason Barnes - Financial Literacy Classroom Hours','false','2019-10-04','2.0','2','','52','24');
INSERT INTO "pmdm__ServiceDelivery__c" VALUES(427,'Jason Barnes - Financial Literacy Classroom Hours','false','2019-09-27','2.0','2','','52','24');
INSERT INTO "pmdm__ServiceDelivery__c" VALUES(428,'Jason Barnes - Financial Literacy Classroom Hours','false','2019-11-08','2.0','2','','52','24');
INSERT INTO "pmdm__ServiceDelivery__c" VALUES(429,'Jason Barnes - Financial Literacy Classroom Hours','false','2019-11-15','2.0','2','','52','24');
INSERT INTO "pmdm__ServiceDelivery__c" VALUES(430,'Jason Barnes - Financial Literacy Classroom Hours','false','2019-11-29','2.0','2','','52','24');
INSERT INTO "pmdm__ServiceDelivery__c" VALUES(431,'Jason Barnes - Financial Literacy Classroom Hours','false','2020-01-10','2.0','2','','52','24');
INSERT INTO "pmdm__ServiceDelivery__c" VALUES(432,'Jason Barnes - Financial Literacy Classroom Hours','false','2019-11-01','2.0','2','','52','24');
INSERT INTO "pmdm__ServiceDelivery__c" VALUES(433,'Jason Barnes - Financial Literacy Classroom Hours','false','2019-12-20','2.0','2','','52','24');
INSERT INTO "pmdm__ServiceDelivery__c" VALUES(434,'Jason Barnes - Financial Literacy Classroom Hours','false','2019-11-22','2.0','2','','52','24');
INSERT INTO "pmdm__ServiceDelivery__c" VALUES(435,'Jason Barnes - Financial Literacy Classroom Hours','false','2019-12-06','2.0','2','','52','24');
INSERT INTO "pmdm__ServiceDelivery__c" VALUES(436,'Jason Barnes - Financial Literacy Classroom Hours','false','2019-10-25','2.0','2','','52','24');
INSERT INTO "pmdm__ServiceDelivery__c" VALUES(437,'Jason Barnes - Financial Literacy Classroom Hours','false','2019-09-13','2.0','2','','52','24');
INSERT INTO "pmdm__ServiceDelivery__c" VALUES(438,'Jason Barnes - Financial Literacy Classroom Hours','false','2019-10-11','2.0','2','','52','24');
INSERT INTO "pmdm__ServiceDelivery__c" VALUES(439,'Jason Barnes - Financial Literacy Classroom Hours','false','2019-09-20','2.0','2','','52','24');
INSERT INTO "pmdm__ServiceDelivery__c" VALUES(440,'Jason Barnes - Financial Literacy Classroom Hours','false','2019-12-13','2.0','2','','52','24');
INSERT INTO "pmdm__ServiceDelivery__c" VALUES(441,'Semaj Wall - Financial Literacy Classroom Hours','false','2020-01-10','2.0','2','','116','83');
INSERT INTO "pmdm__ServiceDelivery__c" VALUES(442,'Semaj Wall - Financial Literacy Classroom Hours','false','2019-10-25','2.0','2','','116','83');
INSERT INTO "pmdm__ServiceDelivery__c" VALUES(443,'Semaj Wall - Financial Literacy Classroom Hours','false','2019-09-13','2.0','2','','116','83');
INSERT INTO "pmdm__ServiceDelivery__c" VALUES(444,'Semaj Wall - Financial Literacy Classroom Hours','false','2019-12-13','2.0','2','','116','83');
INSERT INTO "pmdm__ServiceDelivery__c" VALUES(445,'Semaj Wall - Financial Literacy Classroom Hours','false','2019-09-20','2.0','2','','116','83');
INSERT INTO "pmdm__ServiceDelivery__c" VALUES(446,'Semaj Wall - Financial Literacy Classroom Hours','false','2019-11-01','2.0','2','','116','83');
INSERT INTO "pmdm__ServiceDelivery__c" VALUES(447,'Semaj Wall - Financial Literacy Classroom Hours','false','2019-09-27','2.0','2','','116','83');
INSERT INTO "pmdm__ServiceDelivery__c" VALUES(448,'Semaj Wall - Financial Literacy Classroom Hours','false','2019-11-08','2.0','2','','116','83');
INSERT INTO "pmdm__ServiceDelivery__c" VALUES(449,'Semaj Wall - Financial Literacy Classroom Hours','false','2019-11-22','2.0','2','','116','83');
INSERT INTO "pmdm__ServiceDelivery__c" VALUES(450,'Semaj Wall - Financial Literacy Classroom Hours','false','2019-12-20','2.0','2','','116','83');
INSERT INTO "pmdm__ServiceDelivery__c" VALUES(451,'Semaj Wall - Financial Literacy Classroom Hours','false','2019-10-04','2.0','2','','116','83');
INSERT INTO "pmdm__ServiceDelivery__c" VALUES(452,'Semaj Wall - Financial Literacy Classroom Hours','false','2019-10-18','2.0','2','','116','83');
INSERT INTO "pmdm__ServiceDelivery__c" VALUES(453,'Semaj Wall - Financial Literacy Classroom Hours','false','2019-12-06','2.0','2','','116','83');
INSERT INTO "pmdm__ServiceDelivery__c" VALUES(454,'Semaj Wall - Financial Literacy Classroom Hours','false','2019-11-15','2.0','2','','116','83');
INSERT INTO "pmdm__ServiceDelivery__c" VALUES(455,'Semaj Wall - Financial Literacy Classroom Hours','false','2019-10-11','2.0','2','','116','83');
INSERT INTO "pmdm__ServiceDelivery__c" VALUES(456,'Frankie Waller - Financial Literacy Classroom Hours','false','2020-01-10','2.0','2','','117','85');
INSERT INTO "pmdm__ServiceDelivery__c" VALUES(457,'Lucia Cain - Financial Literacy Classroom Hours','false','2019-12-13','2.0','2','','128','93');
INSERT INTO "pmdm__ServiceDelivery__c" VALUES(458,'Lucia Cain - Financial Literacy Classroom Hours','false','2019-12-20','2.0','2','','128','93');
INSERT INTO "pmdm__ServiceDelivery__c" VALUES(459,'Lucia Cain - Financial Literacy Classroom Hours','false','2020-01-10','2.0','2','','128','93');
INSERT INTO "pmdm__ServiceDelivery__c" VALUES(460,'Lucia Cain - Financial Literacy Classroom Hours','false','2019-12-06','2.0','2','','128','93');
INSERT INTO "pmdm__ServiceDelivery__c" VALUES(461,'Alice Irwin - Financial Literacy Classroom Hours','false','2019-12-20','2.0','2','','131','94');
INSERT INTO "pmdm__ServiceDelivery__c" VALUES(462,'Alice Irwin - Financial Literacy Classroom Hours','false','2019-12-06','2.0','2','','131','94');
INSERT INTO "pmdm__ServiceDelivery__c" VALUES(463,'Alice Irwin - Financial Literacy Classroom Hours','false','2019-12-13','2.0','2','','131','94');
INSERT INTO "pmdm__ServiceDelivery__c" VALUES(464,'Alice Irwin - Financial Literacy Classroom Hours','false','2020-01-10','2.0','2','','131','94');
INSERT INTO "pmdm__ServiceDelivery__c" VALUES(465,'Olive Leach - Provide Prenatal Vitamins','false','2019-11-30','30.0','12','','149','9');
INSERT INTO "pmdm__ServiceDelivery__c" VALUES(466,'Olive Leach - Provide Prenatal Vitamins','false','2019-12-31','30.0','12','','149','9');
INSERT INTO "pmdm__ServiceDelivery__c" VALUES(467,'Olive Leach - Provide Prenatal Vitamins','false','2020-01-31','30.0','12','','149','9');
INSERT INTO "pmdm__ServiceDelivery__c" VALUES(468,'Olive Leach - Provide Prenatal Vitamins','false','2019-09-18','30.0','12','','149','9');
INSERT INTO "pmdm__ServiceDelivery__c" VALUES(469,'Olive Leach - Provide Prenatal Vitamins','false','2019-10-30','30.0','12','','149','9');
INSERT INTO "pmdm__ServiceDelivery__c" VALUES(470,'Marisol Gonzales - Provide Prenatal Vitamins','false','2019-10-14','30.0','12','','163','13');
INSERT INTO "pmdm__ServiceDelivery__c" VALUES(471,'Marisol Gonzales - Provide Prenatal Vitamins','false','2019-11-14','30.0','12','','163','13');
INSERT INTO "pmdm__ServiceDelivery__c" VALUES(472,'Marisol Gonzales - Provide Prenatal Vitamins','false','2019-12-13','30.0','12','','163','13');
INSERT INTO "pmdm__ServiceDelivery__c" VALUES(473,'Marisol Gonzales - Provide Prenatal Vitamins','false','2020-01-14','30.0','12','','163','13');
INSERT INTO "pmdm__ServiceDelivery__c" VALUES(474,'Nancy Arroyo - Provide Prenatal Vitamins','false','2019-10-16','30.0','12','','166','15');
INSERT INTO "pmdm__ServiceDelivery__c" VALUES(475,'Nancy Arroyo - Provide Prenatal Vitamins','false','2020-01-16','30.0','12','','166','15');
INSERT INTO "pmdm__ServiceDelivery__c" VALUES(476,'Nancy Arroyo - Provide Prenatal Vitamins','false','2019-11-15','30.0','12','','166','15');
INSERT INTO "pmdm__ServiceDelivery__c" VALUES(477,'Nancy Arroyo - Provide Prenatal Vitamins','false','2019-12-16','30.0','12','','166','15');
INSERT INTO "pmdm__ServiceDelivery__c" VALUES(478,'Dayana Atkins - Provide Prenatal Vitamins','false','2019-11-25','30.0','12','','5','20');
INSERT INTO "pmdm__ServiceDelivery__c" VALUES(479,'Dayana Atkins - Provide Prenatal Vitamins','false','2020-01-24','30.0','12','','5','20');
INSERT INTO "pmdm__ServiceDelivery__c" VALUES(480,'Dayana Atkins - Provide Prenatal Vitamins','false','2019-12-23','30.0','12','','5','20');
INSERT INTO "pmdm__ServiceDelivery__c" VALUES(481,'Juliette Cisneros - Provide Prenatal Vitamins','false','2019-11-20','30.0','12','','66','42');
INSERT INTO "pmdm__ServiceDelivery__c" VALUES(482,'Juliette Cisneros - Provide Prenatal Vitamins','false','2019-12-20','30.0','12','','66','42');
INSERT INTO "pmdm__ServiceDelivery__c" VALUES(483,'Juliette Cisneros - Provide Prenatal Vitamins','false','2020-01-20','30.0','12','','66','42');
INSERT INTO "pmdm__ServiceDelivery__c" VALUES(484,'Olive Leach - Prenatal Care Sessions (appointments and walk-ins)','false','2019-10-30','1.0','13','','149','9');
INSERT INTO "pmdm__ServiceDelivery__c" VALUES(485,'Olive Leach - Prenatal Care Sessions (appointments and walk-ins)','false','2019-09-18','1.0','13','','149','9');
INSERT INTO "pmdm__ServiceDelivery__c" VALUES(486,'Marisol Gonzales - Prenatal Care Sessions (appointments and walk-ins)','false','2019-10-14','1.0','13','','163','13');
INSERT INTO "pmdm__ServiceDelivery__c" VALUES(487,'Nancy Arroyo - Prenatal Care Sessions (appointments and walk-ins)','false','2019-10-16','1.0','13','','166','15');
INSERT INTO "pmdm__ServiceDelivery__c" VALUES(488,'Dayana Atkins - Prenatal Care Sessions (appointments and walk-ins)','false','2019-11-25','1.0','13','','5','20');
INSERT INTO "pmdm__ServiceDelivery__c" VALUES(489,'Caylee Pollard - Prenatal Care Sessions (appointments and walk-ins)','false','2019-10-22','1.0','13','','20','28');
INSERT INTO "pmdm__ServiceDelivery__c" VALUES(490,'Simone Keller - Prenatal Care Sessions (appointments and walk-ins)','false','2019-08-12','1.0','13','','23','29');
INSERT INTO "pmdm__ServiceDelivery__c" VALUES(491,'Simone Keller - Prenatal Care Sessions (appointments and walk-ins)','false','2019-09-25','1.0','13','','23','29');
INSERT INTO "pmdm__ServiceDelivery__c" VALUES(492,'Violet Ellis - Prenatal Care Sessions (appointments and walk-ins)','false','2019-08-14','1.0','13','','24','30');
INSERT INTO "pmdm__ServiceDelivery__c" VALUES(493,'Violet Ellis - Prenatal Care Sessions (appointments and walk-ins)','false','2019-10-02','1.0','13','','24','30');
INSERT INTO "pmdm__ServiceDelivery__c" VALUES(494,'Violet Ellis - Prenatal Care Sessions (appointments and walk-ins)','false','2019-11-13','1.0','13','','24','30');
INSERT INTO "pmdm__ServiceDelivery__c" VALUES(495,'Emelia Fletcher - Prenatal Care Sessions (appointments and walk-ins)','false','2019-11-25','1.0','13','','33','35');
INSERT INTO "pmdm__ServiceDelivery__c" VALUES(496,'Mira Olson - Prenatal Care Sessions (appointments and walk-ins)','false','2020-02-03','1.0','13','','36','37');
INSERT INTO "pmdm__ServiceDelivery__c" VALUES(497,'Juliette Cisneros - Prenatal Care Sessions (appointments and walk-ins)','false','2019-11-20','1.0','13','','66','42');
INSERT INTO "pmdm__ServiceDelivery__c" VALUES(498,'Amelie Bond - Prenatal Care Sessions (appointments and walk-ins)','false','2019-09-11','1.0','13','','74','46');
INSERT INTO "pmdm__ServiceDelivery__c" VALUES(499,'Amelie Bond - Prenatal Care Sessions (appointments and walk-ins)','false','2019-08-07','1.0','13','','74','46');
INSERT INTO "pmdm__ServiceDelivery__c" VALUES(500,'Julie Myers - Prenatal Care Sessions (appointments and walk-ins)','false','2019-12-11','1.0','13','','75','47');
INSERT INTO "pmdm__ServiceDelivery__c" VALUES(501,'Julie Myers - Prenatal Care Sessions (appointments and walk-ins)','false','2020-01-14','1.0','13','','75','47');
INSERT INTO "pmdm__ServiceDelivery__c" VALUES(502,'Anika Solomon - Prenatal Care Sessions (appointments and walk-ins)','false','2019-12-02','1.0','13','','41','48');
INSERT INTO "pmdm__ServiceDelivery__c" VALUES(503,'Cora Hall - Prenatal Care Sessions (appointments and walk-ins)','false','2019-09-12','1.0','13','','107','74');
INSERT INTO "pmdm__ServiceDelivery__c" VALUES(504,'Cora Hall - Prenatal Care Sessions (appointments and walk-ins)','false','2019-08-07','1.0','13','','107','74');
INSERT INTO "pmdm__ServiceDelivery__c" VALUES(505,'Delilah Ibarra - Prenatal Care Sessions (appointments and walk-ins)','false','2019-08-07','1.0','13','','110','76');
INSERT INTO "pmdm__ServiceDelivery__c" VALUES(506,'Delilah Ibarra - Prenatal Care Sessions (appointments and walk-ins)','false','2019-09-13','1.0','13','','110','76');
INSERT INTO "pmdm__ServiceDelivery__c" VALUES(507,'Lauryn Odom - Prenatal Care Sessions (appointments and walk-ins)','false','2019-09-05','1.0','13','','114','80');
INSERT INTO "pmdm__ServiceDelivery__c" VALUES(508,'Lauryn Odom - Prenatal Care Sessions (appointments and walk-ins)','false','2019-08-14','1.0','13','','114','80');
INSERT INTO "pmdm__ServiceDelivery__c" VALUES(509,'Karissa Aguilar - Prenatal Care Sessions (appointments and walk-ins)','false','2019-09-11','1.0','13','','121','88');
INSERT INTO "pmdm__ServiceDelivery__c" VALUES(510,'Karissa Aguilar - Prenatal Care Sessions (appointments and walk-ins)','false','2019-11-25','1.0','13','','121','88');
INSERT INTO "pmdm__ServiceDelivery__c" VALUES(511,'Karissa Aguilar - Prenatal Care Sessions (appointments and walk-ins)','false','2019-10-15','1.0','13','','121','88');
INSERT INTO "pmdm__ServiceDelivery__c" VALUES(512,'Karissa Aguilar - Prenatal Care Sessions (appointments and walk-ins)','false','2019-08-14','1.0','13','','121','88');
INSERT INTO "pmdm__ServiceDelivery__c" VALUES(513,'Laura Woodard - Prenatal Care Sessions (appointments and walk-ins)','false','2020-01-10','1.0','13','','135','99');
INSERT INTO "pmdm__ServiceDelivery__c" VALUES(514,'Marisol Gonzales - Refer to Caregivers Support Group','false','2020-01-07','1.0','14','','163','13');
INSERT INTO "pmdm__ServiceDelivery__c" VALUES(515,'Audrina Rojas - Refer to Caregivers Support Group','false','2019-12-10','1.0','14','','16','26');
INSERT INTO "pmdm__ServiceDelivery__c" VALUES(516,'Emelia Fletcher - Refer to Caregivers Support Group','false','2019-11-06','1.0','14','','33','35');
INSERT INTO "pmdm__ServiceDelivery__c" VALUES(517,'Julie Myers - Refer to Caregivers Support Group','false','2020-01-16','1.0','14','','75','47');
INSERT INTO "pmdm__ServiceDelivery__c" VALUES(518,'Cora Hall - Refer to Caregivers Support Group','false','2019-09-12','1.0','14','','107','74');
INSERT INTO "pmdm__ServiceDelivery__c" VALUES(519,'Delilah Ibarra - Refer to Caregivers Support Group','false','2019-11-13','1.0','14','','110','76');
INSERT INTO "pmdm__ServiceDelivery__c" VALUES(520,'Lauryn Odom - Refer to Caregivers Support Group','false','2019-09-14','1.0','14','','114','80');
INSERT INTO "pmdm__ServiceDelivery__c" VALUES(521,'Karissa Aguilar - Refer to Caregivers Support Group','false','2019-11-25','','14','','121','88');
INSERT INTO "pmdm__ServiceDelivery__c" VALUES(522,'Karissa Aguilar - Refer to Caregivers Support Group','false','2019-10-14','1.0','14','','121','88');
INSERT INTO "pmdm__ServiceDelivery__c" VALUES(523,'Naima Crawford - Middle School STEM Classroom Hours','false','2019-11-20','2.0','8','','70','2');
INSERT INTO "pmdm__ServiceDelivery__c" VALUES(524,'Naima Crawford - Middle School STEM Classroom Hours','false','2019-09-11','2.0','8','','70','2');
INSERT INTO "pmdm__ServiceDelivery__c" VALUES(525,'Naima Crawford - Middle School STEM Classroom Hours','false','2019-10-16','2.0','8','','70','2');
INSERT INTO "pmdm__ServiceDelivery__c" VALUES(526,'Naima Crawford - Middle School STEM Classroom Hours','false','2019-12-04','2.0','8','','70','2');
INSERT INTO "pmdm__ServiceDelivery__c" VALUES(527,'Naima Crawford - Middle School STEM Classroom Hours','false','2019-10-09','2.0','8','','70','2');
INSERT INTO "pmdm__ServiceDelivery__c" VALUES(528,'Naima Crawford - Middle School STEM Classroom Hours','false','2019-12-18','2.0','8','','70','2');
INSERT INTO "pmdm__ServiceDelivery__c" VALUES(529,'Naima Crawford - Middle School STEM Classroom Hours','false','2020-01-08','2.0','8','','70','2');
INSERT INTO "pmdm__ServiceDelivery__c" VALUES(530,'Naima Crawford - Middle School STEM Classroom Hours','false','2019-11-13','2.0','8','','70','2');
INSERT INTO "pmdm__ServiceDelivery__c" VALUES(531,'Naima Crawford - Middle School STEM Classroom Hours','false','2019-10-23','2.0','8','','70','2');
INSERT INTO "pmdm__ServiceDelivery__c" VALUES(532,'Naima Crawford - Middle School STEM Classroom Hours','false','2019-09-18','2.0','8','','70','2');
INSERT INTO "pmdm__ServiceDelivery__c" VALUES(533,'Naima Crawford - Middle School STEM Classroom Hours','false','2019-09-25','2.0','8','','70','2');
INSERT INTO "pmdm__ServiceDelivery__c" VALUES(534,'Naima Crawford - Middle School STEM Classroom Hours','false','2019-12-11','2.0','8','','70','2');
INSERT INTO "pmdm__ServiceDelivery__c" VALUES(535,'Naima Crawford - Middle School STEM Classroom Hours','false','2019-11-06','2.0','8','','70','2');
INSERT INTO "pmdm__ServiceDelivery__c" VALUES(536,'Naima Crawford - Middle School STEM Classroom Hours','false','2019-10-30','2.0','8','','70','2');
INSERT INTO "pmdm__ServiceDelivery__c" VALUES(537,'Naima Crawford - Middle School STEM Classroom Hours','false','2019-10-02','2.0','8','','70','2');
INSERT INTO "pmdm__ServiceDelivery__c" VALUES(538,'Jessica Woods - Middle School STEM Classroom Hours','false','2019-12-11','2.0','8','','7','11');
INSERT INTO "pmdm__ServiceDelivery__c" VALUES(539,'Jessica Woods - Middle School STEM Classroom Hours','false','2019-12-04','2.0','8','','7','11');
INSERT INTO "pmdm__ServiceDelivery__c" VALUES(540,'Jessica Woods - Middle School STEM Classroom Hours','false','2019-11-13','2.0','8','','7','11');
INSERT INTO "pmdm__ServiceDelivery__c" VALUES(541,'Jessica Woods - Middle School STEM Classroom Hours','false','2019-09-25','2.0','8','','7','11');
INSERT INTO "pmdm__ServiceDelivery__c" VALUES(542,'Jessica Woods - Middle School STEM Classroom Hours','false','2019-09-18','2.0','8','','7','11');
INSERT INTO "pmdm__ServiceDelivery__c" VALUES(543,'Jessica Woods - Middle School STEM Classroom Hours','false','2019-10-16','2.0','8','','7','11');
INSERT INTO "pmdm__ServiceDelivery__c" VALUES(544,'Jessica Woods - Middle School STEM Classroom Hours','false','2019-11-06','2.0','8','','7','11');
INSERT INTO "pmdm__ServiceDelivery__c" VALUES(545,'Jessica Woods - Middle School STEM Classroom Hours','false','2019-11-20','2.0','8','','7','11');
INSERT INTO "pmdm__ServiceDelivery__c" VALUES(546,'Jessica Woods - Middle School STEM Classroom Hours','false','2019-09-11','2.0','8','','7','11');
INSERT INTO "pmdm__ServiceDelivery__c" VALUES(547,'Jessica Woods - Middle School STEM Classroom Hours','false','2019-10-02','2.0','8','','7','11');
INSERT INTO "pmdm__ServiceDelivery__c" VALUES(548,'Jessica Woods - Middle School STEM Classroom Hours','false','2019-10-23','2.0','8','','7','11');
INSERT INTO "pmdm__ServiceDelivery__c" VALUES(549,'Jessica Woods - Middle School STEM Classroom Hours','false','2019-10-30','2.0','8','','7','11');
INSERT INTO "pmdm__ServiceDelivery__c" VALUES(550,'Jessica Woods - Middle School STEM Classroom Hours','false','2019-10-09','2.0','8','','7','11');
INSERT INTO "pmdm__ServiceDelivery__c" VALUES(551,'Dalia Osborn - Monthly Rent Subsidy','false','2020-01-13','400.0','16','30','134','98');
INSERT INTO "pmdm__ServiceDelivery__c" VALUES(552,'Jaylin Morgan - Monthly Rent Subsidy','false','2019-10-15','150.0','16','57','142','6');
INSERT INTO "pmdm__ServiceDelivery__c" VALUES(553,'Jaylin Morgan - Monthly Rent Subsidy','false','2019-12-13','150.0','16','57','142','6');
INSERT INTO "pmdm__ServiceDelivery__c" VALUES(554,'Jaylin Morgan - Monthly Rent Subsidy','false','2020-01-13','150.0','16','57','142','6');
INSERT INTO "pmdm__ServiceDelivery__c" VALUES(555,'Jaylin Morgan - Monthly Rent Subsidy','false','2019-11-15','150.0','16','57','142','6');
INSERT INTO "pmdm__ServiceDelivery__c" VALUES(556,'Jaylin Morgan - Monthly Rent Subsidy','false','2019-09-24','150.0','16','57','142','6');
INSERT INTO "pmdm__ServiceDelivery__c" VALUES(557,'Nico Rivers - Monthly Rent Subsidy','false','2019-10-15','175.0','16','65','151','10');
INSERT INTO "pmdm__ServiceDelivery__c" VALUES(558,'Nico Rivers - Monthly Rent Subsidy','false','2020-01-13','175.0','16','65','151','10');
INSERT INTO "pmdm__ServiceDelivery__c" VALUES(559,'Nico Rivers - Monthly Rent Subsidy','false','2019-12-13','175.0','16','65','151','10');
INSERT INTO "pmdm__ServiceDelivery__c" VALUES(560,'Nico Rivers - Monthly Rent Subsidy','false','2019-12-19','175.0','16','65','151','10');
INSERT INTO "pmdm__ServiceDelivery__c" VALUES(561,'Nico Rivers - Monthly Rent Subsidy','false','2019-11-15','175.0','16','65','151','10');
INSERT INTO "pmdm__ServiceDelivery__c" VALUES(562,'Jessica Woods - Middle School STEM Classroom Hours','false','2019-12-18','2.0','8','','7','11');
INSERT INTO "pmdm__ServiceDelivery__c" VALUES(563,'Jessica Woods - Middle School STEM Classroom Hours','false','2020-01-08','2.0','8','','7','11');
INSERT INTO "pmdm__ServiceDelivery__c" VALUES(564,'Alia Duarte - Middle School STEM Classroom Hours','false','2019-12-04','2.0','8','','157','100');
INSERT INTO "pmdm__ServiceDelivery__c" VALUES(565,'Alia Duarte - Middle School STEM Classroom Hours','false','2019-12-11','2.0','8','','157','100');
INSERT INTO "pmdm__ServiceDelivery__c" VALUES(566,'Alia Duarte - Middle School STEM Classroom Hours','false','2019-10-30','2.0','8','','157','100');
INSERT INTO "pmdm__ServiceDelivery__c" VALUES(567,'Alia Duarte - Middle School STEM Classroom Hours','false','2019-09-18','2.0','8','','157','100');
INSERT INTO "pmdm__ServiceDelivery__c" VALUES(568,'Alia Duarte - Middle School STEM Classroom Hours','false','2019-09-11','2.0','8','','157','100');
INSERT INTO "pmdm__ServiceDelivery__c" VALUES(569,'Alia Duarte - Middle School STEM Classroom Hours','false','2019-10-02','2.0','8','','157','100');
INSERT INTO "pmdm__ServiceDelivery__c" VALUES(570,'Alia Duarte - Middle School STEM Classroom Hours','false','2019-10-09','2.0','8','','157','100');
INSERT INTO "pmdm__ServiceDelivery__c" VALUES(571,'Alia Duarte - Middle School STEM Classroom Hours','false','2019-10-23','2.0','8','','157','100');
INSERT INTO "pmdm__ServiceDelivery__c" VALUES(572,'Alia Duarte - Middle School STEM Classroom Hours','false','2019-11-06','2.0','8','','157','100');
INSERT INTO "pmdm__ServiceDelivery__c" VALUES(573,'Alia Duarte - Middle School STEM Classroom Hours','false','2019-11-20','2.0','8','','157','100');
INSERT INTO "pmdm__ServiceDelivery__c" VALUES(574,'Alia Duarte - Middle School STEM Classroom Hours','false','2019-12-18','2.0','8','','157','100');
INSERT INTO "pmdm__ServiceDelivery__c" VALUES(575,'Alia Duarte - Middle School STEM Classroom Hours','false','2019-09-25','2.0','8','','157','100');
INSERT INTO "pmdm__ServiceDelivery__c" VALUES(576,'Alia Duarte - Middle School STEM Classroom Hours','false','2019-11-13','2.0','8','','157','100');
INSERT INTO "pmdm__ServiceDelivery__c" VALUES(577,'Alia Duarte - Middle School STEM Classroom Hours','false','2019-10-16','2.0','8','','157','100');
INSERT INTO "pmdm__ServiceDelivery__c" VALUES(578,'Alia Duarte - Middle School STEM Classroom Hours','false','2020-01-08','2.0','8','','157','100');
INSERT INTO "pmdm__ServiceDelivery__c" VALUES(579,'Taniyah Rios - Middle School STEM Classroom Hours','false','2019-10-30','2.0','8','','171','19');
INSERT INTO "pmdm__ServiceDelivery__c" VALUES(580,'Taniyah Rios - Middle School STEM Classroom Hours','false','2019-09-18','2.0','8','','171','19');
INSERT INTO "pmdm__ServiceDelivery__c" VALUES(581,'Taniyah Rios - Middle School STEM Classroom Hours','false','2019-10-02','2.0','8','','171','19');
INSERT INTO "pmdm__ServiceDelivery__c" VALUES(582,'Taniyah Rios - Middle School STEM Classroom Hours','false','2019-11-13','2.0','8','','171','19');
INSERT INTO "pmdm__ServiceDelivery__c" VALUES(583,'Taniyah Rios - Middle School STEM Classroom Hours','false','2019-11-20','2.0','8','','171','19');
INSERT INTO "pmdm__ServiceDelivery__c" VALUES(584,'Taniyah Rios - Middle School STEM Classroom Hours','false','2020-01-08','2.0','8','','171','19');
INSERT INTO "pmdm__ServiceDelivery__c" VALUES(585,'Taniyah Rios - Middle School STEM Classroom Hours','false','2019-09-25','2.0','8','','171','19');
INSERT INTO "pmdm__ServiceDelivery__c" VALUES(586,'Taniyah Rios - Middle School STEM Classroom Hours','false','2019-11-06','2.0','8','','171','19');
INSERT INTO "pmdm__ServiceDelivery__c" VALUES(587,'Taniyah Rios - Middle School STEM Classroom Hours','false','2019-10-09','2.0','8','','171','19');
INSERT INTO "pmdm__ServiceDelivery__c" VALUES(588,'Taniyah Rios - Middle School STEM Classroom Hours','false','2019-12-18','2.0','8','','171','19');
INSERT INTO "pmdm__ServiceDelivery__c" VALUES(589,'Taniyah Rios - Middle School STEM Classroom Hours','false','2019-09-11','2.0','8','','171','19');
INSERT INTO "pmdm__ServiceDelivery__c" VALUES(590,'Emelia Mercer - Monthly Rent Subsidy','false','2019-11-15','200.0','16','107','169','18');
INSERT INTO "pmdm__ServiceDelivery__c" VALUES(591,'Emelia Mercer - Monthly Rent Subsidy','false','2019-10-15','200.0','16','107','169','18');
INSERT INTO "pmdm__ServiceDelivery__c" VALUES(592,'Emelia Mercer - Monthly Rent Subsidy','false','2020-01-13','200.0','16','107','169','18');
INSERT INTO "pmdm__ServiceDelivery__c" VALUES(593,'Emelia Mercer - Monthly Rent Subsidy','false','2019-12-13','200.0','16','107','169','18');
INSERT INTO "pmdm__ServiceDelivery__c" VALUES(594,'Isaac Grant - Monthly Rent Subsidy','false','2019-11-15','250.0','16','125','15','25');
INSERT INTO "pmdm__ServiceDelivery__c" VALUES(595,'Isaac Grant - Monthly Rent Subsidy','false','2020-01-13','250.0','16','125','15','25');
INSERT INTO "pmdm__ServiceDelivery__c" VALUES(596,'Isaac Grant - Monthly Rent Subsidy','false','2019-12-13','250.0','16','125','15','25');
INSERT INTO "pmdm__ServiceDelivery__c" VALUES(597,'Angelo Lutz - Monthly Rent Subsidy','false','2020-01-13','250.0','16','164','30','33');
INSERT INTO "pmdm__ServiceDelivery__c" VALUES(598,'Angelo Lutz - Monthly Rent Subsidy','false','2019-12-16','250.0','16','164','30','33');
INSERT INTO "pmdm__ServiceDelivery__c" VALUES(599,'James Richards - Monthly Rent Subsidy','false','2020-01-13','200.0','16','146','96','45');
INSERT INTO "pmdm__ServiceDelivery__c" VALUES(600,'Jordan Waller - Grade 1-8 Reading Tutoring','false','2019-09-20','3.0','1','','82','52');
INSERT INTO "pmdm__ServiceDelivery__c" VALUES(601,'Jordan Waller - Grade 1-8 Reading Tutoring','false','2019-10-04','3.0','1','','82','52');
INSERT INTO "pmdm__ServiceDelivery__c" VALUES(602,'Jordan Waller - Grade 1-8 Reading Tutoring','false','2019-09-27','3.0','1','','82','52');
INSERT INTO "pmdm__ServiceDelivery__c" VALUES(603,'Jordan Waller - Grade 1-8 Reading Tutoring','false','2019-12-06','3.0','1','','82','52');
INSERT INTO "pmdm__ServiceDelivery__c" VALUES(604,'Jordan Waller - Grade 1-8 Reading Tutoring','false','2019-10-11','3.0','1','','82','52');
INSERT INTO "pmdm__ServiceDelivery__c" VALUES(605,'Jordan Waller - Grade 1-8 Reading Tutoring','false','2019-11-08','3.0','1','','82','52');
INSERT INTO "pmdm__ServiceDelivery__c" VALUES(606,'Jordan Waller - Grade 1-8 Reading Tutoring','false','2019-11-22','3.0','1','','82','52');
INSERT INTO "pmdm__ServiceDelivery__c" VALUES(607,'Jordan Waller - Grade 1-8 Reading Tutoring','false','2019-12-13','3.0','1','','82','52');
INSERT INTO "pmdm__ServiceDelivery__c" VALUES(608,'Jordan Waller - Grade 1-8 Reading Tutoring','false','2019-11-01','3.0','1','','82','52');
INSERT INTO "pmdm__ServiceDelivery__c" VALUES(609,'Jordan Waller - Grade 1-8 Reading Tutoring','false','2019-11-15','3.0','1','','82','52');
INSERT INTO "pmdm__ServiceDelivery__c" VALUES(610,'Jordan Waller - Grade 1-8 Reading Tutoring','false','2019-11-29','3.0','1','','82','52');
INSERT INTO "pmdm__ServiceDelivery__c" VALUES(611,'Jordan Waller - Grade 1-8 Reading Tutoring','false','2020-01-10','3.0','1','','82','52');
INSERT INTO "pmdm__ServiceDelivery__c" VALUES(612,'Jordan Waller - Grade 1-8 Reading Tutoring','false','2019-09-13','3.0','1','','82','52');
INSERT INTO "pmdm__ServiceDelivery__c" VALUES(613,'Jordan Waller - Grade 1-8 Reading Tutoring','false','2019-10-25','3.0','1','','82','52');
INSERT INTO "pmdm__ServiceDelivery__c" VALUES(614,'Jordan Waller - Grade 1-8 Reading Tutoring','false','2019-12-20','3.0','1','','82','52');
INSERT INTO "pmdm__ServiceDelivery__c" VALUES(615,'Tom Higgins - Grade 1-8 Reading Tutoring','false','2019-12-13','3.0','1','','42','57');
INSERT INTO "pmdm__ServiceDelivery__c" VALUES(616,'Tom Higgins - Grade 1-8 Reading Tutoring','false','2019-10-11','4.0','1','','42','57');
INSERT INTO "pmdm__ServiceDelivery__c" VALUES(617,'Tom Higgins - Grade 1-8 Reading Tutoring','false','2019-10-04','4.0','1','','42','57');
INSERT INTO "pmdm__ServiceDelivery__c" VALUES(618,'Tom Higgins - Grade 1-8 Reading Tutoring','false','2019-11-22','3.0','1','','42','57');
INSERT INTO "pmdm__ServiceDelivery__c" VALUES(619,'Taniyah Rios - Middle School STEM Classroom Hours','false','2019-12-11','2.0','8','','171','19');
INSERT INTO "pmdm__ServiceDelivery__c" VALUES(620,'Taniyah Rios - Middle School STEM Classroom Hours','false','2019-12-04','2.0','8','','171','19');
INSERT INTO "pmdm__ServiceDelivery__c" VALUES(621,'Taniyah Rios - Middle School STEM Classroom Hours','false','2019-10-16','2.0','8','','171','19');
INSERT INTO "pmdm__ServiceDelivery__c" VALUES(622,'Taniyah Rios - Middle School STEM Classroom Hours','false','2019-10-23','2.0','8','','171','19');
INSERT INTO "pmdm__ServiceDelivery__c" VALUES(623,'Casey Kline - Middle School STEM Classroom Hours','false','2019-12-11','2.0','8','','10','22');
INSERT INTO "pmdm__ServiceDelivery__c" VALUES(624,'Casey Kline - Middle School STEM Classroom Hours','false','2019-09-11','2.0','8','','10','22');
INSERT INTO "pmdm__ServiceDelivery__c" VALUES(625,'Casey Kline - Middle School STEM Classroom Hours','false','2019-11-13','2.0','8','','10','22');
INSERT INTO "pmdm__ServiceDelivery__c" VALUES(626,'Casey Kline - Middle School STEM Classroom Hours','false','2019-12-04','2.0','8','','10','22');
INSERT INTO "pmdm__ServiceDelivery__c" VALUES(627,'Casey Kline - Middle School STEM Classroom Hours','false','2019-09-18','2.0','8','','10','22');
INSERT INTO "pmdm__ServiceDelivery__c" VALUES(628,'Casey Kline - Middle School STEM Classroom Hours','false','2019-09-25','2.0','8','','10','22');
INSERT INTO "pmdm__ServiceDelivery__c" VALUES(629,'Casey Kline - Middle School STEM Classroom Hours','false','2019-11-20','2.0','8','','10','22');
INSERT INTO "pmdm__ServiceDelivery__c" VALUES(630,'Casey Kline - Middle School STEM Classroom Hours','false','2019-11-06','2.0','8','','10','22');
INSERT INTO "pmdm__ServiceDelivery__c" VALUES(631,'Casey Kline - Middle School STEM Classroom Hours','false','2019-10-16','2.0','8','','10','22');
INSERT INTO "pmdm__ServiceDelivery__c" VALUES(632,'Casey Kline - Middle School STEM Classroom Hours','false','2019-10-30','2.0','8','','10','22');
INSERT INTO "pmdm__ServiceDelivery__c" VALUES(633,'Casey Kline - Middle School STEM Classroom Hours','false','2019-12-18','2.0','8','','10','22');
INSERT INTO "pmdm__ServiceDelivery__c" VALUES(634,'Casey Kline - Middle School STEM Classroom Hours','false','2019-10-02','2.0','8','','10','22');
INSERT INTO "pmdm__ServiceDelivery__c" VALUES(635,'Casey Kline - Middle School STEM Classroom Hours','false','2019-10-23','2.0','8','','10','22');
INSERT INTO "pmdm__ServiceDelivery__c" VALUES(636,'Casey Kline - Middle School STEM Classroom Hours','false','2019-10-09','2.0','8','','10','22');
INSERT INTO "pmdm__ServiceDelivery__c" VALUES(637,'Casey Kline - Middle School STEM Classroom Hours','false','2020-01-08','2.0','8','','10','22');
INSERT INTO "pmdm__ServiceDelivery__c" VALUES(638,'Diego Case - Middle School STEM Classroom Hours','false','2019-09-11','2.0','8','','12','23');
INSERT INTO "pmdm__ServiceDelivery__c" VALUES(639,'Diego Case - Middle School STEM Classroom Hours','false','2019-10-16','2.0','8','','12','23');
INSERT INTO "pmdm__ServiceDelivery__c" VALUES(640,'Diego Case - Middle School STEM Classroom Hours','false','2019-10-23','2.0','8','','12','23');
INSERT INTO "pmdm__ServiceDelivery__c" VALUES(641,'Diego Case - Middle School STEM Classroom Hours','false','2019-10-30','2.0','8','','12','23');
INSERT INTO "pmdm__ServiceDelivery__c" VALUES(642,'Diego Case - Middle School STEM Classroom Hours','false','2019-09-18','2.0','8','','12','23');
INSERT INTO "pmdm__ServiceDelivery__c" VALUES(643,'Diego Case - Middle School STEM Classroom Hours','false','2019-09-25','2.0','8','','12','23');
INSERT INTO "pmdm__ServiceDelivery__c" VALUES(644,'Diego Case - Middle School STEM Classroom Hours','false','2019-10-09','2.0','8','','12','23');
INSERT INTO "pmdm__ServiceDelivery__c" VALUES(645,'Diego Case - Middle School STEM Classroom Hours','false','2019-12-11','2.0','8','','12','23');
INSERT INTO "pmdm__ServiceDelivery__c" VALUES(646,'Diego Case - Middle School STEM Classroom Hours','false','2019-12-18','2.0','8','','12','23');
CREATE TABLE "pmdm__Service__c" (
	id INTEGER NOT NULL, 
	"Name" VARCHAR(255), 
	"pmdm__Description__c" VARCHAR(255), 
	"pmdm__Status__c" VARCHAR(255), 
	"pmdm__UnitOfMeasurement__c" VARCHAR(255), 
	program__c VARCHAR(255), 
	PRIMARY KEY (id)
);
INSERT INTO "pmdm__Service__c" VALUES(1,'Grade 1-8 Reading Tutoring','Grade 1-8 Reading Tutoring','Active','Hours','1');
INSERT INTO "pmdm__Service__c" VALUES(2,'Financial Literacy Classroom Hours','Financial Literacy Classroom Hours','Active','Hours','10');
INSERT INTO "pmdm__Service__c" VALUES(3,'Subsidized Lunch','','Active','Lunches','11');
INSERT INTO "pmdm__Service__c" VALUES(4,'Job Interviews completed','','Active','Completed Interviews','2');
INSERT INTO "pmdm__Service__c" VALUES(5,'Financial Advisor Sessions','','Active','Hours','2');
INSERT INTO "pmdm__Service__c" VALUES(6,'Job Readiness Coaching','','Active','Hours','2');
INSERT INTO "pmdm__Service__c" VALUES(7,'After School Activities','Indoor/Outdoor After-School Activities','Active','Sessions','3');
INSERT INTO "pmdm__Service__c" VALUES(8,'Middle School STEM Classroom Hours','','Active','Hours','4');
INSERT INTO "pmdm__Service__c" VALUES(9,'STEM Field Trips','','Active','Field Trips','4');
INSERT INTO "pmdm__Service__c" VALUES(10,'Town Hall Meeting, 1/8/2020','','Active','Attendees','5');
INSERT INTO "pmdm__Service__c" VALUES(11,'Letter writing campaign to Council Members','','Active','Letters','5');
INSERT INTO "pmdm__Service__c" VALUES(12,'Provide Prenatal Vitamins','','Active','Dosages','6');
INSERT INTO "pmdm__Service__c" VALUES(13,'Prenatal Care Sessions (appointments and walk-ins)','','Active','Sessions','6');
INSERT INTO "pmdm__Service__c" VALUES(14,'Refer to Caregivers Support Group','','Active','Referrals','6');
INSERT INTO "pmdm__Service__c" VALUES(15,'12 Step Recovery Program','12 Step Recovery Program','Active','Session','7');
INSERT INTO "pmdm__Service__c" VALUES(16,'Monthly Rent Subsidy','Monthly Rent Subsidy - sliding scale','Active','Dollars','8');
INSERT INTO "pmdm__Service__c" VALUES(17,'ESL Classroom Hours','ESL Classroom Hours','Active','Hours','9');
COMMIT;
