BEGIN TRANSACTION;
CREATE TABLE "Account" (
	id INTEGER NOT NULL, 
	"RecordTypeId" VARCHAR(255), 
	"Name" VARCHAR(255), 
	"Description" VARCHAR(255), 
	"BillingStreet" VARCHAR(255), 
	"BillingCity" VARCHAR(255), 
	"BillingState" VARCHAR(255), 
	"BillingPostalCode" VARCHAR(255), 
	"BillingCountry" VARCHAR(255), 
	"ShippingStreet" VARCHAR(255), 
	"ShippingCity" VARCHAR(255), 
	"ShippingState" VARCHAR(255), 
	"ShippingPostalCode" VARCHAR(255), 
	"ShippingCountry" VARCHAR(255), 
	"Phone" VARCHAR(255), 
	"Fax" VARCHAR(255), 
	"Website" VARCHAR(255), 
	"NumberOfEmployees" VARCHAR(255), 
	"AccountNumber" VARCHAR(255), 
	"Site" VARCHAR(255), 
	"Type" VARCHAR(255), 
	PRIMARY KEY (id)
);
INSERT INTO "Account" VALUES(1,'012J0000002qgYGIAY','Horton Household','','','','','','','','','','','','','','','','','','Household');
INSERT INTO "Account" VALUES(2,'012J0000002qgYGIAY','Rios Household','','','','','','','','','','','','','','','','','','Household');
INSERT INTO "Account" VALUES(3,'012J0000002qgYGIAY','Craig Household','','','','','','','','','','','','','','','','','','Household');
INSERT INTO "Account" VALUES(4,'012J0000002qgYGIAY','Oliver Household','','','','','','','','','','','','','','','','','','Household');
INSERT INTO "Account" VALUES(5,'012J0000002qgYGIAY','Montgomery Household','','','','','','','','','','','','','','','','','','Household');
INSERT INTO "Account" VALUES(6,'012J0000002qgYGIAY','Cooke Household','','','','','','','','','','','','','','','','','','Household');
INSERT INTO "Account" VALUES(7,'012J0000002qgYGIAY','Morrison Household','','','','','','','','','','','','','','','','','','Household');
INSERT INTO "Account" VALUES(8,'012J0000002qgYGIAY','Osborn Household','','','','','','','','','','','','','','','','','','Household');
INSERT INTO "Account" VALUES(9,'012J0000002qgYGIAY','Bright Household','','','','','','','','','','','','','','','','','','Household');
INSERT INTO "Account" VALUES(10,'012J0000002qgYGIAY','Pearson Household','','','','','','','','','','','','','','','','','','Household');
INSERT INTO "Account" VALUES(11,'012J0000002qgYGIAY','Branch Household','','','','','','','','','','','','','','','','','','Household');
INSERT INTO "Account" VALUES(12,'012J0000002qgYGIAY','Bates Household','','','','','','','','','','','','','','','','','','Household');
INSERT INTO "Account" VALUES(13,'012J0000002qgYGIAY','Rodgers Household','','','','','','','','','','','','','','','','','','Household');
INSERT INTO "Account" VALUES(14,'012J0000002qgYGIAY','Mcclure Household','','','','','','','','','','','','','','','','','','Household');
INSERT INTO "Account" VALUES(15,'012J0000002qgYGIAY','Huynh Household','','','','','','','','','','','','','','','','','','Household');
INSERT INTO "Account" VALUES(16,'012J0000002qgYGIAY','Gonzalez Household','','','','','','','','','','','','','','','','','','Household');
INSERT INTO "Account" VALUES(17,'012J0000002qgYGIAY','Singleton Household','','','','','','','','','','','','','','','','','','Household');
INSERT INTO "Account" VALUES(18,'012J0000002qgYGIAY','Woodard Household','','','','','','','','','','','','','','','','','','Household');
INSERT INTO "Account" VALUES(19,'012J0000002qgYGIAY','Gibson Household','','','','','','','','','','','','','','','','','','Household');
INSERT INTO "Account" VALUES(20,'012J0000002qgYGIAY','Duarte Household','','','','','','','','','','','','','','','','','','Household');
INSERT INTO "Account" VALUES(21,'012J0000002qgYGIAY','Huerta Household','','','','','','','','','','','','','','','','','','Household');
INSERT INTO "Account" VALUES(22,'012J0000002qgYGIAY','Villegas Household','','','','','','','','','','','','','','','','','','Household');
INSERT INTO "Account" VALUES(23,'012J0000002qgYGIAY','Velasquez Household','','502 8th Street','Oakland','CA','','','','','','','','','','','','','','Household');
INSERT INTO "Account" VALUES(24,'012J0000002qgYGIAY','Hardin Household','','','','','','','','','','','','','','','','','','Household');
INSERT INTO "Account" VALUES(25,'012J0000002qgYGIAY','Atkins Household','','','','','','','','','','','','','','','','','','Household');
INSERT INTO "Account" VALUES(26,'012J0000002qgYGIAY','Anonymous Household','','','','','','','','','','','','','','','','','','Household');
INSERT INTO "Account" VALUES(27,'012J0000002qgYGIAY','Fischer Household','','','','','','','','','','','','','','','','','','Household');
INSERT INTO "Account" VALUES(28,'012J0000002qgYGIAY','Kline Household','','','','','','','','','','','','','','','','','','Household');
INSERT INTO "Account" VALUES(29,'012J0000002qgYHIAY','Step In','','2625 Greenwich St','','Oakland','CA','','','','','','','555-555-3680','','','','','','');
INSERT INTO "Account" VALUES(30,'012J0000002qgYGIAY','Byrd Household','','3084 Sanford Way','Oakland','CA','','','','','','','','510-575-2217','','','','','','Household');
INSERT INTO "Account" VALUES(31,'012J0000002qgYGIAY','Bishop Household','','','','','','','','','','','','','','','','','','Household');
INSERT INTO "Account" VALUES(32,'012J0000002qgYGIAY','Reese Household','','2011 Otis Ave,','Oakland','CA','','','','','','','','','','','','','','Household');
INSERT INTO "Account" VALUES(33,'012J0000002qgYHIAY','Oakdale School District','','','','','','','','','','','','','','','','','','');
INSERT INTO "Account" VALUES(34,'012J0000002qgYGIAY','Byrd Household','','3084 Sanford Way','Oakland','CA','','','','','','','','510-575-2217','','','','','','Household');
INSERT INTO "Account" VALUES(35,'012J0000002qgYGIAY','Mathis Household','','609 9th St.','Oakland','CA','','','','','','','','510-924-1708','','','','','','Household');
INSERT INTO "Account" VALUES(36,'012J0000002qgYGIAY','Wilmont Household','','1639 Smith Avenue','Oakland','CA','','','','','','','','','','','','','','Household');
INSERT INTO "Account" VALUES(37,'012J0000002qgYGIAY','Poole Household','','3502 Howard St','San Francisco','CA','','','','','','','','','','','','','','Household');
INSERT INTO "Account" VALUES(38,'012J0000002qgYHIAY','Integrated Support Center','','3972 Seventh St.
Suite 340','San Francisco','CA','94103','','','','','','','415-651-7970','','','','','','');
INSERT INTO "Account" VALUES(39,'012J0000002qgYGIAY','Robinson Household','','129th Street','Oakland','CA','','','','','','','','','','','','','','Household');
INSERT INTO "Account" VALUES(40,'012J0000002qgYGIAY','Anonymous Household','','','','','','','','','','','','','','','','','','Household');
INSERT INTO "Account" VALUES(41,'012J0000002qgYGIAY','Case Household','','','','','','','','','','','','','','','','','','Household');
INSERT INTO "Account" VALUES(42,'012J0000002qgYGIAY','Wu Household','','','','','','','','','','','','','','','','','','Household');
INSERT INTO "Account" VALUES(43,'012J0000002qgYGIAY','Grant Household','','','','','','','','','','','','','','','','','','Household');
INSERT INTO "Account" VALUES(44,'012J0000002qgYGIAY','Rojas Household','','','','','','','','','','','','','','','','','','Household');
INSERT INTO "Account" VALUES(45,'012J0000002qgYGIAY','Chase Household','','','','','','','','','','','','','','','','','','Household');
INSERT INTO "Account" VALUES(46,'012J0000002qgYGIAY','Holder Household','','','','','','','','','','','','','','','','','','Household');
INSERT INTO "Account" VALUES(47,'012J0000002qgYGIAY','Anonymous Household','','','','','','','','','','','','','','','','','','Household');
INSERT INTO "Account" VALUES(48,'012J0000002qgYGIAY','Quinn Household','','','','','','','','','','','','','','','','','','Household');
INSERT INTO "Account" VALUES(49,'012J0000002qgYGIAY','Anonymous Household','','','','','','','','','','','','','','','','','','Household');
INSERT INTO "Account" VALUES(50,'012J0000002qgYGIAY','Keller Household','','','','','','','','','','','','','','','','','','Household');
INSERT INTO "Account" VALUES(51,'012J0000002qgYGIAY','Ellis Household','','','','','','','','','','','','','','','','','','Household');
INSERT INTO "Account" VALUES(52,'012J0000002qgYGIAY','Neal Household','','','','','','','','','','','','','','','','','','Household');
INSERT INTO "Account" VALUES(53,'012J0000002qgYGIAY','Mcconnell Household','','','','','','','','','','','','','','','','','','Household');
INSERT INTO "Account" VALUES(54,'012J0000002qgYGIAY','Arellano Household','','','','','','','','','','','','','','','','','','Household');
INSERT INTO "Account" VALUES(55,'012J0000002qgYGIAY','Glover Household','','','','','','','','','','','','','','','','','','Household');
INSERT INTO "Account" VALUES(56,'012J0000002qgYGIAY','Lutz Household','','','','','','','','','','','','','','','','','','Household');
INSERT INTO "Account" VALUES(57,'012J0000002qgYGIAY','Graves Household','','','','','','','','','','','','','','','','','','Household');
INSERT INTO "Account" VALUES(58,'012J0000002qgYGIAY','Carson Household','','','','','','','','','','','','','','','','','','Household');
INSERT INTO "Account" VALUES(59,'012J0000002qgYGIAY','Fletcher Household','','','','','','','','','','','','','','','','','','Household');
INSERT INTO "Account" VALUES(60,'012J0000002qgYGIAY','Graham and Brooks Household','','','','','','','','','','','','555-648-7204','','','','','','Household');
INSERT INTO "Account" VALUES(61,'012J0000002qgYGIAY','Barnes Household','','','','','','','','','','','','555-893-4763','','','','','','Household');
INSERT INTO "Account" VALUES(62,'012J0000002qgYGIAY','Hernandez Household','','','','','','','','','','','','','','','','','','Household');
INSERT INTO "Account" VALUES(63,'012J0000002qgYGIAY','Clayton Household','','','','','','','','','','','','','','','','','','Household');
INSERT INTO "Account" VALUES(64,'012J0000002qgYGIAY','Richard Household','','','','','','','','','','','','','','','','','','Household');
INSERT INTO "Account" VALUES(65,'012J0000002qgYGIAY','Waller Household','','','','','','','','','','','','','','','','','','Household');
INSERT INTO "Account" VALUES(66,'012J0000002qgYGIAY','Hampton Household','','','','','','','','','','','','','','','','','','Household');
INSERT INTO "Account" VALUES(67,'012J0000002qgYGIAY','Gentry Household','','','','','','','','','','','','','','','','','','Household');
INSERT INTO "Account" VALUES(68,'012J0000002qgYGIAY','Barr Household','','','','','','','','','','','','','','','','','','Household');
INSERT INTO "Account" VALUES(69,'012J0000002qgYGIAY','Pham Household','','','','','','','','','','','','','','','','','','Household');
INSERT INTO "Account" VALUES(70,'012J0000002qgYGIAY','Cooley Household','','','','','','','','','','','','','','','','','','Household');
INSERT INTO "Account" VALUES(71,'012J0000002qgYGIAY','Zimmerman Household','','','','','','','','','','','','','','','','','','Household');
INSERT INTO "Account" VALUES(72,'012J0000002qgYGIAY','Wheeler Household','','','','','','','','','','','','','','','','','','Household');
INSERT INTO "Account" VALUES(73,'012J0000002qgYGIAY','Beltran Household','','','','','','','','','','','','','','','','','','Household');
INSERT INTO "Account" VALUES(74,'012J0000002qgYGIAY','Bird Household','','','','','','','','','','','','','','','','','','Household');
INSERT INTO "Account" VALUES(75,'012J0000002qgYGIAY','Duffy Household','','','','','','','','','','','','','','','','','','Household');
INSERT INTO "Account" VALUES(76,'012J0000002qgYGIAY','Richards Household','','','','','','','','','','','','','','','','','','Household');
INSERT INTO "Account" VALUES(77,'012J0000002qgYGIAY','Valdez Household','','','','','','','','','','','','','','','','','','Household');
INSERT INTO "Account" VALUES(78,'012J0000002qgYGIAY','Mills Household','','','','','','','','','','','','','','','','','','Household');
INSERT INTO "Account" VALUES(79,'012J0000002qgYGIAY','Greene Household','','','','','','','','','','','','','','','','','','Household');
INSERT INTO "Account" VALUES(80,'012J0000002qgYGIAY','Escobar Household','','','','','','','','','','','','','','','','','','Household');
INSERT INTO "Account" VALUES(81,'012J0000002qgYGIAY','Gross Household','','','','','','','','','','','','','','','','','','Household');
INSERT INTO "Account" VALUES(82,'012J0000002qgYGIAY','Guerrero Household','','','','','','','','','','','','','','','','','','Household');
INSERT INTO "Account" VALUES(83,'012J0000002qgYGIAY','Ritter Household','','','','','','','','','','','','','','','','','','Household');
INSERT INTO "Account" VALUES(84,'012J0000002qgYGIAY','Sims Household','','','','','','','','','','','','','','','','','','Household');
INSERT INTO "Account" VALUES(85,'012J0000002qgYGIAY','Huffman Household','','','','','','','','','','','','','','','','','','Household');
INSERT INTO "Account" VALUES(86,'012J0000002qgYGIAY','Hall Household','','','','','','','','','','','','','','','','','','Household');
INSERT INTO "Account" VALUES(87,'012J0000002qgYGIAY','Barker Household','','','','','','','','','','','','','','','','','','Household');
INSERT INTO "Account" VALUES(88,'012J0000002qgYGIAY','Glass Household','','','','','','','','','','','','','','','','','','Household');
INSERT INTO "Account" VALUES(89,'012J0000002qgYGIAY','Ibarra Household','','','','','','','','','','','','','','','','','','Household');
INSERT INTO "Account" VALUES(90,'012J0000002qgYGIAY','Morgan Household','','','','','','','','','','','','','','','','','','Household');
INSERT INTO "Account" VALUES(91,'012J0000002qgYGIAY','Bowers Household','','','','','','','','','','','','','','','','','','Household');
INSERT INTO "Account" VALUES(92,'012J0000002qgYGIAY','Odom Household','','','','','','','','','','','','','','','','','','Household');
INSERT INTO "Account" VALUES(93,'012J0000002qgYGIAY','Flores Household','','','','','','','','','','','','','','','','','','Household');
INSERT INTO "Account" VALUES(94,'012J0000002qgYGIAY','Wall Household','','','','','','','','','','','','','','','','','','Household');
INSERT INTO "Account" VALUES(95,'012J0000002qgYGIAY','Bray Household','','','','','','','','','','','','','','','','','','Household');
INSERT INTO "Account" VALUES(96,'012J0000002qgYGIAY','Conner Household','','','','','','','','','','','','','','','','','','Household');
INSERT INTO "Account" VALUES(97,'012J0000002qgYGIAY','Harper Household','','','','','','','','','','','','','','','','','','Household');
INSERT INTO "Account" VALUES(98,'012J0000002qgYGIAY','Aguilar Household','','','','','','','','','','','','','','','','','','Household');
INSERT INTO "Account" VALUES(99,'012J0000002qgYGIAY','Cummings Household','','','','','','','','','','','','','','','','','','Household');
INSERT INTO "Account" VALUES(100,'012J0000002qgYGIAY','Cardenas Household','','','','','','','','','','','','','','','','','','Household');
INSERT INTO "Account" VALUES(101,'012J0000002qgYGIAY','Olson Household','','','','','','','','','','','','','','','','','','Household');
INSERT INTO "Account" VALUES(102,'012J0000002qgYGIAY','Orr Household','','','','','','','','','','','','','','','','','','Household');
INSERT INTO "Account" VALUES(103,'012J0000002qgYGIAY','Salinas Household','','','','','','','','','','','','','','','','','','Household');
INSERT INTO "Account" VALUES(104,'012J0000002qgYGIAY','Bullock Household','','','','','','','','','','','','','','','','','','Household');
INSERT INTO "Account" VALUES(105,'012J0000002qgYGIAY','Solomon Household','','','','','','','','','','','','','','','','','','Household');
INSERT INTO "Account" VALUES(106,'012J0000002qgYGIAY','Higgins Household','','','','','','','','','','','','555-248-3956','','','','','','Household');
INSERT INTO "Account" VALUES(107,'012J0000002qgYGIAY','Adams Household','','','','','','','','','','','','555-648-7204','','','','','','Household');
INSERT INTO "Account" VALUES(108,'012J0000002qgYGIAY','Boyd Household','','','','','','','','','','','','555-380-8532','','','','','','Household');
INSERT INTO "Account" VALUES(109,'012J0000002qgYGIAY','Burke Household','','','','','','','','','','','','555-830-5295','','','','','','Household');
INSERT INTO "Account" VALUES(110,'012J0000002qgYGIAY','Henderson Household','','','','','','','','','','','','555-830-5295','','','','','','Household');
INSERT INTO "Account" VALUES(111,'012J0000002qgYGIAY','Hill Household','','','','','','','','','','','','555-395-9737','','','','','','Household');
INSERT INTO "Account" VALUES(112,'012J0000002qgYGIAY','Holmes Household','','','','','','','','','','','','555-930-8759','','','','','','Household');
INSERT INTO "Account" VALUES(113,'012J0000002qgYGIAY','Jenkins Household','','','','','','','','','','','','555-469-9873','','','','','','Household');
INSERT INTO "Account" VALUES(114,'012J0000002qgYGIAY','Rasmussen Household','','','','','','','','','','','','','','','','','','Household');
INSERT INTO "Account" VALUES(115,'012J0000002qgYGIAY','Campos Household','','','','','','','','','','','','','','','','','','Household');
INSERT INTO "Account" VALUES(116,'012J0000002qgYHIAY','Sample Organization','','','','','','','','','','','','','','','','','','');
INSERT INTO "Account" VALUES(117,'012J0000002qgYBIAY','127th Street Community Center','','','','','','','','','','','','555-398-2090','','','','','','');
INSERT INTO "Account" VALUES(118,'012J0000002qgYGIAY','Baker Household','','','','','','','','','','','','555-524-0749','','','','','','Household');
INSERT INTO "Account" VALUES(119,'012J0000002qgYGIAY','Brooks Household','','','','','','','','','','','','555-648-7204','','','','','','Household');
INSERT INTO "Account" VALUES(120,'012J0000002qgYGIAY','Contact Household','','','','','','','','','','','','','(818) 555-4444','','','','','Household');
INSERT INTO "Account" VALUES(121,'012J0000002qgYGIAY','Anonymous Household','','','','','','','','','','','','555-389-74399','','','','','','Household');
INSERT INTO "Account" VALUES(122,'012J0000002qgYGIAY','Anonymous Household','','','','','','','','','','','','','','','','','','Household');
INSERT INTO "Account" VALUES(123,'012J0000002qgYGIAY','Johnson Household','','','','','','','','','','','','555-248-3956','','','','','','Household');
INSERT INTO "Account" VALUES(124,'012J0000002qgYGIAY','Burgess Household','','','','','','','','','','','','','','','','','','Household');
INSERT INTO "Account" VALUES(125,'012J0000002qgYGIAY','Bass Household','','','','','','','','','','','','','','','','','','Household');
INSERT INTO "Account" VALUES(126,'012J0000002qgYGIAY','Bishop Household','','','','','','','','','','','','','','','','','','Household');
INSERT INTO "Account" VALUES(127,'012J0000002qgYGIAY','Cisneros Household','','','','','','','','','','','','','','','','','','Household');
INSERT INTO "Account" VALUES(128,'012J0000002qgYGIAY','Owen Household','','','','','','','','','','','','','','','','','','Household');
INSERT INTO "Account" VALUES(129,'012J0000002qgYGIAY','Kerr Household','','','','','','','','','','','','','','','','','','Household');
INSERT INTO "Account" VALUES(130,'012J0000002qgYGIAY','Crawford Household','','','','','','','','','','','','','','','','','','Household');
INSERT INTO "Account" VALUES(131,'012J0000002qgYGIAY','Eaton Household','','','','','','','','','','','','','','','','','','Household');
INSERT INTO "Account" VALUES(132,'012J0000002qgYGIAY','Bond Household','','','','','','','','','','','','','','','','','','Household');
INSERT INTO "Account" VALUES(133,'012J0000002qgYGIAY','Norman Household','','','','','','','','','','','','','','','','','','Household');
INSERT INTO "Account" VALUES(134,'012J0000002qgYGIAY','Snow Household','','','','','','','','','','','','','','','','','','Household');
INSERT INTO "Account" VALUES(135,'012J0000002qgYGIAY','Wood Household','','','','','','','','','','','','','','','','','','Household');
INSERT INTO "Account" VALUES(136,'012J0000002qgYGIAY','Myers Household','','','','','','','','','','','','','','','','','','Household');
INSERT INTO "Account" VALUES(137,'012J0000002qgYGIAY','Norton Household','','','','','','','','','','','','','','','','','','Household');
INSERT INTO "Account" VALUES(138,'012J0000002qgYGIAY','Stanton Household','','','','','','','','','','','','','','','','','','Household');
INSERT INTO "Account" VALUES(139,'012J0000002qgYGIAY','Woods Household','','','','','','','','','','','','','','','','','','Household');
INSERT INTO "Account" VALUES(140,'012J0000002qgYGIAY','Spence Household','','','','','','','','','','','','','','','','','','Household');
INSERT INTO "Account" VALUES(141,'012J0000002qgYGIAY','Webster Household','','','','','','','','','','','','','','','','','','Household');
INSERT INTO "Account" VALUES(142,'012J0000002qgYGIAY','Costa Household','','','','','','','','','','','','','','','','','','Household');
INSERT INTO "Account" VALUES(143,'012J0000002qgYGIAY','Humphrey Household','','','','','','','','','','','','','','','','','','Household');
INSERT INTO "Account" VALUES(144,'012J0000002qgYGIAY','Cain Household','','','','','','','','','','','','','','','','','','Household');
INSERT INTO "Account" VALUES(145,'012J0000002qgYGIAY','Dunlap Household','','','','','','','','','','','','','','','','','','Household');
INSERT INTO "Account" VALUES(146,'012J0000002qgYGIAY','Blackwell Household','','','','','','','','','','','','','','','','','','Household');
INSERT INTO "Account" VALUES(147,'012J0000002qgYGIAY','Irwin Household','','','','','','','','','','','','','','','','','','Household');
INSERT INTO "Account" VALUES(148,'012J0000002qgYGIAY','Hughes Household','','','','','','','','','','','','','','','','','','Household');
INSERT INTO "Account" VALUES(149,'012J0000002qgYGIAY','Wells Household','','','','','','','','','','','','','','','','','','Household');
INSERT INTO "Account" VALUES(150,'012J0000002qgYGIAY','Davila Household','','','','','','','','','','','','','','','','','','Household');
INSERT INTO "Account" VALUES(151,'012J0000002qgYGIAY','Lambert Household','','','','','','','','','','','','','','','','','','Household');
INSERT INTO "Account" VALUES(152,'012J0000002qgYGIAY','Barry Household','','','','','','','','','','','','','','','','','','Household');
INSERT INTO "Account" VALUES(153,'012J0000002qgYGIAY','Oneill Household','','','','','','','','','','','','','','','','','','Household');
INSERT INTO "Account" VALUES(154,'012J0000002qgYGIAY','Rivers Household','','','','','','','','','','','','','','','','','','Household');
INSERT INTO "Account" VALUES(155,'012J0000002qgYGIAY','Griffith Household','','','','','','','','','','','','','','','','','','Household');
INSERT INTO "Account" VALUES(156,'012J0000002qgYGIAY','Glenn Household','','','','','','','','','','','','','','','','','','Household');
INSERT INTO "Account" VALUES(157,'012J0000002qgYGIAY','Francis Household','','','','','','','','','','','','','','','','','','Household');
INSERT INTO "Account" VALUES(158,'012J0000002qgYGIAY','Rhodes Household','','','','','','','','','','','','','','','','','','Household');
INSERT INTO "Account" VALUES(159,'012J0000002qgYGIAY','Leach Household','','','','','','','','','','','','','','','','','','Household');
INSERT INTO "Account" VALUES(160,'012J0000002qgYGIAY','White Household','','','','','','','','','','','','','','','','','','Household');
INSERT INTO "Account" VALUES(161,'012J0000002qgYGIAY','Lang Household','','','','','','','','','','','','','','','','','','Household');
INSERT INTO "Account" VALUES(162,'012J0000002qgYGIAY','Ramirez Household','','','','','','','','','','','','','','','','','','Household');
INSERT INTO "Account" VALUES(163,'012J0000002qgYGIAY','Barnett Household','','','','','','','','','','','','','','','','','','Household');
INSERT INTO "Account" VALUES(164,'012J0000002qgYGIAY','Decker Household','','','','','','','','','','','','','','','','','','Household');
INSERT INTO "Account" VALUES(165,'012J0000002qgYGIAY','Pacheco Household','','','','','','','','','','','','','','','','','','Household');
INSERT INTO "Account" VALUES(166,'012J0000002qgYGIAY','Serrano Household','','','','','','','','','','','','','','','','','','Household');
INSERT INTO "Account" VALUES(167,'012J0000002qgYGIAY','Galloway Household','','','','','','','','','','','','','','','','','','Household');
INSERT INTO "Account" VALUES(168,'012J0000002qgYGIAY','Clark Household','','','','','','','','','','','','','','','','','','Household');
INSERT INTO "Account" VALUES(169,'012J0000002qgYGIAY','Gonzales Household','','','','','','','','','','','','','','','','','','Household');
INSERT INTO "Account" VALUES(170,'012J0000002qgYGIAY','Cobb Household','','','','','','','','','','','','','','','','','','Household');
INSERT INTO "Account" VALUES(171,'012J0000002qgYGIAY','Shah Household','','','','','','','','','','','','','','','','','','Household');
INSERT INTO "Account" VALUES(172,'012J0000002qgYGIAY','Arroyo Household','','','','','','','','','','','','','','','','','','Household');
INSERT INTO "Account" VALUES(173,'012J0000002qgYGIAY','Booker Household','','','','','','','','','','','','','','','','','','Household');
INSERT INTO "Account" VALUES(174,'012J0000002qgYGIAY','Mercer Household','','','','','','','','','','','','','','','','','','Household');
INSERT INTO "Account" VALUES(175,'','Sample Account for Entitlements','','','','','','','','','','','','','','','','','','');
CREATE TABLE "Account_rt_mapping" (
	record_type_id VARCHAR(18) NOT NULL, 
	developer_name VARCHAR(255), 
	PRIMARY KEY (record_type_id)
);
INSERT INTO "Account_rt_mapping" VALUES('012J0000002qgYBIAY','Branch');
INSERT INTO "Account_rt_mapping" VALUES('012J0000002qgY1IAI','Default');
INSERT INTO "Account_rt_mapping" VALUES('012J0000002qgYGIAY','HH_Account');
INSERT INTO "Account_rt_mapping" VALUES('012J0000002qgYHIAY','Organization');
CREATE TABLE "Contact" (
	id INTEGER NOT NULL, 
	"Salutation" VARCHAR(255), 
	"FirstName" VARCHAR(255), 
	"LastName" VARCHAR(255), 
	"Email" VARCHAR(255), 
	"Phone" VARCHAR(255), 
	"MobilePhone" VARCHAR(255), 
	"OtherPhone" VARCHAR(255), 
	"HomePhone" VARCHAR(255), 
	"Title" VARCHAR(255), 
	"Birthdate" VARCHAR(255), 
	"MailingStreet" VARCHAR(255), 
	"MailingCity" VARCHAR(255), 
	"MailingState" VARCHAR(255), 
	"MailingPostalCode" VARCHAR(255), 
	"MailingCountry" VARCHAR(255), 
	"AccountId" VARCHAR(255), 
	PRIMARY KEY (id)
);
INSERT INTO "Contact" VALUES(1,'','Yadiel','Horton','yadielhorton@example.com','','','','','','','','','','','','1');
INSERT INTO "Contact" VALUES(2,'','Tyrone','Pearson','tyronepearson@example.com','','','','','','','','','','','','10');
INSERT INTO "Contact" VALUES(3,'','Cecilia','Cardenas','ceciliacardenas@example.com','','','','','','','','','','','','100');
INSERT INTO "Contact" VALUES(4,'','Mira','Olson','miraolson@example.com','','','','','','','','','','','','101');
INSERT INTO "Contact" VALUES(5,'','Anna','Orr','annaorr@example.com','','','','','','','','','','','','102');
INSERT INTO "Contact" VALUES(6,'','Joe','Salinas','joesalinas@example.com','','','','','','','','','','','','103');
INSERT INTO "Contact" VALUES(7,'','Maleah','Bullock','maleahbullock@example.com','','','','','','','','','','','','104');
INSERT INTO "Contact" VALUES(8,'','Anika','Solomon','anikasolomon@example.com','','','','','','','','','','','','105');
INSERT INTO "Contact" VALUES(9,'','Tom','Higgins','thiggins@example.com','555-248-3956','','','555-248-3956','','2008-09-02','3850 Wolf Pen Road','Oakland','CA','94612','','106');
INSERT INTO "Contact" VALUES(10,'','Lisa','Higgins','lhiggins@example.com','555-248-3956','','','555-248-3956','','','3850 Wolf Pen Road','Oakland','CA','94612','','106');
INSERT INTO "Contact" VALUES(11,'Dr.','Jeremy','Adams','jeremyadams@example.com','555-648-7204','555-510-9375','','555-648-7204','','1971-06-06','1739 Lindale Avenue','Oakland','CA','94612','United States','107');
INSERT INTO "Contact" VALUES(12,'Rev.','Angela','Adams','angelaadams@example.com','555-648-4704','1-333-444-5555','','555-648-4704','','1971-06-06','1739 Lindale Avenue','Oakland','CA','94612','United States','107');
INSERT INTO "Contact" VALUES(13,'Mrs.','Anne','Boyd','anneboyd@example.com','555-380-8532','555-673-2987','','555-380-8532','','1971-06-03','3528 Rardin Drive','Oakland','CA','94612','United States','108');
INSERT INTO "Contact" VALUES(14,'','Norma','Burke','normaburke@example.com','555-830-5295','1-333-444-5555','','555-830-5295','','1951-05-23','3160 Green Avenue','Oakland','CA','94612','United States','109');
INSERT INTO "Contact" VALUES(15,'','Ariella','Branch','ariellabranch@example.com','','','','','','','','','','','','11');
INSERT INTO "Contact" VALUES(16,'','Bobby','Henderson','bobbyhenderson@example.com','555-834-2386','1-333-444-5555','','555-834-2386','','1971-06-06','3547 Water Street','Oakland','CA','94606','United States','110');
INSERT INTO "Contact" VALUES(17,'','Anthony','Hill','anthonyhill@example.com','555-395-9737','1-333-444-5555','','555-395-9737','','1971-06-04','3611 Harrison Street','Oakland','CA','94612','United States','111');
INSERT INTO "Contact" VALUES(18,'Ms.','Virginia','Holmes','virginiaholmes@example.com','555-930-8759','1-333-444-5555','','555-930-8759','','1971-05-28','4318 Lynch Street','Oakland','CA','94607','United States','112');
INSERT INTO "Contact" VALUES(19,'','Jose','Jenkins','josejenkins@example.com','555-469-9873','1-333-444-5555','','555-469-9873','','1971-06-14','2203 Alexander Avenue','Oakland','CA','94612','United States','113');
INSERT INTO "Contact" VALUES(20,'','Chance','Rasmussen','chancerasmussen@example.com','','','','','','','','','','','','114');
INSERT INTO "Contact" VALUES(21,'','Khloe','Campos','khloecampos@example.com','','','','','','','','','','','','115');
INSERT INTO "Contact" VALUES(22,'','Arthur','Baker','','','','','','','','3810 Green Avenue','Oakland','CA','94612','United States','118');
INSERT INTO "Contact" VALUES(23,'','Arlene','Baker','alanbaker@example.com','555-524-0749','1-333-444-5555','','555-524-0749','','1971-05-26','3810 Green Avenue','Oakland','CA','94612','United States','118');
INSERT INTO "Contact" VALUES(24,'','Jaydon','Bates','jaydonbates@example.com','','','','','','','','','','','','12');
INSERT INTO "Contact" VALUES(25,'','Sample','Contact','sample.contact@email.com','(202) 555-9654','(206) 555-7878','(215) 555-4567','(914) 555-1212','CEO','1987-04-24','One Market Street','San Francisco','CA','94105','USA','120');
INSERT INTO "Contact" VALUES(26,'','Craig','Johnson','craigjohnso@example.com','555-349-3507','','','555-349-3507','','','3041 Park Street','Oakland','CA','94606','United States','123');
INSERT INTO "Contact" VALUES(27,'','Maya','Johnson','','555-349-3507','','','555-349-3507','','','3041 Park Street','Oakland','CA','94606','United States','123');
INSERT INTO "Contact" VALUES(28,'','Barbara','Johnson','barbarajohnson@example.com','555-349-3507','1-333-444-5555','','555-349-3507','','1971-06-11','3041 Park Street','Oakland','CA','94606','','123');
INSERT INTO "Contact" VALUES(29,'','Jose','Burgess','joseburgess@example.com','','','','','','','','','','','','124');
INSERT INTO "Contact" VALUES(30,'','Brenda','Bass','brendabass@example.com','','','','','','','','','','','','125');
INSERT INTO "Contact" VALUES(31,'','Nikhil','Bishop','nikhilbishop@example.com','','','','','','','','','','','','126');
INSERT INTO "Contact" VALUES(32,'','Juliette','Cisneros','juliettecisneros@example.com','','','','','','','','','','','','127');
INSERT INTO "Contact" VALUES(33,'','Alana','Owen','alanaowen@example.com','','','','','','','','','','','','128');
INSERT INTO "Contact" VALUES(34,'','Cruz','Kerr','cruzkerr@example.com','','','','','','','','','','','','129');
INSERT INTO "Contact" VALUES(35,'','Javon','Rodgers','javonrodgers@example.com','','','','','','','','','','','','13');
INSERT INTO "Contact" VALUES(36,'','Naima','Crawford','naimacrawford@example.com','','','','','','','','','','','','130');
INSERT INTO "Contact" VALUES(37,'','Beau','Eaton','beaueaton@example.com','','','','','','','','','','','','131');
INSERT INTO "Contact" VALUES(38,'','Amelie','Bond','ameliebond@example.com','','','','','','','','','','','','132');
INSERT INTO "Contact" VALUES(39,'','Adrianna','Norman','adriannanorman@example.com','','','','','','','','','','','','133');
INSERT INTO "Contact" VALUES(40,'','Donna','Snow','donnasnow@example.com','','','','','','','','','','','','134');
INSERT INTO "Contact" VALUES(41,'','Gary','Wood','garywood@example.com','','','','','','','','','','','','135');
INSERT INTO "Contact" VALUES(42,'','Julie','Myers','juliemyers@example.com','','','','','','','','','','','','136');
INSERT INTO "Contact" VALUES(43,'','Reagan','Norton','reagannorton@example.com','','','','','','','','','','','','137');
INSERT INTO "Contact" VALUES(44,'','Jayda','Stanton','jaydastanton@example.com','','','','','','','','','','','','138');
INSERT INTO "Contact" VALUES(45,'','Nyla','Woods','nylawoods@example.com','','','','','','','','','','','','139');
INSERT INTO "Contact" VALUES(46,'','Heidi','Woods','heidiwoods@example.com','','','','','','','','','','','','139');
INSERT INTO "Contact" VALUES(47,'','Jessica','Woods','jessicawoods@example.com','','','','','','','','','','','','139');
INSERT INTO "Contact" VALUES(48,'','Josie','Mcclure','josiemcclure@example.com','','','','','','','','','','','','14');
INSERT INTO "Contact" VALUES(49,'','Leia','Spence','leiaspence@example.com','','','','','','','','','','','','140');
INSERT INTO "Contact" VALUES(50,'','Christina','Webster','christinawebster@example.com','','','','','','','','','','','','141');
INSERT INTO "Contact" VALUES(51,'','Emilie','Costa','emiliecosta@example.com','','','','','','','','','','','','142');
INSERT INTO "Contact" VALUES(52,'','Ayana','Humphrey','ayanahumphrey@example.com','','','','','','','','','','','','143');
INSERT INTO "Contact" VALUES(53,'','Lucia','Cain','luciacain@example.com','','','','','','','','','','','','144');
INSERT INTO "Contact" VALUES(54,'','Amaya','Dunlap','amayadunlap@example.com','','','','','','','','','','','','145');
INSERT INTO "Contact" VALUES(55,'','Derrick','Blackwell','derrickblackwell@example.com','','','','','','','','','','','','146');
INSERT INTO "Contact" VALUES(56,'','Alice','Irwin','aliceirwin@example.com','','','','','','','','','','','','147');
INSERT INTO "Contact" VALUES(57,'','Fabian','Hughes','fabianhughes@example.com','','','','','','','','','','','','148');
INSERT INTO "Contact" VALUES(58,'','Raelynn','Wells','raelynnwells@example.com','','','','','','','','','','','','149');
INSERT INTO "Contact" VALUES(59,'','Marcus','Huynh','marcushuynh@example.com','','','','','','','','','','','','15');
INSERT INTO "Contact" VALUES(60,'','Simon','Davila','simondavila@example.com','','','','','','','','','','','','150');
INSERT INTO "Contact" VALUES(61,'','Maya','Lambert','mayalambert@example.com','','','','','','','','','','','','151');
INSERT INTO "Contact" VALUES(62,'','Finley','Barry','finleybarry@example.com','','','','','','','','','','','','152');
INSERT INTO "Contact" VALUES(63,'','Ben','Oneill','benoneill@example.com','','','','','','','','','','','','153');
INSERT INTO "Contact" VALUES(64,'','Nico','Rivers','nicorivers@example.com','','','','','','','','','','','','154');
INSERT INTO "Contact" VALUES(65,'','Tiara','Griffith','tiaragriffith@example.com','','','','','','','','','','','','155');
INSERT INTO "Contact" VALUES(66,'','Declan','Glenn','declanglenn@example.com','','','','','','','','','','','','156');
INSERT INTO "Contact" VALUES(67,'','Madalyn','Francis','madalynfrancis@example.com','','','','','','','','','','','','157');
INSERT INTO "Contact" VALUES(68,'','Mathew','Rhodes','mathewrhodes@example.com','','','','','','','','','','','','158');
INSERT INTO "Contact" VALUES(69,'','Olive','Leach','oliveleach@example.com','','','','','','2014-08-23','','','','','','159');
INSERT INTO "Contact" VALUES(70,'','Ayanna','Gonzalez','ayannagonzalez@example.com','','','','','','','','','','','','16');
INSERT INTO "Contact" VALUES(71,'','Eli','White','eliwhite@example.com','','','','','','','','','','','','160');
INSERT INTO "Contact" VALUES(72,'','Tatiana','Lang','tatianalang@example.com','','','','','','','','','','','','161');
INSERT INTO "Contact" VALUES(73,'','Gia','Ramirez','giaramirez@example.com','','','','','','','','','','','','162');
INSERT INTO "Contact" VALUES(74,'','Jamarcus','Barnett','jamarcusbarnett@example.com','','','','','','','','','','','','163');
INSERT INTO "Contact" VALUES(75,'','Mira','Decker','miradecker@example.com','','','','','','','','','','','','164');
INSERT INTO "Contact" VALUES(76,'','Oswaldo','Pacheco','oswaldopacheco@example.com','','','','','','','','','','','','165');
INSERT INTO "Contact" VALUES(77,'','Alejandro','Serrano','alejandroserrano@example.com','','','','','','','','','','','','166');
INSERT INTO "Contact" VALUES(78,'','Mya','Galloway','myagalloway@example.com','','','','','','','','','','','','167');
INSERT INTO "Contact" VALUES(79,'','Adam','Clark','adamclark@example.com','','','','','','','','','','','','168');
INSERT INTO "Contact" VALUES(80,'','Marisol','Gonzales','marisolgonzales@example.com','','','','','','','','','','','','169');
INSERT INTO "Contact" VALUES(81,'','Taniya','Singleton','taniyasingleton@example.com','','','','','','','','','','','','17');
INSERT INTO "Contact" VALUES(82,'','Mya','Cobb','myacobb@example.com','','','','','','','','','','','','170');
INSERT INTO "Contact" VALUES(83,'','Jay','Shah','jayshah@example.com','','','','','','','','','','','','171');
INSERT INTO "Contact" VALUES(84,'','Nancy','Arroyo','nancyarroyo@example.com','','','','','','','','','','','','172');
INSERT INTO "Contact" VALUES(85,'','Aubrie','Booker','aubriebooker@example.com','','','','','','','','','','','','173');
INSERT INTO "Contact" VALUES(86,'','Emelia','Mercer','emeliamercer@example.com','','','','','','','','','','','','174');
INSERT INTO "Contact" VALUES(87,'','Laura','Woodard','laurawoodard@example.com','','','','','','','','','','','','18');
INSERT INTO "Contact" VALUES(88,'','Shane','Gibson','shanegibson@example.com','','','','','','','','','','','','19');
INSERT INTO "Contact" VALUES(89,'','Taniyah','Rios','taniyahrios@example.com','','','','','','','','','','','','2');
INSERT INTO "Contact" VALUES(90,'','Alia','Duarte','aliaduarte@example.com','','','','','','','','','','','','20');
INSERT INTO "Contact" VALUES(91,'','Neil','Huerta','neilhuerta@example.com','','','','','','','','','','','','21');
INSERT INTO "Contact" VALUES(92,'','Makhi','Villegas','makhivillegas@example.com','','','','','','','','','','','','22');
INSERT INTO "Contact" VALUES(93,'','Elva','Velasquez','','317-855-2157','','','317-855-2157','','','502 8th Street','Oakland','CA','','','23');
INSERT INTO "Contact" VALUES(94,'','Rafael','Velasquez','rafaelvelasquez@example.com','','510-720-0537','','','','2021-06-07','502 8th Street','Oakland','CA','','','23');
INSERT INTO "Contact" VALUES(95,'','Ryan','Hardin','ryanhardin@example.com','','','','','','','','','','','','24');
INSERT INTO "Contact" VALUES(96,'','Dayana','Atkins','dayanaatkins@example.com','','','','','','','','','','','','25');
INSERT INTO "Contact" VALUES(97,'','Ray','Fischer','rayfischer@example.com','','','','','','','','','','','','27');
INSERT INTO "Contact" VALUES(98,'','Casey','Kline','caseykline@example.com','','','','','','','','','','','','28');
INSERT INTO "Contact" VALUES(99,'','Dominik','Wilkinson','dominikwilkinson@example.com','','','','','','','','','','','','29');
INSERT INTO "Contact" VALUES(100,'','Peyton','Craig','peytoncraig@example.com','','','','','','','','','','','','3');
INSERT INTO "Contact" VALUES(101,'','Mary','Byrd','marybyrd@example.com','510-575-2217','','','510-575-2217','','','3084 Sanford Way','Oakland','CA','','','30');
INSERT INTO "Contact" VALUES(102,'','Rickey','Bishop','rbishop@example.com','','510-343-6004','','','','1976-04-13','','','','','','31');
INSERT INTO "Contact" VALUES(103,'','Jeanette','Reese','jean.reese@example.com','415-573-5358','','','415-573-5358','','','2011 Otis Ave,','Oakland','CA','','','32');
INSERT INTO "Contact" VALUES(104,'','Jonathon','Reese','','415-573-5358','','','415-573-5358','','2012-04-13','2011 Otis Ave,','Oakland','CA','','','32');
INSERT INTO "Contact" VALUES(105,'','Khloe','Stanley','khloestanley@example.com','','','','','','','','','','','','33');
INSERT INTO "Contact" VALUES(106,'','Lynn','Byrd','','510-575-2217','','','510-575-2217','','2012-08-23','3084 Sanford Way','Oakland','CA','','','34');
INSERT INTO "Contact" VALUES(107,'','Ismael','Mathis','ismaelmathis@example.com','510-924-1708','','','510-924-1708','','1980-06-11','609 9th St.','Oakland','CA','','','35');
INSERT INTO "Contact" VALUES(108,'','Patrice','Wilmont','','','510-816-1924','','','','','1639 Smith Avenue','Oakland','CA','','','36');
INSERT INTO "Contact" VALUES(109,'','Grace','Poole','gracepoole@example.com','','510-409-8529','','','','2021-08-10','3502 Howard St','San Francisco','CA','','','37');
INSERT INTO "Contact" VALUES(110,'','Aron','Joyce','aronjoyce@example.com','','','','','','','','','','','','38');
INSERT INTO "Contact" VALUES(111,'','Caylee','Pollard','cayleepollard@example.com','','','','','','','','','','','','38');
INSERT INTO "Contact" VALUES(112,'','Benjamin','Robinson','benrobinson@example.com','','510-907-1073','','','','1982-01-10','129th Street','Oakland','CA','','','39');
INSERT INTO "Contact" VALUES(113,'','Francesca','Oliver','francescaoliver@example.com','','','','','','','','','','','','4');
INSERT INTO "Contact" VALUES(114,'','Diego','Case','diegocase@example.com','','','','','','','','','','','','41');
INSERT INTO "Contact" VALUES(115,'','Ruth','Wu','ruthwu@example.com','','','','','','','','','','','','42');
INSERT INTO "Contact" VALUES(116,'','Isaac','Grant','isaacgrant@example.com','','','','','','','','','','','','43');
INSERT INTO "Contact" VALUES(117,'','Audrina','Rojas','audrinarojas@example.com','510-267-7332','','','510-267-7332','','2021-09-14','','','','','','44');
INSERT INTO "Contact" VALUES(118,'','Koen','Chase','koenchase@example.com','','','','','','','','','','','','45');
INSERT INTO "Contact" VALUES(119,'','Hailie','Holder','hailieholder@example.com','','','','','','','','','','','','46');
INSERT INTO "Contact" VALUES(120,'','Guillermo','Quinn','guillermoquinn@example.com','','','','','','','','','','','','48');
INSERT INTO "Contact" VALUES(121,'','Albert','Montgomery','albertmontgomery@example.com','','','','','','','','','','','','5');
INSERT INTO "Contact" VALUES(122,'','Simone','Keller','simonekeller@example.com','','','','','','','','','','','','50');
INSERT INTO "Contact" VALUES(123,'','Violet','Ellis','violetellis@example.com','','','','','','','','','','','','51');
INSERT INTO "Contact" VALUES(124,'','Silas','Neal','silasneal@example.com','','','','','','','','','','','','52');
INSERT INTO "Contact" VALUES(125,'','Samir','Neal','samirneal@example.com','','','','','','','','','','','','52');
INSERT INTO "Contact" VALUES(126,'','Mira','Mcconnell','miramcconnell@example.com','','','','','','','','','','','','53');
INSERT INTO "Contact" VALUES(127,'','Aniya','Arellano','aniyaarellano@example.com','','','','','','','','','','','','54');
INSERT INTO "Contact" VALUES(128,'','Jakayla','Glover','jakaylaglover@example.com','','','','','','','','','','','','55');
INSERT INTO "Contact" VALUES(129,'','Angelo','Lutz','angelolutz@example.com','','','','','','','','','','','','56');
INSERT INTO "Contact" VALUES(130,'','Audrina','Graves','audrinagraves@example.com','','','','','','','','','','','','57');
INSERT INTO "Contact" VALUES(131,'','Chelsea','Graves','chelseagraves@example.com','','','','','','','','','','','','57');
INSERT INTO "Contact" VALUES(132,'','Turner','Carson','turnercarson@example.com','','','','','','','','','','','','58');
INSERT INTO "Contact" VALUES(133,'','Emelia','Fletcher','emeliafletcher@example.com','','','','','','','','','','','','59');
INSERT INTO "Contact" VALUES(134,'','Meredith','Cooke','meredithcooke@example.com','','','','','','','','','','','','6');
INSERT INTO "Contact" VALUES(135,'','Robin','Brooks','robinbrooks@example.com','555-347-3702','1-333-444-5555','','555-347-3702','','1986-05-31','2546 Harrison Street','Oakland','CA','94612','','60');
INSERT INTO "Contact" VALUES(136,'','Darryl','Graham','darrylgraham@example.com','555-347-3702','','','555-347-3702','','','2546 Harrison Street','Oakland','CA','94612','','60');
INSERT INTO "Contact" VALUES(137,'','Lynn','Barnes','lynnbarnes@example.com','555-893-4763','','','555-893-4763','','','2340 Thompson Drive','Oakland','CA','94621','','61');
INSERT INTO "Contact" VALUES(138,'','David','Barnes','davidbarnes@example.com','555-893-4763','','','555-893-4763','','','2340 Thompson Drive','Oakland','CA','94621','','61');
INSERT INTO "Contact" VALUES(139,'','Jason','Barnes','jasonbarnes@example.com','555-893-4763','1-333-444-5555','','555-893-4763','','2004-03-30','2340 Thompson Drive','Oakland','CA','94621','','61');
INSERT INTO "Contact" VALUES(140,'','Mackenzie','Hernandez','mackenziehernandez@example.com','','','','','','','','','','','','62');
INSERT INTO "Contact" VALUES(141,'','Laura','Hernandez','laurahernandez@example.com','','','','','','','','','','','','62');
INSERT INTO "Contact" VALUES(142,'','Leon','Clayton','leonclayton@example.com','','','','','','','','','','','','63');
INSERT INTO "Contact" VALUES(143,'','Marc','Richard','marcrichard@example.com','','','','','','','','','','','','64');
INSERT INTO "Contact" VALUES(144,'','Jordan','Waller','jordanwaller@example.com','','','','','','','','','','','','65');
INSERT INTO "Contact" VALUES(145,'','Frankie','Waller','frankiewaller@example.com','','','','','','','','','','','','65');
INSERT INTO "Contact" VALUES(146,'','Jace','Hampton','jacehampton@example.com','','','','','','','','','','','','66');
INSERT INTO "Contact" VALUES(147,'','Sonia','Gentry','soniagentry@example.com','','','','','','','','','','','','67');
INSERT INTO "Contact" VALUES(148,'','Alison','Barr','alisonbarr@example.com','','','','','','','','','','','','68');
INSERT INTO "Contact" VALUES(149,'','Vu','Pham','vupham@example.com','','','','','','','','','','','','69');
INSERT INTO "Contact" VALUES(150,'','Mckayla','Morrison','mckaylamorrison@example.com','','','','','','','','','','','','7');
INSERT INTO "Contact" VALUES(151,'','Kellen','Cooley','kellencooley@example.com','','','','','','','','','','','','70');
INSERT INTO "Contact" VALUES(152,'','Maia','Cooley','maiacooley@example.com','','','','','','','','','','','','70');
INSERT INTO "Contact" VALUES(153,'','Jay','Zimmerman','jayzimmerman@example.com','','','','','','','','','','','','71');
INSERT INTO "Contact" VALUES(154,'','Melanie','Wheeler','melaniewheeler@example.com','','','','','','','','','','','','72');
INSERT INTO "Contact" VALUES(155,'','Fernando','Beltran','fernandobeltran@example.com','','','','','','','','','','','','73');
INSERT INTO "Contact" VALUES(156,'','Yuliana','Bird','yulianabird@example.com','','','','','','','','','','','','74');
INSERT INTO "Contact" VALUES(157,'','Alyson','Duffy','alysonduffy@example.com','','','','','','','','','','','','75');
INSERT INTO "Contact" VALUES(158,'','James','Richards','jamesrichards@example.com','','','','','','','','','','','','76');
INSERT INTO "Contact" VALUES(159,'','Aaron','Valdez','aaronvaldez@example.com','','','','','','','','','','','','77');
INSERT INTO "Contact" VALUES(160,'','John','Mills','johnmills@example.com','','','','','','','','','','','','78');
INSERT INTO "Contact" VALUES(161,'','Shannon','Greene','shannongreene@example.com','','','','','','','','','','','','79');
INSERT INTO "Contact" VALUES(162,'','Dalia','Osborn','daliaosborn@example.com','','','','','','','','','','','','8');
INSERT INTO "Contact" VALUES(163,'','Marco','Escobar','marcoescobar@example.com','','','','','','','','','','','','80');
INSERT INTO "Contact" VALUES(164,'','Lorelai','Gross','lorelaigross@example.com','','','','','','','','','','','','81');
INSERT INTO "Contact" VALUES(165,'','Elsa','Guerrero','elsaguerrero@example.com','','','','','','','','','','','','82');
INSERT INTO "Contact" VALUES(166,'','Yesenia','Ritter','yeseniaritter@example.com','','','','','','','','','','','','83');
INSERT INTO "Contact" VALUES(167,'','Abraham','Sims','abrahamsims@example.com','','','','','','','','','','','','84');
INSERT INTO "Contact" VALUES(168,'','Kyle','Huffman','kylehuffman@example.com','','','','','','','','','','','','85');
INSERT INTO "Contact" VALUES(169,'','Cora','Hall','corahall@example.com','','','','','','','','','','','','86');
INSERT INTO "Contact" VALUES(170,'','Isaac','Barker','isaacbarker@example.com','','','','','','','','','','','','87');
INSERT INTO "Contact" VALUES(171,'','Kailey','Glass','kaileyglass@example.com','','','','','','','','','','','','88');
INSERT INTO "Contact" VALUES(172,'','Delilah','Ibarra','delilahibarra@example.com','','','','','','','','','','','','89');
INSERT INTO "Contact" VALUES(173,'','Hayley','Bright','hayleybright@example.com','','','','','','','','','','','','9');
INSERT INTO "Contact" VALUES(174,'','Zackery','Morgan','zackerymorgan@example.com','','','','','','','','','','','','90');
INSERT INTO "Contact" VALUES(175,'','Jaylin','Morgan','jaylinmorgan@example.com','','','','','','','','','','','','90');
INSERT INTO "Contact" VALUES(176,'','Duncan','Bowers','duncanbowers@example.com','','','','','','','','','','','','91');
INSERT INTO "Contact" VALUES(177,'','Lauryn','Odom','laurynodom@example.com','','','','','','','','','','','','92');
INSERT INTO "Contact" VALUES(178,'','Yusef','Flores','yusefflores@example.com','','','','','','','','','','','','93');
INSERT INTO "Contact" VALUES(179,'','Semaj','Wall','semajwall@example.com','','','','','','','','','','','','94');
INSERT INTO "Contact" VALUES(180,'','Eliezer','Bray','eliezerbray@example.com','','','','','','','','','','','','95');
INSERT INTO "Contact" VALUES(181,'','Jaden','Conner','jadenconner@example.com','','','','','','','','','','','','96');
INSERT INTO "Contact" VALUES(182,'','Steven','Harper','stevenharper@example.com','','','','','','','','','','','','97');
INSERT INTO "Contact" VALUES(183,'','Karissa','Aguilar','karissaaguilar@example.com','','','','','','','','','','','','98');
INSERT INTO "Contact" VALUES(184,'','Tiara','Cummings','tiaracummings@example.com','','','','','','','','','','','','99');
CREATE TABLE "ProgramCohort__c" (
	id INTEGER NOT NULL, 
	"Name" VARCHAR(255), 
	"Description__c" VARCHAR(255), 
	"EndDate__c" VARCHAR(255), 
	"StartDate__c" VARCHAR(255), 
	"Status__c" VARCHAR(255), 
	"Program__c" VARCHAR(255), 
	PRIMARY KEY (id)
);
INSERT INTO "ProgramCohort__c" VALUES(1,'Job Readiness 2019-2021','This program is designed to assist adults who have experienced a prolonged absence from the workforce for a variety of reasons such as caring for a family member, protracted joblessness following a layoff or return from a short period of incarceration for a minor crime. It''s also intended to provide support for adults in the workforce who are looking to stabilize their housing or working situation.','2022-03-15','2020-03-14','Active','1');
INSERT INTO "ProgramCohort__c" VALUES(2,'Eastgate','Eastgate neighborhood service area','','2020-09-02','Active','1');
INSERT INTO "ProgramCohort__c" VALUES(3,'Fall 2019 STEM','','2020-11-21','2020-08-08','Active','3');
INSERT INTO "ProgramCohort__c" VALUES(4,'Genellen','Genellen neighborhood service area','','2020-08-08','Active','3');
INSERT INTO "ProgramCohort__c" VALUES(5,'Riverside','Riverside neighborhood service area','','2020-01-03','Active','5');
INSERT INTO "ProgramCohort__c" VALUES(6,'Highpoint','Highpoint neighborhood service area','','2020-01-03','Active','5');
CREATE TABLE "ProgramEngagement__c" (
	id INTEGER NOT NULL, 
	"Name" VARCHAR(255), 
	"ApplicationDate__c" VARCHAR(255), 
	"AutoName_Override__c" VARCHAR(255), 
	"EndDate__c" VARCHAR(255), 
	"Role__c" VARCHAR(255), 
	"Stage__c" VARCHAR(255), 
	"StartDate__c" VARCHAR(255), 
	"Account__c" VARCHAR(255), 
	"Contact__c" VARCHAR(255), 
	"Program__c" VARCHAR(255), 
	"ProgramCohort__c" VARCHAR(255), 
	PRIMARY KEY (id)
);
INSERT INTO "ProgramEngagement__c" VALUES(1,'Alison Barr 2020-01-07: Drug and Alcohol Recovery Management','','False','','Client','Enrolled','2020-01-06','','148','5','');
INSERT INTO "ProgramEngagement__c" VALUES(2,'Ariella Branch 2021-01-06: ESL Program','','False','','Client','Enrolled','2021-01-05','','15','9','');
INSERT INTO "ProgramEngagement__c" VALUES(3,'Kellen Cooley 2020-11-04: After School Program, Ages 11-13','','False','','Client','Active','2020-11-03','','151','2','');
INSERT INTO "ProgramEngagement__c" VALUES(4,'Jay Zimmerman 2020-10-14: No More Food Deserts Advocacy','','False','','Volunteer','Active','2020-10-13','','153','4','');
INSERT INTO "ProgramEngagement__c" VALUES(5,'Fernando Beltran 2020-11-04: ESL Program','','False','','Client','Enrolled','2020-11-03','','155','9','');
INSERT INTO "ProgramEngagement__c" VALUES(6,'Yuliana Bird 2020-08-09: Mobile Middle School STEM Program','','False','2020-11-21','Client','Active','2020-08-08','','156','3','4');
INSERT INTO "ProgramEngagement__c" VALUES(7,'James Richards 2020-12-08: Housing Assistance Program','','False','','Client','Enrolled','2020-12-07','','158','8','');
INSERT INTO "ProgramEngagement__c" VALUES(8,'Aaron Valdez 2020-09-04: No More Food Deserts Advocacy','','False','','Volunteer','Active','2020-09-03','','159','4','');
INSERT INTO "ProgramEngagement__c" VALUES(9,'John Mills 2020-08-02: No More Food Deserts Advocacy','','False','','Volunteer','Active','2020-08-01','','160','4','');
INSERT INTO "ProgramEngagement__c" VALUES(10,'Shannon Greene 2020-12-10: No More Food Deserts Advocacy','','False','','Volunteer','Enrolled','2020-12-09','','161','4','');
INSERT INTO "ProgramEngagement__c" VALUES(11,'Dalia Osborn 2020-12-08: Housing Assistance Program','','False','','Client','Enrolled','2020-12-07','','162','8','');
INSERT INTO "ProgramEngagement__c" VALUES(12,'Marco Escobar 2020-08-09: Remedial Reading Program','','False','','Client','Active','2020-08-08','','163','10','');
INSERT INTO "ProgramEngagement__c" VALUES(13,'Marco Escobar 2020-08-09: After School Program, Ages 11-13','','False','','Client','Active','2020-08-08','','163','2','');
INSERT INTO "ProgramEngagement__c" VALUES(14,'Abraham Sims 2020-08-09: Mobile Middle School STEM Program','','False','','Client','Active','2020-08-08','','167','3','4');
INSERT INTO "ProgramEngagement__c" VALUES(15,'Abraham Sims 2020-12-08: School Lunch Program','','False','','Client','Enrolled','2020-12-07','','167','6','');
INSERT INTO "ProgramEngagement__c" VALUES(16,'Anthony Hill 2020-11-21: Job Readiness Program','','False','','Client','Enrolled','2020-11-20','','17','1','1');
INSERT INTO "ProgramEngagement__c" VALUES(17,'Isaac Barker 2020-08-09: Financial Literacy Program','','False','','Client','Active','2020-08-08','','170','7','');
INSERT INTO "ProgramEngagement__c" VALUES(18,'Zackery Morgan 2020-12-09: No More Food Deserts Advocacy','','False','','Volunteer','Enrolled','2020-12-08','','174','4','');
INSERT INTO "ProgramEngagement__c" VALUES(19,'Zackery Morgan 2020-09-20: Drug and Alcohol Recovery Management','','False','','Client','Active','2020-09-19','','174','5','');
INSERT INTO "ProgramEngagement__c" VALUES(20,'Jaylin Morgan 2020-08-24: Housing Assistance Program','','False','','Client','Active','2020-08-23','','175','8','');
INSERT INTO "ProgramEngagement__c" VALUES(21,'Yusef Flores 2020-08-09: Financial Literacy Program','','False','','Client','Active','2020-08-08','','178','7','');
INSERT INTO "ProgramEngagement__c" VALUES(22,'Yusef Flores 2020-12-08: ESL Program','','False','','Client','Enrolled','2020-12-07','','178','9','');
INSERT INTO "ProgramEngagement__c" VALUES(23,'Semaj Wall 2020-08-09: Financial Literacy Program','','False','','Client','Active','2020-08-08','','179','7','');
INSERT INTO "ProgramEngagement__c" VALUES(24,'Semaj Wall 2020-09-03: ESL Program','','False','','Client','Active','2020-09-02','','179','9','');
INSERT INTO "ProgramEngagement__c" VALUES(25,'Eliezer Bray 2021-01-11: No More Food Deserts Advocacy','','False','','Volunteer','Enrolled','2021-01-10','','180','4','');
INSERT INTO "ProgramEngagement__c" VALUES(26,'Steven Harper 2020-09-12: Financial Literacy Program','2020-08-09','False','','Client','Enrolled','2020-09-11','','182','7','');
INSERT INTO "ProgramEngagement__c" VALUES(27,'Arlene Baker 2021-06-07: Financial Literacy Program','','False','','Client','Enrolled','2021-06-06','','23','7','');
INSERT INTO "ProgramEngagement__c" VALUES(28,'Arlene Baker 2020-08-04: Job Readiness Program','2020-05-18','False','','Client','Active','2020-08-03','','23','1','1');
INSERT INTO "ProgramEngagement__c" VALUES(29,'Barbara Johnson 2020-08-09: ESL Program','2020-06-02','False','','Client','Active','2020-08-08','','28','9','');
INSERT INTO "ProgramEngagement__c" VALUES(30,'Alana Owen 2020-08-09: Mobile Middle School STEM Program','','False','','Client','Active','2020-08-08','','33','3','4');
INSERT INTO "ProgramEngagement__c" VALUES(31,'Alana Owen 2020-11-21: School Lunch Program','2020-08-08','False','','Client','Active','2020-11-20','','33','6','');
INSERT INTO "ProgramEngagement__c" VALUES(32,'Javon Rodgers 2020-09-03: After School Program, Ages 11-13','','False','','Client','Active','2020-09-02','','35','2','');
INSERT INTO "ProgramEngagement__c" VALUES(33,'Naima Crawford 2020-08-09: Mobile Middle School STEM Program','','False','2020-11-21','Client','Active','2020-08-08','','36','3','4');
INSERT INTO "ProgramEngagement__c" VALUES(34,'Naima Crawford 2021-01-06: School Lunch Program','','False','','Client','Enrolled','2021-01-05','','36','6','');
INSERT INTO "ProgramEngagement__c" VALUES(35,'Adrianna Norman 2020-12-08: Job Readiness Program','','False','','Client','Enrolled','2020-12-07','','39','1','');
INSERT INTO "ProgramEngagement__c" VALUES(36,'Gary Wood 2020-09-04: Job Readiness Program','','False','','Client','Active','2020-09-03','','41','1','');
INSERT INTO "ProgramEngagement__c" VALUES(37,'Jessica Woods 2020-08-09: Mobile Middle School STEM Program','','False','2020-11-21','Client','Active','2020-08-08','','47','3','4');
INSERT INTO "ProgramEngagement__c" VALUES(38,'Josie Mcclure 2020-08-09: Financial Literacy Program','','False','','Client','Enrolled','2020-08-08','','48','7','');
INSERT INTO "ProgramEngagement__c" VALUES(39,'Christina Webster 2021-01-06: Remedial Reading Program','','False','','Client','Enrolled','2021-01-05','','50','10','');
INSERT INTO "ProgramEngagement__c" VALUES(40,'Maya Johnson 2020-11-04: After School Program, Ages 11-13','','False','','Client','Enrolled','2020-11-03','','27','2','');
INSERT INTO "ProgramEngagement__c" VALUES(41,'Emilie Costa 2020-12-08: Remedial Reading Program','','False','','Client','Enrolled','2020-12-07','','51','10','');
INSERT INTO "ProgramEngagement__c" VALUES(42,'Emilie Costa 2021-01-11: After School Program, Ages 11-13','','False','','Client','Enrolled','2021-01-10','','51','2','');
INSERT INTO "ProgramEngagement__c" VALUES(43,'Lucia Cain 2020-10-08: Financial Literacy Program','','False','','Client','Enrolled','2020-10-07','','53','7','');
INSERT INTO "ProgramEngagement__c" VALUES(44,'Alice Irwin 2020-11-04: Financial Literacy Program','','False','','Client','Enrolled','2020-11-03','','56','7','');
INSERT INTO "ProgramEngagement__c" VALUES(45,'Fabian Hughes 2020-11-21: Remedial Reading Program','2020-11-03','False','','Client','Enrolled','2020-11-20','','57','10','');
INSERT INTO "ProgramEngagement__c" VALUES(46,'Fabian Hughes 2020-08-09: After School Program, Ages 11-13','','False','','Client','Active','2020-08-08','','57','2','');
INSERT INTO "ProgramEngagement__c" VALUES(47,'Fabian Hughes 2020-08-09: School Lunch Program','','False','','Client','Active','2020-08-08','','57','6','');
INSERT INTO "ProgramEngagement__c" VALUES(48,'Marcus Huynh 2020-12-10: No More Food Deserts Advocacy','','False','','Volunteer','Enrolled','2020-12-09','','59','4','');
INSERT INTO "ProgramEngagement__c" VALUES(49,'Joe Salinas 2021-01-09: Job Readiness Program','','False','','Client','Enrolled','2021-01-08','','6','1','');
INSERT INTO "ProgramEngagement__c" VALUES(50,'Nico Rivers 2020-08-19: Housing Assistance Program','','False','','Client','Active','2020-08-18','','64','8','');
INSERT INTO "ProgramEngagement__c" VALUES(51,'Olive Leach 2021-06-03: Remedial Reading Program','2021-06-29','False','','Client','Waitlisted','','','69','10','');
INSERT INTO "ProgramEngagement__c" VALUES(52,'Ayanna Gonzalez 2020-08-09: Mobile Middle School STEM Program','','False','2020-11-21','Client','Active','2020-08-08','','70','3','4');
INSERT INTO "ProgramEngagement__c" VALUES(53,'Tatiana Lang 2020-12-08: Mobile Middle School STEM Program','','False','','Client','Enrolled','2020-12-07','','72','3','');
INSERT INTO "ProgramEngagement__c" VALUES(54,'Taniya Singleton 2020-11-04: No More Food Deserts Advocacy','','False','','Volunteer','Enrolled','2020-11-03','','81','4','');
INSERT INTO "ProgramEngagement__c" VALUES(55,'Jay Shah 2020-11-04: Mobile Middle School STEM Program','','False','','Client','Enrolled','2020-11-03','','83','3','');
INSERT INTO "ProgramEngagement__c" VALUES(56,'Aubrie Booker 2020-12-08: Mobile Middle School STEM Program','','False','','Client','Enrolled','2020-12-07','','85','3','');
INSERT INTO "ProgramEngagement__c" VALUES(57,'Emelia Mercer 2020-09-04: Housing Assistance Program','','False','','Client','Active','2020-09-03','','86','8','');
INSERT INTO "ProgramEngagement__c" VALUES(58,'Taniyah Rios 2020-08-09: Mobile Middle School STEM Program','','False','2020-11-21','Client','Active','2020-08-08','','89','3','4');
INSERT INTO "ProgramEngagement__c" VALUES(59,'Tom Higgins 2020-08-09: Remedial Reading Program','2020-03-11','False','','Client','Active','2020-08-08','','9','10','');
INSERT INTO "ProgramEngagement__c" VALUES(60,'Tom Higgins 2020-08-03: After School Program, Ages 11-13','2020-07-28','False','','Client','Active','2020-08-02','','9','2','');
INSERT INTO "ProgramEngagement__c" VALUES(61,'Tom Higgins 2020-08-03: School Lunch Program','2020-05-07','False','','Client','Enrolled','2020-08-02','','9','6','');
INSERT INTO "ProgramEngagement__c" VALUES(62,'Neil Huerta 2019-12-10: Drug and Alcohol Recovery Management','','False','','Client','Enrolled','2019-12-09','','91','5','');
INSERT INTO "ProgramEngagement__c" VALUES(63,'Rafael Velasquez 2021-06-03: ESL Program','2021-06-28','False','','Client','Applied','','','94','9','');
INSERT INTO "ProgramEngagement__c" VALUES(64,'Casey Kline 2020-08-09: Mobile Middle School STEM Program','','False','2020-11-21','Client','Active','2020-08-08','','98','3','4');
INSERT INTO "ProgramEngagement__c" VALUES(65,'Tom Higgins 2020-05-01: Housing Assistance Program','2020-04-24','False','','Client','Enrolled','2020-04-30','106','9','8','');
INSERT INTO "ProgramEngagement__c" VALUES(66,'Alia Duarte 2020-08-09: Mobile Middle School STEM Program','','False','','Client','Active','2020-08-08','20','90','3','4');
INSERT INTO "ProgramEngagement__c" VALUES(67,'Khloe Stanley 2021-01-06: Mobile Middle School STEM Program','','False','','Client','Enrolled','2021-01-05','','105','3','');
INSERT INTO "ProgramEngagement__c" VALUES(68,'Patrice Wilmont 2021-06-03: ESL Program','','False','','Client','Waitlisted','','','108','9','');
INSERT INTO "ProgramEngagement__c" VALUES(69,'Diego Case 2020-08-09: Mobile Middle School STEM Program','','False','2020-11-21','Client','Active','2020-08-08','','114','3','4');
INSERT INTO "ProgramEngagement__c" VALUES(70,'Isaac Grant 2020-10-06: Housing Assistance Program','','False','','Client','Active','2020-10-05','','116','8','');
INSERT INTO "ProgramEngagement__c" VALUES(71,'Audrina Rojas 2021-06-03: ESL Program','2021-06-28','False','','Client','Applied','','','117','9','');
INSERT INTO "ProgramEngagement__c" VALUES(72,'Hailie Holder 2021-01-06: Housing Assistance Program','','False','','Client','Enrolled','2021-01-05','','119','8','');
INSERT INTO "ProgramEngagement__c" VALUES(73,'Samir Neal 2020-08-09: ESL Program','','False','','Client','Active','2020-08-08','','125','9','');
INSERT INTO "ProgramEngagement__c" VALUES(74,'Angelo Lutz 2020-11-04: Housing Assistance Program','','False','','Client','Enrolled','2020-11-03','','129','8','');
INSERT INTO "ProgramEngagement__c" VALUES(75,'Turner Carson 2020-11-12: Drug and Alcohol Recovery Management','','False','','Client','Enrolled','2020-11-11','','132','5','');
INSERT INTO "ProgramEngagement__c" VALUES(76,'Robin Brooks 2020-08-04: Job Readiness Program','2020-08-01','False','','Client','Active','2020-08-03','','135','1','1');
INSERT INTO "ProgramEngagement__c" VALUES(77,'Robin Brooks 2020-08-03: Drug and Alcohol Recovery Management','2020-07-23','False','','Client','Active','2020-08-02','','135','5','');
INSERT INTO "ProgramEngagement__c" VALUES(78,'Jason Barnes 2020-08-09: Financial Literacy Program','2020-07-22','False','','Client','Active','2020-08-08','','139','7','');
INSERT INTO "ProgramEngagement__c" VALUES(79,'Leon Clayton 2020-08-10: No More Food Deserts Advocacy','','False','','Volunteer','Active','2020-08-09','','142','4','');
INSERT INTO "ProgramEngagement__c" VALUES(80,'Marc Richard 2020-07-12: No More Food Deserts Advocacy','','False','','Volunteer','Active','2020-07-11','','143','4','');
INSERT INTO "ProgramEngagement__c" VALUES(81,'Jordan Waller 2020-08-09: Remedial Reading Program','','False','','Client','Active','2020-08-08','','144','10','');
INSERT INTO "ProgramEngagement__c" VALUES(82,'Frankie Waller 2020-11-03: Financial Literacy Program','','False','','Client','Active','2020-11-02','','145','7','');
INSERT INTO "ProgramEngagement__c" VALUES(83,'Jace Hampton 2020-12-08: After School Program, Ages 11-13','','False','','Client','Enrolled','2020-12-07','','146','2','');
INSERT INTO "ProgramEngagement__c" VALUES(84,'Sonia Gentry 2020-08-09: After School Program, Ages 11-13','','False','2020-11-21','Client','Active','2020-08-08','','147','2','');
INSERT INTO "ProgramEngagement__c" VALUES(85,'Sonia Gentry 2020-11-04: School Lunch Program','','False','','Client','Enrolled','2020-11-03','','147','6','');
CREATE TABLE "Program__c" (
	id INTEGER NOT NULL, 
	"Name" VARCHAR(255), 
	"Description__c" VARCHAR(255), 
	"EndDate__c" VARCHAR(255), 
	"ProgramIssueArea__c" VARCHAR(255), 
	"StartDate__c" VARCHAR(255), 
	"Status__c" VARCHAR(255), 
	"ShortSummary__c" VARCHAR(255), 
	"TargetPopulation__c" VARCHAR(255), 
	PRIMARY KEY (id)
);
INSERT INTO "Program__c" VALUES(1,'Job Readiness Program','This program is designed to assist adults who have experienced a prolonged absence from the workforce for a variety of reasons such as caring for a family member, protracted joblessness following a layoff or return from a short period of incarceration for a minor crime. It''s also intended to provide support for adults in the workforce who are looking to stabilize their housing or working situation.','2022-03-15','Employment','2020-03-14','Active','Assisting adults who have experienced a prolonged absence from the workforce or are  seeking to progressively stabilize their experience in the workforce.','Adults under the poverty line, seeking to  re-enter the  workforce after an absence or seeking to progressively stabilize their experience in the workforce');
INSERT INTO "Program__c" VALUES(2,'After School Program, Ages 11-13','This program''s goal is to provide  a safe and monitored after school activity for district 31 middle school children whose parents work or are otherwise unavailable weekdays when school is in session. It runs from 3:00-5:30 PM on weekdays. Children can attend in a drop-in basis if they can produce a valid student ID card. There is a nominal fee to participate in the program. This fee can be paid out of other monetary assistance program offered to qualifying families with children in district 31.','2021-04-30','Education','2020-07-31','Active','An after school program for children enrolled in district 31.','Children aged 11-13 enrolled in school district 31');
INSERT INTO "Program__c" VALUES(3,'Mobile Middle School STEM Program','The program focuses on bringing hands-on mid-level STEM courses into the classroom at least twice a week, and promotes awareness of the STEM fields and occupations. It provides standards-based structured inquiry-based and real-world problem-based learning, connecting all four of the STEM subjects, science, technology, engineering, and math. The goal is to pique students'' interest in them wanting to pursue the courses, not because they have to.','2021-04-15','Education','2020-08-08','Active','The program brings hands-on mid-level STEM courses into the classroom at least twice a week','Middle School students aged 11-14');
INSERT INTO "Program__c" VALUES(4,'No More Food Deserts Advocacy','Advocacy program calling attention to and seeking remediation for the area''s lack of affordable grocery store options. This is an awareness-building campaign intended to garner support and funding for affordable alternatives from grantmakers and to be supported by the city and county councils.','','Advocacy','2020-06-30','Active','Calling attention to and seeking remediation for the area''s lack of affordable grocery store options.','Area residents, city and county government and grantmakers funding in the region.');
INSERT INTO "Program__c" VALUES(5,'Drug and Alcohol Recovery Management','Recovery management and mental health services addressing  alcohol and drug dependency, and opioid addiction.','2020-12-01','','2019-12-02','Active','Recovery program for adults with dependency on alcohol, drugs,  or opioids.','Adult individuals, families and communities affected by addiction to alcohol and other drugs.');
INSERT INTO "Program__c" VALUES(6,'School Lunch Program','Public Schools Nutrition Services fuels over 14,600 student lunches and 5,800 breakfasts each day and adheres to the highest level of national nutrition standards and provides many locally sourced fruits, vegetables and beans daily.','2021-04-29','Food and Nutrition','2020-08-02','Active','A school lunch program that adheres to the highest level of national nutrition standards and provides many locally sourced fruits, vegetables and beans daily.','Children under 18  enrolled in school district 31');
INSERT INTO "Program__c" VALUES(7,'Financial Literacy Program','The Financial Literacy program teaches students the basics of money management: budgeting, saving, debt, investing, and giving. That knowledge lays a foundation for students to build strong money habits early on and avoid many of the mistakes that lead to lifelong money struggles.','','Education','2020-08-03','Active','Teaches students the basics of money management.','Children aged 15-18 enrolled in school district 31');
INSERT INTO "Program__c" VALUES(8,'Housing Assistance Program','The Housing Assistance program provides assistance for families with children under the age of 18. The family shelters provide both short-term ( and also longer term up to 3 months) emergency shelter. Case management services are available to applicants including referrals to other non-profit needed resources, counseling, food, personal hygiene supplies and free bus tickets. The primary goal of the program is to help families find more permanent housing.','','Housing','2020-03-31','Active','Providing assistance for families with children under the age of 18.','Families with children under the age of 18');
INSERT INTO "Program__c" VALUES(9,'ESL Program','The primary objective of the ESL program is to teach the students how to read, write, speak and listen to English to be more successful in the all-English classroom setting. Spanish is the language spoken most often by our English learners. Other languages include: German, Chinese, Haitian Creole, Arabic, and some Indian Dialects from Mexico and Guatemala.','2022-04-29','','2020-08-08','Active','A language instruction educational program for students whose primary language is not English.','A practical conversational  English class for those whose primary language is not English.');
INSERT INTO "Program__c" VALUES(10,'Remedial Reading Program','A structured reading assistance program designed targeted at students who have underperformed on state reading comprehension tests.','2021-04-15','Education','2020-05-02','Active','Provides students the support they need to achieve an age appropriate reading level.','Children under 18  enrolled in school district 31');
CREATE TABLE "ServiceDelivery__c" (
	id INTEGER NOT NULL, 
	"Name" VARCHAR(255), 
	"AutonameOverride__c" VARCHAR(255), 
	"DeliveryDate__c" VARCHAR(255), 
	"Quantity__c" VARCHAR(255), 
	"AttendanceStatus__c" VARCHAR(255), 
	"Service__c" VARCHAR(255), 
	"Account__c" VARCHAR(255), 
	"Contact__c" VARCHAR(255), 
	"ProgramEngagement__c" VARCHAR(255), 
	"Service_Provider__c" VARCHAR(255), 
	"ServiceSession__c" VARCHAR(255), 
	PRIMARY KEY (id)
);
INSERT INTO "ServiceDelivery__c" VALUES(1,'Abraham Sims 2021-03-22: Middle School STEM Classroom Hours','False','2021-03-21','2.0','Present','10','','167','14','','56');
INSERT INTO "ServiceDelivery__c" VALUES(2,'Alia Duarte 2021-03-22: Middle School STEM Classroom Hours','False','2021-03-21','2.0','Present','10','','90','66','','56');
INSERT INTO "ServiceDelivery__c" VALUES(3,'Ayanna Gonzalez 2021-03-22: Middle School STEM Classroom Hours','False','2021-03-21','2.0','Present','10','','70','52','','56');
INSERT INTO "ServiceDelivery__c" VALUES(4,'Naima Crawford 2021-03-22: Middle School STEM Classroom Hours','False','2021-03-21','0.0','Unexcused Absence','10','','36','33','','56');
INSERT INTO "ServiceDelivery__c" VALUES(5,'Taniyah Rios 2021-03-22: Middle School STEM Classroom Hours','False','2021-03-21','2.0','Present','10','','89','58','','56');
INSERT INTO "ServiceDelivery__c" VALUES(6,'Abraham Sims 2021-05-10: Middle School STEM Classroom Hours','False','2021-05-09','2.0','Present','10','','167','14','','70');
INSERT INTO "ServiceDelivery__c" VALUES(7,'Alia Duarte 2021-05-10: Middle School STEM Classroom Hours','False','2021-05-09','2.0','Present','10','','90','66','','70');
INSERT INTO "ServiceDelivery__c" VALUES(8,'Ayanna Gonzalez 2021-05-10: Middle School STEM Classroom Hours','False','2021-05-09','2.0','Present','10','','70','52','','70');
INSERT INTO "ServiceDelivery__c" VALUES(9,'Naima Crawford 2021-05-10: Middle School STEM Classroom Hours','False','2021-05-09','0.0','Unexcused Absence','10','','36','33','','70');
INSERT INTO "ServiceDelivery__c" VALUES(10,'Taniyah Rios 2021-05-10: Middle School STEM Classroom Hours','False','2021-05-09','2.0','Present','10','','89','58','','70');
INSERT INTO "ServiceDelivery__c" VALUES(11,'Abraham Sims 2021-05-19: Middle School STEM Classroom Hours','False','2021-05-18','2.0','Present','10','','167','14','','8');
INSERT INTO "ServiceDelivery__c" VALUES(12,'Alia Duarte 2021-05-19: Middle School STEM Classroom Hours','False','2021-05-18','2.0','Present','10','','90','66','','8');
INSERT INTO "ServiceDelivery__c" VALUES(13,'Ayanna Gonzalez 2021-05-19: Middle School STEM Classroom Hours','False','2021-05-18','2.0','Present','10','','70','52','','8');
INSERT INTO "ServiceDelivery__c" VALUES(14,'Naima Crawford 2021-05-19: Middle School STEM Classroom Hours','False','2021-05-18','0.0','Unexcused Absence','10','','36','33','','8');
INSERT INTO "ServiceDelivery__c" VALUES(15,'Taniyah Rios 2021-05-19: Middle School STEM Classroom Hours','False','2021-05-18','2.0','Present','10','','89','58','','8');
INSERT INTO "ServiceDelivery__c" VALUES(16,'Ayanna Gonzalez 2021-04-29: STEM Field Trips','False','2021-04-28','1.0','Present','9','','70','52','','3');
INSERT INTO "ServiceDelivery__c" VALUES(17,'Naima Crawford 2021-04-29: STEM Field Trips','False','2021-04-28','0.0','Excused Absence','9','','36','33','','3');
INSERT INTO "ServiceDelivery__c" VALUES(18,'Taniyah Rios 2021-04-29: STEM Field Trips','False','2021-04-28','1.0','Present','9','','89','58','','3');
INSERT INTO "ServiceDelivery__c" VALUES(19,'Abraham Sims 2021-04-14: Middle School STEM Classroom Hours','False','2021-04-13','2.0','Present','10','','167','14','','63');
INSERT INTO "ServiceDelivery__c" VALUES(20,'Alia Duarte 2021-04-14: Middle School STEM Classroom Hours','False','2021-04-13','2.0','Present','10','','90','66','','63');
INSERT INTO "ServiceDelivery__c" VALUES(21,'Ayanna Gonzalez 2021-04-14: Middle School STEM Classroom Hours','False','2021-04-13','2.0','Present','10','','70','52','','63');
INSERT INTO "ServiceDelivery__c" VALUES(22,'Naima Crawford 2021-04-14: Middle School STEM Classroom Hours','False','2021-04-13','2.0','Present','10','','36','33','','63');
INSERT INTO "ServiceDelivery__c" VALUES(23,'Taniyah Rios 2021-04-14: Middle School STEM Classroom Hours','False','2021-04-13','2.0','Present','10','','89','58','','63');
INSERT INTO "ServiceDelivery__c" VALUES(24,'Robin Brooks 2020-06-20: 12 Step Recovery Program','False','2020-06-19','1.0','','13','','135','77','','');
INSERT INTO "ServiceDelivery__c" VALUES(25,'Robin Brooks 2020-06-27: 12 Step Recovery Program','False','2020-06-26','1.0','','13','','135','77','','');
INSERT INTO "ServiceDelivery__c" VALUES(26,'Robin Brooks 2020-07-25: 12 Step Recovery Program','False','2020-07-24','1.0','','13','','135','77','','');
INSERT INTO "ServiceDelivery__c" VALUES(27,'Robin Brooks 2020-08-15: 12 Step Recovery Program','False','2020-08-14','1.0','','13','','135','77','','');
INSERT INTO "ServiceDelivery__c" VALUES(28,'Marc Richard 2020-03-13: Letter writing campaign to Council Members','False','2020-03-12','1.0','','12','','143','80','','');
INSERT INTO "ServiceDelivery__c" VALUES(29,'Jay Zimmerman 2020-06-13: Letter writing campaign to Council Members','False','2020-06-12','1.0','','12','','153','4','','');
INSERT INTO "ServiceDelivery__c" VALUES(30,'Aaron Valdez 2020-05-03: Letter writing campaign to Council Members','False','2020-05-02','1.0','','12','','159','8','','');
INSERT INTO "ServiceDelivery__c" VALUES(31,'John Mills 2020-04-03: Letter writing campaign to Council Members','False','2020-04-02','1.0','','12','','160','9','','');
INSERT INTO "ServiceDelivery__c" VALUES(32,'Shannon Greene 2020-08-09: Letter writing campaign to Council Members','False','2020-08-08','1.0','','12','','161','10','','');
INSERT INTO "ServiceDelivery__c" VALUES(33,'Zackery Morgan 2020-08-08: Letter writing campaign to Council Members','False','2020-08-07','1.0','','12','','174','18','','');
INSERT INTO "ServiceDelivery__c" VALUES(34,'Eliezer Bray 2020-08-09: Letter writing campaign to Council Members','False','2020-08-08','1.0','','12','','180','25','','');
INSERT INTO "ServiceDelivery__c" VALUES(35,'Taniya Singleton 2020-07-03: Letter writing campaign to Council Members','False','2020-07-02','1.0','','12','','81','54','','');
INSERT INTO "ServiceDelivery__c" VALUES(36,'Turner Carson 2020-07-25: 12 Step Recovery Program','False','2020-07-24','1.0','','13','','132','75','','');
INSERT INTO "ServiceDelivery__c" VALUES(37,'Turner Carson 2020-07-11: 12 Step Recovery Program','False','2020-07-10','1.0','','13','','132','75','','');
INSERT INTO "ServiceDelivery__c" VALUES(38,'Robin Brooks 2020-05-23: 12 Step Recovery Program','False','2020-05-22','1.0','','13','','135','77','','');
INSERT INTO "ServiceDelivery__c" VALUES(39,'Robin Brooks 2020-07-11: 12 Step Recovery Program','False','2020-07-10','1.0','','13','','135','77','','');
INSERT INTO "ServiceDelivery__c" VALUES(40,'Robin Brooks 2020-06-06: 12 Step Recovery Program','False','2020-06-05','1.0','','13','','135','77','','');
INSERT INTO "ServiceDelivery__c" VALUES(41,'Robin Brooks 2020-07-04: 12 Step Recovery Program','False','2020-07-03','1.0','','13','','135','77','','');
INSERT INTO "ServiceDelivery__c" VALUES(42,'Robin Brooks 2020-06-13: 12 Step Recovery Program','False','2020-06-12','1.0','','13','','135','77','','');
INSERT INTO "ServiceDelivery__c" VALUES(43,'Robin Brooks 2020-05-09: 12 Step Recovery Program','False','2020-05-08','1.0','','13','','135','77','','');
INSERT INTO "ServiceDelivery__c" VALUES(44,'Robin Brooks 2020-05-02: 12 Step Recovery Program','False','2020-05-01','1.0','','13','','135','77','','');
INSERT INTO "ServiceDelivery__c" VALUES(45,'Zackery Morgan 2020-08-08: 12 Step Recovery Program','False','2020-08-07','1.0','','13','','174','19','','');
INSERT INTO "ServiceDelivery__c" VALUES(46,'Zackery Morgan 2020-08-08: 12 Step Recovery Program','False','2020-08-07','1.0','','13','','174','19','','');
INSERT INTO "ServiceDelivery__c" VALUES(47,'Zackery Morgan 2020-05-23: 12 Step Recovery Program','False','2020-05-22','1.0','','13','','174','19','','');
INSERT INTO "ServiceDelivery__c" VALUES(48,'Zackery Morgan 2020-07-31: 12 Step Recovery Program','False','2020-07-30','1.0','','13','','174','19','','');
INSERT INTO "ServiceDelivery__c" VALUES(49,'Zackery Morgan 2020-05-30: 12 Step Recovery Program','False','2020-05-29','1.0','','13','','174','19','','');
INSERT INTO "ServiceDelivery__c" VALUES(50,'Zackery Morgan 2020-06-06: 12 Step Recovery Program','False','2020-06-05','1.0','','13','','174','19','','');
INSERT INTO "ServiceDelivery__c" VALUES(51,'Zackery Morgan 2020-06-13: 12 Step Recovery Program','False','2020-06-12','1.0','','13','','174','19','','');
INSERT INTO "ServiceDelivery__c" VALUES(52,'Zackery Morgan 2020-07-04: 12 Step Recovery Program','False','2020-07-03','1.0','','13','','174','19','','');
INSERT INTO "ServiceDelivery__c" VALUES(53,'Zackery Morgan 2020-07-11: 12 Step Recovery Program','False','2020-07-10','1.0','','13','','174','19','','');
INSERT INTO "ServiceDelivery__c" VALUES(54,'Zackery Morgan 2020-06-20: 12 Step Recovery Program','False','2020-06-19','1.0','','13','','174','19','','');
INSERT INTO "ServiceDelivery__c" VALUES(55,'Zackery Morgan 2020-06-27: 12 Step Recovery Program','False','2020-06-26','1.0','','13','','174','19','','');
INSERT INTO "ServiceDelivery__c" VALUES(56,'Zackery Morgan 2020-07-25: 12 Step Recovery Program','False','2020-07-24','1.0','','13','','174','19','','');
INSERT INTO "ServiceDelivery__c" VALUES(57,'Neil Huerta 2020-08-14: 12 Step Recovery Program','False','2020-08-13','1.0','','13','','91','62','','');
INSERT INTO "ServiceDelivery__c" VALUES(58,'Neil Huerta 2020-08-17: 12 Step Recovery Program','False','2020-08-16','1.0','','13','','91','62','','');
INSERT INTO "ServiceDelivery__c" VALUES(59,'Sonia Gentry 2020-07-04: Subsidized Lunch','False','2020-07-03','','','14','','147','85','','');
INSERT INTO "ServiceDelivery__c" VALUES(60,'Sonia Gentry 2020-07-03: Subsidized Lunch','False','2020-07-02','','','14','','147','85','','');
INSERT INTO "ServiceDelivery__c" VALUES(61,'Marco Escobar 2020-06-23: Grade 1-8 Reading Tutoring','False','2020-06-22','3.0','','4','','163','12','','');
INSERT INTO "ServiceDelivery__c" VALUES(62,'Marco Escobar 2020-07-07: Grade 1-8 Reading Tutoring','False','2020-07-06','2.0','','4','','163','12','','');
INSERT INTO "ServiceDelivery__c" VALUES(63,'Marco Escobar 2020-05-05: Grade 1-8 Reading Tutoring','False','2020-05-04','3.0','','4','','163','12','','');
INSERT INTO "ServiceDelivery__c" VALUES(64,'Marco Escobar 2020-05-12: Grade 1-8 Reading Tutoring','False','2020-05-11','3.0','','4','','163','12','','');
INSERT INTO "ServiceDelivery__c" VALUES(65,'Marco Escobar 2020-05-26: Grade 1-8 Reading Tutoring','False','2020-05-25','3.0','','4','','163','12','','');
INSERT INTO "ServiceDelivery__c" VALUES(66,'Marco Escobar 2020-04-21: Grade 1-8 Reading Tutoring','False','2020-04-20','3.0','','4','','163','12','','');
INSERT INTO "ServiceDelivery__c" VALUES(67,'Emilie Costa 2020-08-11: Grade 1-8 Reading Tutoring','False','2020-08-10','3.0','','4','','51','41','','');
INSERT INTO "ServiceDelivery__c" VALUES(68,'Fabian Hughes 2020-07-21: Grade 1-8 Reading Tutoring','False','2020-07-20','1.0','','4','','57','45','','');
INSERT INTO "ServiceDelivery__c" VALUES(69,'Fabian Hughes 2020-08-11: Grade 1-8 Reading Tutoring','False','2020-08-10','3.0','','4','','57','45','','');
INSERT INTO "ServiceDelivery__c" VALUES(70,'Tom Higgins 2020-07-21: Grade 1-8 Reading Tutoring','False','2020-07-20','2.0','','4','','9','59','','');
INSERT INTO "ServiceDelivery__c" VALUES(71,'Tom Higgins 2020-04-28: Grade 1-8 Reading Tutoring','False','2020-04-27','4.0','','4','','9','59','','');
INSERT INTO "ServiceDelivery__c" VALUES(72,'Tom Higgins 2020-06-02: Grade 1-8 Reading Tutoring','False','2020-06-01','3.0','','4','','9','59','','');
INSERT INTO "ServiceDelivery__c" VALUES(73,'Tom Higgins 2020-07-07: Grade 1-8 Reading Tutoring','False','2020-07-06','3.0','','4','','9','59','','');
INSERT INTO "ServiceDelivery__c" VALUES(74,'Tom Higgins 2020-04-21: Grade 1-8 Reading Tutoring','False','2020-04-20','4.0','','4','','9','59','','');
INSERT INTO "ServiceDelivery__c" VALUES(75,'Tom Higgins 2020-07-14: Grade 1-8 Reading Tutoring','False','2020-07-13','3.0','','4','','9','59','','');
INSERT INTO "ServiceDelivery__c" VALUES(76,'Tom Higgins 2020-05-12: Grade 1-8 Reading Tutoring','False','2020-05-11','4.0','','4','','9','59','','');
INSERT INTO "ServiceDelivery__c" VALUES(77,'Tom Higgins 2020-05-05: Grade 1-8 Reading Tutoring','False','2020-05-04','4.0','','4','','9','59','','');
INSERT INTO "ServiceDelivery__c" VALUES(78,'Tom Higgins 2020-06-23: Grade 1-8 Reading Tutoring','False','2020-06-22','3.0','','4','','9','59','','');
INSERT INTO "ServiceDelivery__c" VALUES(79,'Tom Higgins 2020-04-14: Grade 1-8 Reading Tutoring','False','2020-04-13','4.0','','4','','9','59','','');
INSERT INTO "ServiceDelivery__c" VALUES(80,'Tom Higgins 2020-06-30: Grade 1-8 Reading Tutoring','False','2020-06-29','3.0','','4','','9','59','','');
INSERT INTO "ServiceDelivery__c" VALUES(81,'Tom Higgins 2020-06-09: Grade 1-8 Reading Tutoring','False','2020-06-08','3.0','','4','','9','59','','');
INSERT INTO "ServiceDelivery__c" VALUES(82,'Tom Higgins 2020-08-11: Grade 1-8 Reading Tutoring','False','2020-08-10','3.0','','4','','9','59','','');
INSERT INTO "ServiceDelivery__c" VALUES(83,'Tom Higgins 2020-06-16: Grade 1-8 Reading Tutoring','False','2020-06-15','3.0','','4','','9','59','','');
INSERT INTO "ServiceDelivery__c" VALUES(84,'Tom Higgins 2020-05-19: Grade 1-8 Reading Tutoring','False','2020-05-18','1.0','','4','','9','59','','');
INSERT INTO "ServiceDelivery__c" VALUES(85,'Tom Higgins 2020-05-26: Grade 1-8 Reading Tutoring','False','2020-05-25','3.0','','4','','9','59','','');
INSERT INTO "ServiceDelivery__c" VALUES(86,'Leon Clayton 2020-04-11: Letter writing campaign to Council Members','False','2020-04-10','1.0','','12','','142','79','','');
INSERT INTO "ServiceDelivery__c" VALUES(87,'Samir Neal 2020-04-20: ESL Classroom Hours','False','2020-04-19','2.0','','3','','125','73','','');
INSERT INTO "ServiceDelivery__c" VALUES(88,'Samir Neal 2020-05-18: ESL Classroom Hours','False','2020-05-17','2.0','','3','','125','73','','');
INSERT INTO "ServiceDelivery__c" VALUES(89,'Samir Neal 2020-05-25: ESL Classroom Hours','False','2020-05-24','2.0','','3','','125','73','','');
INSERT INTO "ServiceDelivery__c" VALUES(90,'Samir Neal 2020-06-20: ESL Classroom Hours','False','2020-06-19','2.0','','3','','125','73','','');
INSERT INTO "ServiceDelivery__c" VALUES(91,'Samir Neal 2020-05-23: ESL Classroom Hours','False','2020-05-22','2.0','','3','','125','73','','');
INSERT INTO "ServiceDelivery__c" VALUES(92,'Samir Neal 2020-08-08: ESL Classroom Hours','False','2020-08-07','2.0','','3','','125','73','','');
INSERT INTO "ServiceDelivery__c" VALUES(93,'Samir Neal 2020-05-11: ESL Classroom Hours','False','2020-05-10','2.0','','3','','125','73','','');
INSERT INTO "ServiceDelivery__c" VALUES(94,'Samir Neal 2020-04-13: ESL Classroom Hours','False','2020-04-12','2.0','','3','','125','73','','');
INSERT INTO "ServiceDelivery__c" VALUES(95,'Samir Neal 2020-07-20: ESL Classroom Hours','False','2020-07-19','2.0','','3','','125','73','','');
INSERT INTO "ServiceDelivery__c" VALUES(96,'Samir Neal 2020-08-10: ESL Classroom Hours','False','2020-08-09','2.0','','3','','125','73','','');
INSERT INTO "ServiceDelivery__c" VALUES(97,'Samir Neal 2020-05-30: ESL Classroom Hours','False','2020-05-29','2.0','','3','','125','73','','');
INSERT INTO "ServiceDelivery__c" VALUES(98,'Samir Neal 2020-06-01: ESL Classroom Hours','False','2020-05-31','2.0','','3','','125','73','','');
INSERT INTO "ServiceDelivery__c" VALUES(99,'Samir Neal 2020-06-08: ESL Classroom Hours','False','2020-06-07','2.0','','3','','125','73','','');
INSERT INTO "ServiceDelivery__c" VALUES(100,'Samir Neal 2020-06-22: ESL Classroom Hours','False','2020-06-21','2.0','','3','','125','73','','');
INSERT INTO "ServiceDelivery__c" VALUES(101,'Samir Neal 2020-04-11: ESL Classroom Hours','False','2020-04-10','2.0','','3','','125','73','','');
INSERT INTO "ServiceDelivery__c" VALUES(102,'Samir Neal 2020-04-25: ESL Classroom Hours','False','2020-04-24','2.0','','3','','125','73','','');
INSERT INTO "ServiceDelivery__c" VALUES(103,'Samir Neal 2020-04-27: ESL Classroom Hours','False','2020-04-26','2.0','','3','','125','73','','');
INSERT INTO "ServiceDelivery__c" VALUES(104,'Samir Neal 2020-07-04: ESL Classroom Hours','False','2020-07-03','2.0','','3','','125','73','','');
INSERT INTO "ServiceDelivery__c" VALUES(105,'Samir Neal 2020-07-13: ESL Classroom Hours','False','2020-07-12','2.0','','3','','125','73','','');
INSERT INTO "ServiceDelivery__c" VALUES(106,'Samir Neal 2020-07-18: ESL Classroom Hours','False','2020-07-17','2.0','','3','','125','73','','');
INSERT INTO "ServiceDelivery__c" VALUES(107,'Samir Neal 2020-05-04: ESL Classroom Hours','False','2020-05-03','2.0','','3','','125','73','','');
INSERT INTO "ServiceDelivery__c" VALUES(108,'Semaj Wall 2020-05-23: ESL Classroom Hours','False','2020-05-22','2.0','','3','','179','24','','');
INSERT INTO "ServiceDelivery__c" VALUES(109,'Semaj Wall 2020-05-18: ESL Classroom Hours','False','2020-05-17','2.0','','3','','179','24','','');
INSERT INTO "ServiceDelivery__c" VALUES(110,'Semaj Wall 2020-06-08: ESL Classroom Hours','False','2020-06-07','2.0','','3','','179','24','','');
INSERT INTO "ServiceDelivery__c" VALUES(111,'Semaj Wall 2020-05-02: ESL Classroom Hours','False','2020-05-01','2.0','','3','','179','24','','');
INSERT INTO "ServiceDelivery__c" VALUES(112,'Semaj Wall 2020-07-11: ESL Classroom Hours','False','2020-07-10','2.0','','3','','179','24','','');
INSERT INTO "ServiceDelivery__c" VALUES(113,'Semaj Wall 2020-07-18: ESL Classroom Hours','False','2020-07-17','2.0','','3','','179','24','','');
INSERT INTO "ServiceDelivery__c" VALUES(114,'Semaj Wall 2020-08-08: ESL Classroom Hours','False','2020-08-07','2.0','','3','','179','24','','');
INSERT INTO "ServiceDelivery__c" VALUES(115,'Semaj Wall 2020-06-27: ESL Classroom Hours','False','2020-06-26','2.0','','3','','179','24','','');
INSERT INTO "ServiceDelivery__c" VALUES(116,'Semaj Wall 2020-05-04: ESL Classroom Hours','False','2020-05-03','2.0','','3','','179','24','','');
INSERT INTO "ServiceDelivery__c" VALUES(117,'Semaj Wall 2020-05-11: ESL Classroom Hours','False','2020-05-10','2.0','','3','','179','24','','');
INSERT INTO "ServiceDelivery__c" VALUES(118,'Semaj Wall 2020-06-15: ESL Classroom Hours','False','2020-06-14','2.0','','3','','179','24','','');
INSERT INTO "ServiceDelivery__c" VALUES(119,'Barbara Johnson 2020-05-18: ESL Classroom Hours','False','2020-05-17','2.0','','3','','28','29','','');
INSERT INTO "ServiceDelivery__c" VALUES(120,'Barbara Johnson 2020-05-16: ESL Classroom Hours','False','2020-05-15','2.0','','3','','28','29','','');
INSERT INTO "ServiceDelivery__c" VALUES(121,'Barbara Johnson 2020-05-25: ESL Classroom Hours','False','2020-05-24','2.0','','3','','28','29','','');
INSERT INTO "ServiceDelivery__c" VALUES(122,'Barbara Johnson 2020-06-15: ESL Classroom Hours','False','2020-06-14','2.0','','3','','28','29','','');
INSERT INTO "ServiceDelivery__c" VALUES(123,'Barbara Johnson 2020-06-06: ESL Classroom Hours','False','2020-06-05','2.0','','3','','28','29','','');
INSERT INTO "ServiceDelivery__c" VALUES(124,'Barbara Johnson 2020-06-20: ESL Classroom Hours','False','2020-06-19','2.0','','3','','28','29','','');
INSERT INTO "ServiceDelivery__c" VALUES(125,'Barbara Johnson 2020-06-22: ESL Classroom Hours','False','2020-06-21','2.0','','3','','28','29','','');
INSERT INTO "ServiceDelivery__c" VALUES(126,'Barbara Johnson 2020-05-30: ESL Classroom Hours','False','2020-05-29','2.0','','3','','28','29','','');
INSERT INTO "ServiceDelivery__c" VALUES(127,'Barbara Johnson 2020-06-13: ESL Classroom Hours','False','2020-06-12','2.0','','3','','28','29','','');
INSERT INTO "ServiceDelivery__c" VALUES(128,'Barbara Johnson 2020-06-27: ESL Classroom Hours','False','2020-06-26','2.0','','3','','28','29','','');
INSERT INTO "ServiceDelivery__c" VALUES(129,'Barbara Johnson 2020-04-25: ESL Classroom Hours','False','2020-04-24','2.0','','3','','28','29','','');
INSERT INTO "ServiceDelivery__c" VALUES(130,'Barbara Johnson 2020-07-04: ESL Classroom Hours','False','2020-07-03','2.0','','3','','28','29','','');
INSERT INTO "ServiceDelivery__c" VALUES(131,'Barbara Johnson 2020-07-11: ESL Classroom Hours','False','2020-07-10','2.0','','3','','28','29','','');
INSERT INTO "ServiceDelivery__c" VALUES(132,'Barbara Johnson 2020-08-08: ESL Classroom Hours','False','2020-08-07','2.0','','3','','28','29','','');
INSERT INTO "ServiceDelivery__c" VALUES(133,'Barbara Johnson 2020-04-18: ESL Classroom Hours','False','2020-04-17','2.0','','3','','28','29','','');
INSERT INTO "ServiceDelivery__c" VALUES(134,'Barbara Johnson 2020-04-20: ESL Classroom Hours','False','2020-04-19','2.0','','3','','28','29','','');
INSERT INTO "ServiceDelivery__c" VALUES(135,'Barbara Johnson 2020-07-20: ESL Classroom Hours','False','2020-07-19','2.0','','3','','28','29','','');
INSERT INTO "ServiceDelivery__c" VALUES(136,'Barbara Johnson 2020-05-11: ESL Classroom Hours','False','2020-05-10','2.0','','3','','28','29','','');
INSERT INTO "ServiceDelivery__c" VALUES(137,'Arlene Baker 2020-05-12: Job Interviews completed','False','2020-05-11','1.0','','5','','23','28','','');
INSERT INTO "ServiceDelivery__c" VALUES(138,'Arlene Baker 2020-05-16: Job Interviews completed','False','2020-05-15','2.0','','5','','23','28','','');
INSERT INTO "ServiceDelivery__c" VALUES(139,'Samir Neal 2020-06-15: ESL Classroom Hours','False','2020-06-14','2.0','','3','','125','73','','');
INSERT INTO "ServiceDelivery__c" VALUES(140,'Samir Neal 2020-05-16: ESL Classroom Hours','False','2020-05-15','2.0','','3','','125','73','','');
INSERT INTO "ServiceDelivery__c" VALUES(141,'Samir Neal 2020-06-27: ESL Classroom Hours','False','2020-06-26','2.0','','3','','125','73','','');
INSERT INTO "ServiceDelivery__c" VALUES(142,'Samir Neal 2020-07-11: ESL Classroom Hours','False','2020-07-10','2.0','','3','','125','73','','');
INSERT INTO "ServiceDelivery__c" VALUES(143,'Samir Neal 2020-06-06: ESL Classroom Hours','False','2020-06-05','2.0','','3','','125','73','','');
INSERT INTO "ServiceDelivery__c" VALUES(144,'Samir Neal 2020-04-18: ESL Classroom Hours','False','2020-04-17','2.0','','3','','125','73','','');
INSERT INTO "ServiceDelivery__c" VALUES(145,'Samir Neal 2020-06-13: ESL Classroom Hours','False','2020-06-12','2.0','','3','','125','73','','');
INSERT INTO "ServiceDelivery__c" VALUES(146,'Samir Neal 2020-07-06: ESL Classroom Hours','False','2020-07-05','2.0','','3','','125','73','','');
INSERT INTO "ServiceDelivery__c" VALUES(147,'Samir Neal 2020-05-02: ESL Classroom Hours','False','2020-05-01','2.0','','3','','125','73','','');
INSERT INTO "ServiceDelivery__c" VALUES(148,'Samir Neal 2020-05-09: ESL Classroom Hours','False','2020-05-08','2.0','','3','','125','73','','');
INSERT INTO "ServiceDelivery__c" VALUES(149,'Fernando Beltran 2020-07-04: ESL Classroom Hours','False','2020-07-03','2.0','','3','','155','5','','');
INSERT INTO "ServiceDelivery__c" VALUES(150,'Fernando Beltran 2020-08-08: ESL Classroom Hours','False','2020-08-07','2.0','','3','','155','5','','');
INSERT INTO "ServiceDelivery__c" VALUES(151,'Fernando Beltran 2020-07-18: ESL Classroom Hours','False','2020-07-17','2.0','','3','','155','5','','');
INSERT INTO "ServiceDelivery__c" VALUES(152,'Fernando Beltran 2020-07-20: ESL Classroom Hours','False','2020-07-19','2.0','','3','','155','5','','');
INSERT INTO "ServiceDelivery__c" VALUES(153,'Fernando Beltran 2020-08-10: ESL Classroom Hours','False','2020-08-09','2.0','','3','','155','5','','');
INSERT INTO "ServiceDelivery__c" VALUES(154,'Fernando Beltran 2020-07-11: ESL Classroom Hours','False','2020-07-10','2.0','','3','','155','5','','');
INSERT INTO "ServiceDelivery__c" VALUES(155,'Fernando Beltran 2020-07-13: ESL Classroom Hours','False','2020-07-12','2.0','','3','','155','5','','');
INSERT INTO "ServiceDelivery__c" VALUES(156,'Fernando Beltran 2020-07-06: ESL Classroom Hours','False','2020-07-05','2.0','','3','','155','5','','');
INSERT INTO "ServiceDelivery__c" VALUES(157,'Yusef Flores 2020-08-08: ESL Classroom Hours','False','2020-08-07','2.0','','3','','178','22','','');
INSERT INTO "ServiceDelivery__c" VALUES(158,'Yusef Flores 2020-08-10: ESL Classroom Hours','False','2020-08-09','2.0','','3','','178','22','','');
INSERT INTO "ServiceDelivery__c" VALUES(159,'Semaj Wall 2020-05-25: ESL Classroom Hours','False','2020-05-24','2.0','','3','','179','24','','');
INSERT INTO "ServiceDelivery__c" VALUES(160,'Semaj Wall 2020-06-20: ESL Classroom Hours','False','2020-06-19','2.0','','3','','179','24','','');
INSERT INTO "ServiceDelivery__c" VALUES(161,'Semaj Wall 2020-07-06: ESL Classroom Hours','False','2020-07-05','2.0','','3','','179','24','','');
INSERT INTO "ServiceDelivery__c" VALUES(162,'Semaj Wall 2020-05-09: ESL Classroom Hours','False','2020-05-08','2.0','','3','','179','24','','');
INSERT INTO "ServiceDelivery__c" VALUES(163,'Semaj Wall 2020-05-16: ESL Classroom Hours','False','2020-05-15','2.0','','3','','179','24','','');
INSERT INTO "ServiceDelivery__c" VALUES(164,'Semaj Wall 2020-05-30: ESL Classroom Hours','False','2020-05-29','2.0','','3','','179','24','','');
INSERT INTO "ServiceDelivery__c" VALUES(165,'Semaj Wall 2020-06-01: ESL Classroom Hours','False','2020-05-31','2.0','','3','','179','24','','');
INSERT INTO "ServiceDelivery__c" VALUES(166,'Semaj Wall 2020-06-06: ESL Classroom Hours','False','2020-06-05','2.0','','3','','179','24','','');
INSERT INTO "ServiceDelivery__c" VALUES(167,'Semaj Wall 2020-06-13: ESL Classroom Hours','False','2020-06-12','2.0','','3','','179','24','','');
INSERT INTO "ServiceDelivery__c" VALUES(168,'Semaj Wall 2020-07-13: ESL Classroom Hours','False','2020-07-12','2.0','','3','','179','24','','');
INSERT INTO "ServiceDelivery__c" VALUES(169,'Semaj Wall 2020-08-10: ESL Classroom Hours','False','2020-08-09','2.0','','3','','179','24','','');
INSERT INTO "ServiceDelivery__c" VALUES(170,'Semaj Wall 2020-06-22: ESL Classroom Hours','False','2020-06-21','2.0','','3','','179','24','','');
INSERT INTO "ServiceDelivery__c" VALUES(171,'Semaj Wall 2020-07-20: ESL Classroom Hours','False','2020-07-19','2.0','','3','','179','24','','');
INSERT INTO "ServiceDelivery__c" VALUES(172,'Barbara Johnson 2020-07-18: ESL Classroom Hours','False','2020-07-17','2.0','','3','','28','29','','');
INSERT INTO "ServiceDelivery__c" VALUES(173,'Barbara Johnson 2020-08-10: ESL Classroom Hours','False','2020-08-09','2.0','','3','','28','29','','');
INSERT INTO "ServiceDelivery__c" VALUES(174,'Barbara Johnson 2020-07-06: ESL Classroom Hours','False','2020-07-05','2.0','','3','','28','29','','');
INSERT INTO "ServiceDelivery__c" VALUES(175,'Barbara Johnson 2020-07-13: ESL Classroom Hours','False','2020-07-12','2.0','','3','','28','29','','');
INSERT INTO "ServiceDelivery__c" VALUES(176,'Barbara Johnson 2020-05-23: ESL Classroom Hours','False','2020-05-22','2.0','','3','','28','29','','');
INSERT INTO "ServiceDelivery__c" VALUES(177,'Barbara Johnson 2020-05-09: ESL Classroom Hours','False','2020-05-08','2.0','','3','','28','29','','');
INSERT INTO "ServiceDelivery__c" VALUES(178,'Barbara Johnson 2020-04-04: ESL Classroom Hours','False','2020-04-03','2.0','','3','','28','29','','');
INSERT INTO "ServiceDelivery__c" VALUES(179,'Barbara Johnson 2020-04-27: ESL Classroom Hours','False','2020-04-26','2.0','','3','','28','29','','');
INSERT INTO "ServiceDelivery__c" VALUES(180,'Barbara Johnson 2020-04-13: ESL Classroom Hours','False','2020-04-12','2.0','','3','','28','29','','');
INSERT INTO "ServiceDelivery__c" VALUES(181,'Barbara Johnson 2020-05-02: ESL Classroom Hours','False','2020-05-01','2.0','','3','','28','29','','');
INSERT INTO "ServiceDelivery__c" VALUES(182,'Barbara Johnson 2020-04-06: ESL Classroom Hours','False','2020-04-05','2.0','','3','','28','29','','');
INSERT INTO "ServiceDelivery__c" VALUES(183,'Barbara Johnson 2020-06-01: ESL Classroom Hours','False','2020-05-31','2.0','','3','','28','29','','');
INSERT INTO "ServiceDelivery__c" VALUES(184,'Barbara Johnson 2020-06-08: ESL Classroom Hours','False','2020-06-07','2.0','','3','','28','29','','');
INSERT INTO "ServiceDelivery__c" VALUES(185,'Barbara Johnson 2020-05-04: ESL Classroom Hours','False','2020-05-03','2.0','','3','','28','29','','');
INSERT INTO "ServiceDelivery__c" VALUES(186,'Barbara Johnson 2020-04-11: ESL Classroom Hours','False','2020-04-10','2.0','','3','','28','29','','');
INSERT INTO "ServiceDelivery__c" VALUES(187,'Jordan Waller 2020-06-09: Grade 1-8 Reading Tutoring','False','2020-06-08','3.0','','4','','144','81','','');
INSERT INTO "ServiceDelivery__c" VALUES(188,'Jordan Waller 2020-06-23: Grade 1-8 Reading Tutoring','False','2020-06-22','3.0','','4','','144','81','','');
INSERT INTO "ServiceDelivery__c" VALUES(189,'Jordan Waller 2020-07-14: Grade 1-8 Reading Tutoring','False','2020-07-13','3.0','','4','','144','81','','');
INSERT INTO "ServiceDelivery__c" VALUES(190,'Jordan Waller 2020-06-02: Grade 1-8 Reading Tutoring','False','2020-06-01','3.0','','4','','144','81','','');
INSERT INTO "ServiceDelivery__c" VALUES(191,'Jordan Waller 2020-06-16: Grade 1-8 Reading Tutoring','False','2020-06-15','3.0','','4','','144','81','','');
INSERT INTO "ServiceDelivery__c" VALUES(192,'Jordan Waller 2020-06-30: Grade 1-8 Reading Tutoring','False','2020-06-29','3.0','','4','','144','81','','');
INSERT INTO "ServiceDelivery__c" VALUES(193,'Jordan Waller 2020-08-11: Grade 1-8 Reading Tutoring','False','2020-08-10','3.0','','4','','144','81','','');
INSERT INTO "ServiceDelivery__c" VALUES(194,'Jordan Waller 2020-04-14: Grade 1-8 Reading Tutoring','False','2020-04-13','3.0','','4','','144','81','','');
INSERT INTO "ServiceDelivery__c" VALUES(195,'Jordan Waller 2020-05-26: Grade 1-8 Reading Tutoring','False','2020-05-25','3.0','','4','','144','81','','');
INSERT INTO "ServiceDelivery__c" VALUES(196,'Jordan Waller 2020-07-21: Grade 1-8 Reading Tutoring','False','2020-07-20','3.0','','4','','144','81','','');
INSERT INTO "ServiceDelivery__c" VALUES(197,'Jordan Waller 2020-04-21: Grade 1-8 Reading Tutoring','False','2020-04-20','3.0','','4','','144','81','','');
INSERT INTO "ServiceDelivery__c" VALUES(198,'Jordan Waller 2020-05-05: Grade 1-8 Reading Tutoring','False','2020-05-04','3.0','','4','','144','81','','');
INSERT INTO "ServiceDelivery__c" VALUES(199,'Jordan Waller 2020-04-28: Grade 1-8 Reading Tutoring','False','2020-04-27','3.0','','4','','144','81','','');
INSERT INTO "ServiceDelivery__c" VALUES(200,'Jordan Waller 2020-07-07: Grade 1-8 Reading Tutoring','False','2020-07-06','3.0','','4','','144','81','','');
INSERT INTO "ServiceDelivery__c" VALUES(201,'Jordan Waller 2020-05-12: Grade 1-8 Reading Tutoring','False','2020-05-11','3.0','','4','','144','81','','');
INSERT INTO "ServiceDelivery__c" VALUES(202,'Marco Escobar 2020-05-19: Grade 1-8 Reading Tutoring','False','2020-05-18','3.0','','4','','163','12','','');
INSERT INTO "ServiceDelivery__c" VALUES(203,'Marco Escobar 2020-06-09: Grade 1-8 Reading Tutoring','False','2020-06-08','3.0','','4','','163','12','','');
INSERT INTO "ServiceDelivery__c" VALUES(204,'Marco Escobar 2020-07-21: Grade 1-8 Reading Tutoring','False','2020-07-20','3.0','','4','','163','12','','');
INSERT INTO "ServiceDelivery__c" VALUES(205,'Marco Escobar 2020-04-14: Grade 1-8 Reading Tutoring','False','2020-04-13','3.0','','4','','163','12','','');
INSERT INTO "ServiceDelivery__c" VALUES(206,'Marco Escobar 2020-04-28: Grade 1-8 Reading Tutoring','False','2020-04-27','3.0','','4','','163','12','','');
INSERT INTO "ServiceDelivery__c" VALUES(207,'Marco Escobar 2020-07-14: Grade 1-8 Reading Tutoring','False','2020-07-13','3.0','','4','','163','12','','');
INSERT INTO "ServiceDelivery__c" VALUES(208,'Marco Escobar 2020-08-11: Grade 1-8 Reading Tutoring','False','2020-08-10','3.0','','4','','163','12','','');
INSERT INTO "ServiceDelivery__c" VALUES(209,'Marco Escobar 2020-06-16: Grade 1-8 Reading Tutoring','False','2020-06-15','3.0','','4','','163','12','','');
INSERT INTO "ServiceDelivery__c" VALUES(210,'Marco Escobar 2020-06-30: Grade 1-8 Reading Tutoring','False','2020-06-29','3.0','','4','','163','12','','');
INSERT INTO "ServiceDelivery__c" VALUES(211,'Marco Escobar 2020-06-02: Grade 1-8 Reading Tutoring','False','2020-06-01','3.0','','4','','163','12','','');
INSERT INTO "ServiceDelivery__c" VALUES(212,'Turner Carson 2020-07-31: 12 Step Recovery Program','False','2020-07-30','1.0','','13','','132','75','','');
INSERT INTO "ServiceDelivery__c" VALUES(213,'Turner Carson 2020-07-18: 12 Step Recovery Program','False','2020-07-17','1.0','','13','','132','75','','');
INSERT INTO "ServiceDelivery__c" VALUES(214,'Turner Carson 2020-08-08: 12 Step Recovery Program','False','2020-08-07','1.0','','13','','132','75','','');
INSERT INTO "ServiceDelivery__c" VALUES(215,'Robin Brooks 2020-05-16: 12 Step Recovery Program','False','2020-05-15','1.0','','13','','135','77','','');
INSERT INTO "ServiceDelivery__c" VALUES(216,'Robin Brooks 2020-07-31: 12 Step Recovery Program','False','2020-07-30','1.0','','13','','135','77','','');
INSERT INTO "ServiceDelivery__c" VALUES(217,'Robin Brooks 2020-07-18: 12 Step Recovery Program','False','2020-07-17','1.0','','13','','135','77','','');
INSERT INTO "ServiceDelivery__c" VALUES(218,'Robin Brooks 2020-04-25: 12 Step Recovery Program','False','2020-04-24','1.0','','13','','135','77','','');
INSERT INTO "ServiceDelivery__c" VALUES(219,'Robin Brooks 2020-04-04: 12 Step Recovery Program','False','2020-04-03','1.0','','13','','135','77','','');
INSERT INTO "ServiceDelivery__c" VALUES(220,'Robin Brooks 2020-04-11: 12 Step Recovery Program','False','2020-04-10','1.0','','13','','135','77','','');
INSERT INTO "ServiceDelivery__c" VALUES(221,'Robin Brooks 2020-08-08: 12 Step Recovery Program','False','2020-08-07','1.0','','13','','135','77','','');
INSERT INTO "ServiceDelivery__c" VALUES(222,'Robin Brooks 2020-05-30: 12 Step Recovery Program','False','2020-05-29','1.0','','13','','135','77','','');
INSERT INTO "ServiceDelivery__c" VALUES(223,'Robin Brooks 2020-04-18: 12 Step Recovery Program','False','2020-04-17','1.0','','13','','135','77','','');
INSERT INTO "ServiceDelivery__c" VALUES(224,'Abraham Sims 2021-03-29: Middle School STEM Classroom Hours','False','2021-03-28','2.0','Present','10','','167','14','','58');
INSERT INTO "ServiceDelivery__c" VALUES(225,'Alia Duarte 2021-03-29: Middle School STEM Classroom Hours','False','2021-03-28','2.0','Present','10','','90','66','','58');
INSERT INTO "ServiceDelivery__c" VALUES(226,'Ayanna Gonzalez 2021-03-29: Middle School STEM Classroom Hours','False','2021-03-28','2.0','Present','10','','70','52','','58');
INSERT INTO "ServiceDelivery__c" VALUES(227,'Naima Crawford 2021-03-29: Middle School STEM Classroom Hours','False','2021-03-28','2.0','Present','10','','36','33','','58');
INSERT INTO "ServiceDelivery__c" VALUES(228,'Taniyah Rios 2021-03-29: Middle School STEM Classroom Hours','False','2021-03-28','2.0','Present','10','','89','58','','58');
INSERT INTO "ServiceDelivery__c" VALUES(229,'Abraham Sims 2021-06-02: Middle School STEM Classroom Hours','False','2021-06-01','2.0','Present','10','','167','14','','12');
INSERT INTO "ServiceDelivery__c" VALUES(230,'Alia Duarte 2021-06-02: Middle School STEM Classroom Hours','False','2021-06-01','2.0','Present','10','','90','66','','12');
INSERT INTO "ServiceDelivery__c" VALUES(231,'Ayanna Gonzalez 2021-06-02: Middle School STEM Classroom Hours','False','2021-06-01','0.0','Excused Absence','10','','70','52','','12');
INSERT INTO "ServiceDelivery__c" VALUES(232,'Naima Crawford 2021-06-02: Middle School STEM Classroom Hours','False','2021-06-01','0.0','Unexcused Absence','10','','36','33','','12');
INSERT INTO "ServiceDelivery__c" VALUES(233,'Taniyah Rios 2021-06-02: Middle School STEM Classroom Hours','False','2021-06-01','2.0','Present','10','','89','58','','12');
INSERT INTO "ServiceDelivery__c" VALUES(234,'Abraham Sims 2021-04-05: Middle School STEM Classroom Hours','False','2021-04-04','2.0','Present','10','','167','14','','60');
INSERT INTO "ServiceDelivery__c" VALUES(235,'Alia Duarte 2021-04-05: Middle School STEM Classroom Hours','False','2021-04-04','0.0','Unexcused Absence','10','','90','66','','60');
INSERT INTO "ServiceDelivery__c" VALUES(236,'Ayanna Gonzalez 2021-04-05: Middle School STEM Classroom Hours','False','2021-04-04','2.0','Present','10','','70','52','','60');
INSERT INTO "ServiceDelivery__c" VALUES(237,'Naima Crawford 2021-04-05: Middle School STEM Classroom Hours','False','2021-04-04','2.0','Present','10','','36','33','','60');
INSERT INTO "ServiceDelivery__c" VALUES(238,'Taniyah Rios 2021-04-05: Middle School STEM Classroom Hours','False','2021-04-04','2.0','Present','10','','89','58','','60');
INSERT INTO "ServiceDelivery__c" VALUES(239,'Abraham Sims 2021-04-07: Middle School STEM Classroom Hours','False','2021-04-06','2.0','Present','10','','167','14','','61');
INSERT INTO "ServiceDelivery__c" VALUES(240,'Alia Duarte 2021-04-07: Middle School STEM Classroom Hours','False','2021-04-06','2.0','Present','10','','90','66','','61');
INSERT INTO "ServiceDelivery__c" VALUES(241,'Ayanna Gonzalez 2021-04-07: Middle School STEM Classroom Hours','False','2021-04-06','2.0','Present','10','','70','52','','61');
INSERT INTO "ServiceDelivery__c" VALUES(242,'Naima Crawford 2021-04-07: Middle School STEM Classroom Hours','False','2021-04-06','0.0','Unexcused Absence','10','','36','33','','61');
INSERT INTO "ServiceDelivery__c" VALUES(243,'Taniyah Rios 2021-04-07: Middle School STEM Classroom Hours','False','2021-04-06','2.0','Present','10','','89','58','','61');
INSERT INTO "ServiceDelivery__c" VALUES(244,'Abraham Sims 2021-04-28: Middle School STEM Classroom Hours','False','2021-04-27','2.0','Present','10','','167','14','','67');
INSERT INTO "ServiceDelivery__c" VALUES(245,'Alia Duarte 2021-04-28: Middle School STEM Classroom Hours','False','2021-04-27','2.0','Present','10','','90','66','','67');
INSERT INTO "ServiceDelivery__c" VALUES(246,'Ayanna Gonzalez 2021-04-28: Middle School STEM Classroom Hours','False','2021-04-27','2.0','Present','10','','70','52','','67');
INSERT INTO "ServiceDelivery__c" VALUES(247,'Naima Crawford 2021-04-28: Middle School STEM Classroom Hours','False','2021-04-27','2.0','Present','10','','36','33','','67');
INSERT INTO "ServiceDelivery__c" VALUES(248,'Taniyah Rios 2021-04-28: Middle School STEM Classroom Hours','False','2021-04-27','2.0','Present','10','','89','58','','67');
INSERT INTO "ServiceDelivery__c" VALUES(249,'Abraham Sims 2021-05-26: Middle School STEM Classroom Hours','False','2021-05-25','2.0','Present','10','','167','14','','10');
INSERT INTO "ServiceDelivery__c" VALUES(250,'Alia Duarte 2021-05-26: Middle School STEM Classroom Hours','False','2021-05-25','2.0','Present','10','','90','66','','10');
INSERT INTO "ServiceDelivery__c" VALUES(251,'Ayanna Gonzalez 2021-05-26: Middle School STEM Classroom Hours','False','2021-05-25','2.0','Present','10','','70','52','','10');
INSERT INTO "ServiceDelivery__c" VALUES(252,'Naima Crawford 2021-05-26: Middle School STEM Classroom Hours','False','2021-05-25','0.0','Unexcused Absence','10','','36','33','','10');
INSERT INTO "ServiceDelivery__c" VALUES(253,'Taniyah Rios 2021-05-26: Middle School STEM Classroom Hours','False','2021-05-25','2.0','Present','10','','89','58','','10');
INSERT INTO "ServiceDelivery__c" VALUES(254,'Abraham Sims 2021-05-11: Middle School STEM Classroom Hours','False','2021-05-10','1.5','Present','10','','167','14','','52');
INSERT INTO "ServiceDelivery__c" VALUES(255,'Ayanna Gonzalez 2021-05-11: Middle School STEM Classroom Hours','False','2021-05-10','2.0','Present','10','','70','52','','52');
INSERT INTO "ServiceDelivery__c" VALUES(256,'Naima Crawford 2021-05-11: Middle School STEM Classroom Hours','False','2021-05-10','0.0','Excused Absence','10','','36','33','','52');
INSERT INTO "ServiceDelivery__c" VALUES(257,'Ayanna Gonzalez 2021-04-22: STEM Field Trips','False','2021-04-21','1.0','Present','9','','70','52','','2');
INSERT INTO "ServiceDelivery__c" VALUES(258,'Naima Crawford 2021-04-22: STEM Field Trips','False','2021-04-21','1.0','Present','9','','36','33','','2');
INSERT INTO "ServiceDelivery__c" VALUES(259,'Taniyah Rios 2021-04-22: STEM Field Trips','False','2021-04-21','1.0','Present','9','','89','58','','2');
INSERT INTO "ServiceDelivery__c" VALUES(260,'Ayanna Gonzalez 2021-05-13: STEM Field Trips','False','2021-05-12','1.0','Present','9','','70','52','','5');
INSERT INTO "ServiceDelivery__c" VALUES(261,'Naima Crawford 2021-05-13: STEM Field Trips','False','2021-05-12','0.0','Excused Absence','9','','36','33','','5');
INSERT INTO "ServiceDelivery__c" VALUES(262,'Taniyah Rios 2021-05-13: STEM Field Trips','False','2021-05-12','1.0','Present','9','','89','58','','5');
INSERT INTO "ServiceDelivery__c" VALUES(263,'Abraham Sims 2021-03-24: Middle School STEM Classroom Hours','False','2021-03-23','2.0','Present','10','','167','14','','57');
INSERT INTO "ServiceDelivery__c" VALUES(264,'Alia Duarte 2021-03-24: Middle School STEM Classroom Hours','False','2021-03-23','2.0','Present','10','','90','66','','57');
INSERT INTO "ServiceDelivery__c" VALUES(265,'Ayanna Gonzalez 2021-03-24: Middle School STEM Classroom Hours','False','2021-03-23','2.0','Present','10','','70','52','','57');
INSERT INTO "ServiceDelivery__c" VALUES(266,'Naima Crawford 2021-03-24: Middle School STEM Classroom Hours','False','2021-03-23','2.0','Present','10','','36','33','','57');
INSERT INTO "ServiceDelivery__c" VALUES(267,'Taniyah Rios 2021-03-24: Middle School STEM Classroom Hours','False','2021-03-23','2.0','Present','10','','89','58','','57');
INSERT INTO "ServiceDelivery__c" VALUES(268,'Abraham Sims 2021-04-21: Middle School STEM Classroom Hours','False','2021-04-20','2.0','Present','10','','167','14','','65');
INSERT INTO "ServiceDelivery__c" VALUES(269,'Alia Duarte 2021-04-21: Middle School STEM Classroom Hours','False','2021-04-20','2.0','Present','10','','90','66','','65');
INSERT INTO "ServiceDelivery__c" VALUES(270,'Ayanna Gonzalez 2021-04-21: Middle School STEM Classroom Hours','False','2021-04-20','2.0','Present','10','','70','52','','65');
INSERT INTO "ServiceDelivery__c" VALUES(271,'Naima Crawford 2021-04-21: Middle School STEM Classroom Hours','False','2021-04-20','2.0','Present','10','','36','33','','65');
INSERT INTO "ServiceDelivery__c" VALUES(272,'Taniyah Rios 2021-04-21: Middle School STEM Classroom Hours','False','2021-04-20','2.0','Present','10','','89','58','','65');
INSERT INTO "ServiceDelivery__c" VALUES(273,'Abraham Sims 2021-05-17: Middle School STEM Classroom Hours','False','2021-05-16','2.0','Present','10','','167','14','','7');
INSERT INTO "ServiceDelivery__c" VALUES(274,'Alia Duarte 2021-05-17: Middle School STEM Classroom Hours','False','2021-05-16','2.0','Present','10','','90','66','','7');
INSERT INTO "ServiceDelivery__c" VALUES(275,'Ayanna Gonzalez 2021-05-17: Middle School STEM Classroom Hours','False','2021-05-16','2.0','Present','10','','70','52','','7');
INSERT INTO "ServiceDelivery__c" VALUES(276,'Naima Crawford 2021-05-17: Middle School STEM Classroom Hours','False','2021-05-16','0.0','Unexcused Absence','10','','36','33','','7');
INSERT INTO "ServiceDelivery__c" VALUES(277,'Taniyah Rios 2021-05-17: Middle School STEM Classroom Hours','False','2021-05-16','2.0','Present','10','','89','58','','7');
INSERT INTO "ServiceDelivery__c" VALUES(278,'Abraham Sims 2021-04-20: STEM Field Trips','False','2021-04-19','1.0','Present','9','','167','14','','1');
INSERT INTO "ServiceDelivery__c" VALUES(279,'Alia Duarte 2021-04-20: STEM Field Trips','False','2021-04-19','1.0','Present','9','','90','66','','1');
INSERT INTO "ServiceDelivery__c" VALUES(280,'Jessica Woods 2021-04-20: STEM Field Trips','False','2021-04-19','1.0','Present','9','','47','37','','1');
INSERT INTO "ServiceDelivery__c" VALUES(281,'Semaj Wall 2020-06-16: Financial Literacy Classroom Hours','False','2020-06-15','2.0','','2','','179','23','','');
INSERT INTO "ServiceDelivery__c" VALUES(282,'Semaj Wall 2020-05-12: Financial Literacy Classroom Hours','False','2020-05-11','2.0','','2','','179','23','','');
INSERT INTO "ServiceDelivery__c" VALUES(283,'Semaj Wall 2020-08-11: Financial Literacy Classroom Hours','False','2020-08-10','2.0','','2','','179','23','','');
INSERT INTO "ServiceDelivery__c" VALUES(284,'Lucia Cain 2020-08-11: Financial Literacy Classroom Hours','False','2020-08-10','2.0','','2','','53','43','','');
INSERT INTO "ServiceDelivery__c" VALUES(285,'Lucia Cain 2020-07-07: Financial Literacy Classroom Hours','False','2020-07-06','2.0','','2','','53','43','','');
INSERT INTO "ServiceDelivery__c" VALUES(286,'Lucia Cain 2020-07-14: Financial Literacy Classroom Hours','False','2020-07-13','2.0','','2','','53','43','','');
INSERT INTO "ServiceDelivery__c" VALUES(287,'Lucia Cain 2020-07-21: Financial Literacy Classroom Hours','False','2020-07-20','2.0','','2','','53','43','','');
INSERT INTO "ServiceDelivery__c" VALUES(288,'Alice Irwin 2020-07-21: Financial Literacy Classroom Hours','False','2020-07-20','2.0','','2','','56','44','','');
INSERT INTO "ServiceDelivery__c" VALUES(289,'Alice Irwin 2020-07-07: Financial Literacy Classroom Hours','False','2020-07-06','2.0','','2','','56','44','','');
INSERT INTO "ServiceDelivery__c" VALUES(290,'Alice Irwin 2020-07-14: Financial Literacy Classroom Hours','False','2020-07-13','2.0','','2','','56','44','','');
INSERT INTO "ServiceDelivery__c" VALUES(291,'Alice Irwin 2020-08-11: Financial Literacy Classroom Hours','False','2020-08-10','2.0','','2','','56','44','','');
INSERT INTO "ServiceDelivery__c" VALUES(292,'Abraham Sims 2021-05-05: Middle School STEM Classroom Hours','False','2021-05-04','2.0','Present','10','','167','14','','69');
INSERT INTO "ServiceDelivery__c" VALUES(293,'Alia Duarte 2021-05-05: Middle School STEM Classroom Hours','False','2021-05-04','2.0','Present','10','','90','66','','69');
INSERT INTO "ServiceDelivery__c" VALUES(294,'Ayanna Gonzalez 2021-05-05: Middle School STEM Classroom Hours','False','2021-05-04','2.0','Present','10','','70','52','','69');
INSERT INTO "ServiceDelivery__c" VALUES(295,'Naima Crawford 2021-05-05: Middle School STEM Classroom Hours','False','2021-05-04','0.0','Unexcused Absence','10','','36','33','','69');
INSERT INTO "ServiceDelivery__c" VALUES(296,'Abraham Sims 2021-05-24: Middle School STEM Classroom Hours','False','2021-05-23','2.0','Present','10','','167','14','','9');
INSERT INTO "ServiceDelivery__c" VALUES(297,'Alia Duarte 2021-05-24: Middle School STEM Classroom Hours','False','2021-05-23','2.0','Present','10','','90','66','','9');
INSERT INTO "ServiceDelivery__c" VALUES(298,'Ayanna Gonzalez 2021-05-24: Middle School STEM Classroom Hours','False','2021-05-23','2.0','Present','10','','70','52','','9');
INSERT INTO "ServiceDelivery__c" VALUES(299,'Naima Crawford 2021-05-24: Middle School STEM Classroom Hours','False','2021-05-23','0.0','Unexcused Absence','10','','36','33','','9');
INSERT INTO "ServiceDelivery__c" VALUES(300,'Taniyah Rios 2021-05-24: Middle School STEM Classroom Hours','False','2021-05-23','2.0','Present','10','','89','58','','9');
INSERT INTO "ServiceDelivery__c" VALUES(301,'Ayanna Gonzalez 2021-05-06: STEM Field Trips','False','2021-05-05','1.0','Present','9','','70','52','','4');
INSERT INTO "ServiceDelivery__c" VALUES(302,'Naima Crawford 2021-05-06: STEM Field Trips','False','2021-05-05','1.0','Present','9','','36','33','','4');
INSERT INTO "ServiceDelivery__c" VALUES(303,'Taniyah Rios 2021-05-06: STEM Field Trips','False','2021-05-05','1.0','Present','9','','89','58','','4');
INSERT INTO "ServiceDelivery__c" VALUES(304,'Taniyah Rios 2021-05-05: Middle School STEM Classroom Hours','False','2021-05-04','2.0','Present','10','','89','58','','69');
INSERT INTO "ServiceDelivery__c" VALUES(305,'Ayanna Gonzalez 2020-06-26: STEM Field Trips','False','2020-06-25','1.0','','9','','70','52','','');
INSERT INTO "ServiceDelivery__c" VALUES(306,'Taniyah Rios 2020-06-26: STEM Field Trips','False','2020-06-25','1.0','','9','','89','58','','');
INSERT INTO "ServiceDelivery__c" VALUES(307,'Alia Duarte 2020-06-26: STEM Field Trips','False','2020-06-25','1.0','','9','','90','66','','');
INSERT INTO "ServiceDelivery__c" VALUES(308,'Casey Kline 2020-06-26: STEM Field Trips','False','2020-06-25','1.0','','9','','98','64','','');
INSERT INTO "ServiceDelivery__c" VALUES(309,'Diego Case 2020-04-19: Middle School STEM Classroom Hours','False','2020-04-18','2.0','','10','','114','69','','');
INSERT INTO "ServiceDelivery__c" VALUES(310,'Diego Case 2020-04-26: Middle School STEM Classroom Hours','False','2020-04-25','2.0','','10','','114','69','','');
INSERT INTO "ServiceDelivery__c" VALUES(311,'Diego Case 2020-05-10: Middle School STEM Classroom Hours','False','2020-05-09','2.0','','10','','114','69','','');
INSERT INTO "ServiceDelivery__c" VALUES(312,'Diego Case 2020-07-12: Middle School STEM Classroom Hours','False','2020-07-11','2.0','','10','','114','69','','');
INSERT INTO "ServiceDelivery__c" VALUES(313,'Diego Case 2020-07-19: Middle School STEM Classroom Hours','False','2020-07-18','2.0','','10','','114','69','','');
INSERT INTO "ServiceDelivery__c" VALUES(314,'Diego Case 2020-06-07: Middle School STEM Classroom Hours','False','2020-06-06','2.0','','10','','114','69','','');
INSERT INTO "ServiceDelivery__c" VALUES(315,'Diego Case 2020-06-14: Middle School STEM Classroom Hours','False','2020-06-13','2.0','','10','','114','69','','');
INSERT INTO "ServiceDelivery__c" VALUES(316,'Diego Case 2020-06-21: Middle School STEM Classroom Hours','False','2020-06-20','2.0','','10','','114','69','','');
INSERT INTO "ServiceDelivery__c" VALUES(317,'Diego Case 2020-07-05: Middle School STEM Classroom Hours','False','2020-07-04','2.0','','10','','114','69','','');
INSERT INTO "ServiceDelivery__c" VALUES(318,'Diego Case 2020-05-03: Middle School STEM Classroom Hours','False','2020-05-02','2.0','','10','','114','69','','');
INSERT INTO "ServiceDelivery__c" VALUES(319,'Diego Case 2020-08-09: Middle School STEM Classroom Hours','False','2020-08-08','2.0','','10','','114','69','','');
INSERT INTO "ServiceDelivery__c" VALUES(320,'Diego Case 2020-04-12: Middle School STEM Classroom Hours','False','2020-04-11','2.0','','10','','114','69','','');
INSERT INTO "ServiceDelivery__c" VALUES(321,'Diego Case 2020-05-17: Middle School STEM Classroom Hours','False','2020-05-16','2.0','','10','','114','69','','');
INSERT INTO "ServiceDelivery__c" VALUES(322,'Diego Case 2020-05-24: Middle School STEM Classroom Hours','False','2020-05-23','2.0','','10','','114','69','','');
INSERT INTO "ServiceDelivery__c" VALUES(323,'Diego Case 2020-05-31: Middle School STEM Classroom Hours','False','2020-05-30','2.0','','10','','114','69','','');
INSERT INTO "ServiceDelivery__c" VALUES(324,'Yuliana Bird 2020-07-19: Middle School STEM Classroom Hours','False','2020-07-18','2.0','','10','','156','6','','');
INSERT INTO "ServiceDelivery__c" VALUES(325,'Yuliana Bird 2020-06-14: Middle School STEM Classroom Hours','False','2020-06-13','2.0','','10','','156','6','','');
INSERT INTO "ServiceDelivery__c" VALUES(326,'Yuliana Bird 2020-06-21: Middle School STEM Classroom Hours','False','2020-06-20','2.0','','10','','156','6','','');
INSERT INTO "ServiceDelivery__c" VALUES(327,'Yuliana Bird 2020-05-31: Middle School STEM Classroom Hours','False','2020-05-30','2.0','','10','','156','6','','');
INSERT INTO "ServiceDelivery__c" VALUES(328,'Abraham Sims 2021-03-31: Middle School STEM Classroom Hours','False','2021-03-30','2.0','Present','10','','167','14','','59');
INSERT INTO "ServiceDelivery__c" VALUES(329,'Alia Duarte 2021-03-31: Middle School STEM Classroom Hours','False','2021-03-30','2.0','Present','10','','90','66','','59');
INSERT INTO "ServiceDelivery__c" VALUES(330,'Ayanna Gonzalez 2021-03-31: Middle School STEM Classroom Hours','False','2021-03-30','2.0','Present','10','','70','52','','59');
INSERT INTO "ServiceDelivery__c" VALUES(331,'Naima Crawford 2021-03-31: Middle School STEM Classroom Hours','False','2021-03-30','0.0','Excused Absence','10','','36','33','','59');
INSERT INTO "ServiceDelivery__c" VALUES(332,'Taniyah Rios 2021-03-31: Middle School STEM Classroom Hours','False','2021-03-30','2.0','Present','10','','89','58','','59');
INSERT INTO "ServiceDelivery__c" VALUES(333,'Abraham Sims 2021-04-12: Middle School STEM Classroom Hours','False','2021-04-11','2.0','Present','10','','167','14','','62');
INSERT INTO "ServiceDelivery__c" VALUES(334,'Alia Duarte 2021-04-12: Middle School STEM Classroom Hours','False','2021-04-11','2.0','Present','10','','90','66','','62');
INSERT INTO "ServiceDelivery__c" VALUES(335,'Ayanna Gonzalez 2021-04-12: Middle School STEM Classroom Hours','False','2021-04-11','2.0','Present','10','','70','52','','62');
INSERT INTO "ServiceDelivery__c" VALUES(336,'Naima Crawford 2021-04-12: Middle School STEM Classroom Hours','False','2021-04-11','2.0','Present','10','','36','33','','62');
INSERT INTO "ServiceDelivery__c" VALUES(337,'Taniyah Rios 2021-04-12: Middle School STEM Classroom Hours','False','2021-04-11','2.0','Present','10','','89','58','','62');
INSERT INTO "ServiceDelivery__c" VALUES(338,'Abraham Sims 2021-05-03: Middle School STEM Classroom Hours','False','2021-05-02','2.0','Present','10','','167','14','','68');
INSERT INTO "ServiceDelivery__c" VALUES(339,'Alia Duarte 2021-05-03: Middle School STEM Classroom Hours','False','2021-05-02','2.0','Present','10','','90','66','','68');
INSERT INTO "ServiceDelivery__c" VALUES(340,'Ayanna Gonzalez 2021-05-03: Middle School STEM Classroom Hours','False','2021-05-02','2.0','Present','10','','70','52','','68');
INSERT INTO "ServiceDelivery__c" VALUES(341,'Naima Crawford 2021-05-03: Middle School STEM Classroom Hours','False','2021-05-02','0.0','Unexcused Absence','10','','36','33','','68');
INSERT INTO "ServiceDelivery__c" VALUES(342,'Taniyah Rios 2021-05-03: Middle School STEM Classroom Hours','False','2021-05-02','2.0','Present','10','','89','58','','68');
INSERT INTO "ServiceDelivery__c" VALUES(343,'Sonia Gentry 2020-07-03: Subsidized Lunch','False','2020-07-02','','','14','','147','85','','');
INSERT INTO "ServiceDelivery__c" VALUES(344,'Abraham Sims 2020-08-08: Subsidized Lunch','False','2020-08-07','','','14','','167','15','','');
INSERT INTO "ServiceDelivery__c" VALUES(345,'Abraham Sims 2020-08-11: Subsidized Lunch','False','2020-08-10','','','14','','167','15','','');
INSERT INTO "ServiceDelivery__c" VALUES(346,'Abraham Sims 2020-08-07: Subsidized Lunch','False','2020-08-06','','','14','','167','15','','');
INSERT INTO "ServiceDelivery__c" VALUES(347,'Abraham Sims 2020-08-10: Subsidized Lunch','False','2020-08-09','','','14','','167','15','','');
INSERT INTO "ServiceDelivery__c" VALUES(348,'Abraham Sims 2020-08-14: Subsidized Lunch','False','2020-08-13','','','14','','167','15','','');
INSERT INTO "ServiceDelivery__c" VALUES(349,'Abraham Sims 2020-08-09: Subsidized Lunch','False','2020-08-08','','','14','','167','15','','');
INSERT INTO "ServiceDelivery__c" VALUES(350,'Naima Crawford 2020-07-04: Subsidized Lunch','False','2020-07-03','1.0','','14','','36','34','','');
INSERT INTO "ServiceDelivery__c" VALUES(351,'Naima Crawford 2020-07-03: Subsidized Lunch','False','2020-07-02','1.0','','14','','36','34','','');
INSERT INTO "ServiceDelivery__c" VALUES(352,'Naima Crawford 2020-07-05: Subsidized Lunch','False','2020-07-04','1.0','','14','','36','34','','');
INSERT INTO "ServiceDelivery__c" VALUES(353,'Naima Crawford 2020-07-07: Subsidized Lunch','False','2020-07-06','1.0','','14','','36','34','','');
INSERT INTO "ServiceDelivery__c" VALUES(354,'Naima Crawford 2020-07-13: Subsidized Lunch','False','2020-07-12','1.0','','14','','36','34','','');
INSERT INTO "ServiceDelivery__c" VALUES(355,'Naima Crawford 2020-07-11: Subsidized Lunch','False','2020-07-10','1.0','','14','','36','34','','');
INSERT INTO "ServiceDelivery__c" VALUES(356,'Naima Crawford 2020-07-12: Subsidized Lunch','False','2020-07-11','1.0','','14','','36','34','','');
INSERT INTO "ServiceDelivery__c" VALUES(357,'Naima Crawford 2020-07-06: Subsidized Lunch','False','2020-07-05','1.0','','14','','36','34','','');
INSERT INTO "ServiceDelivery__c" VALUES(358,'Naima Crawford 2020-07-10: Subsidized Lunch','False','2020-07-09','1.0','','14','','36','34','','');
INSERT INTO "ServiceDelivery__c" VALUES(359,'Fabian Hughes 2020-04-17: Subsidized Lunch','False','2020-04-16','1.0','','14','','57','47','','');
INSERT INTO "ServiceDelivery__c" VALUES(360,'Fabian Hughes 2020-04-19: Subsidized Lunch','False','2020-04-18','1.0','','14','','57','47','','');
INSERT INTO "ServiceDelivery__c" VALUES(361,'Fabian Hughes 2020-04-20: Subsidized Lunch','False','2020-04-19','1.0','','14','','57','47','','');
INSERT INTO "ServiceDelivery__c" VALUES(362,'Fabian Hughes 2020-04-11: Subsidized Lunch','False','2020-04-10','1.0','','14','','57','47','','');
INSERT INTO "ServiceDelivery__c" VALUES(363,'Fabian Hughes 2020-04-10: Subsidized Lunch','False','2020-04-09','1.0','','14','','57','47','','');
INSERT INTO "ServiceDelivery__c" VALUES(364,'Fabian Hughes 2020-04-12: Subsidized Lunch','False','2020-04-11','1.0','','14','','57','47','','');
INSERT INTO "ServiceDelivery__c" VALUES(365,'Fabian Hughes 2020-04-18: Subsidized Lunch','False','2020-04-17','1.0','','14','','57','47','','');
INSERT INTO "ServiceDelivery__c" VALUES(366,'Fabian Hughes 2020-04-21: Subsidized Lunch','False','2020-04-20','1.0','','14','','57','47','','');
INSERT INTO "ServiceDelivery__c" VALUES(367,'Fabian Hughes 2020-04-24: Subsidized Lunch','False','2020-04-23','1.0','','14','','57','47','','');
INSERT INTO "ServiceDelivery__c" VALUES(368,'Fabian Hughes 2020-04-13: Subsidized Lunch','False','2020-04-12','1.0','','14','','57','47','','');
INSERT INTO "ServiceDelivery__c" VALUES(369,'Fabian Hughes 2020-04-14: Subsidized Lunch','False','2020-04-13','1.0','','14','','57','47','','');
INSERT INTO "ServiceDelivery__c" VALUES(370,'Tom Higgins 2020-06-02: Subsidized Lunch','False','2020-06-01','1.0','','14','','9','61','','');
INSERT INTO "ServiceDelivery__c" VALUES(371,'Abraham Sims 2021-04-19: Middle School STEM Classroom Hours','False','2021-04-18','2.0','Present','10','','167','14','','64');
INSERT INTO "ServiceDelivery__c" VALUES(372,'Alia Duarte 2021-04-19: Middle School STEM Classroom Hours','False','2021-04-18','2.0','Present','10','','90','66','','64');
INSERT INTO "ServiceDelivery__c" VALUES(373,'Ayanna Gonzalez 2021-04-19: Middle School STEM Classroom Hours','False','2021-04-18','2.0','Present','10','','70','52','','64');
INSERT INTO "ServiceDelivery__c" VALUES(374,'Naima Crawford 2021-04-19: Middle School STEM Classroom Hours','False','2021-04-18','2.0','Present','10','','36','33','','64');
INSERT INTO "ServiceDelivery__c" VALUES(375,'Taniyah Rios 2021-04-19: Middle School STEM Classroom Hours','False','2021-04-18','2.0','Present','10','','89','58','','64');
INSERT INTO "ServiceDelivery__c" VALUES(376,'Abraham Sims 2021-05-12: Middle School STEM Classroom Hours','False','2021-05-11','2.0','Present','10','','167','14','','6');
INSERT INTO "ServiceDelivery__c" VALUES(377,'Alia Duarte 2021-05-12: Middle School STEM Classroom Hours','False','2021-05-11','2.0','Present','10','','90','66','','6');
INSERT INTO "ServiceDelivery__c" VALUES(378,'Ayanna Gonzalez 2021-05-12: Middle School STEM Classroom Hours','False','2021-05-11','2.0','Present','10','','70','52','','6');
INSERT INTO "ServiceDelivery__c" VALUES(379,'Naima Crawford 2021-05-12: Middle School STEM Classroom Hours','False','2021-05-11','0.0','Unexcused Absence','10','','36','33','','6');
INSERT INTO "ServiceDelivery__c" VALUES(380,'Taniyah Rios 2021-05-12: Middle School STEM Classroom Hours','False','2021-05-11','2.0','Present','10','','89','58','','6');
INSERT INTO "ServiceDelivery__c" VALUES(381,'Tom Higgins 2020-05-04: Subsidized Lunch','False','2020-05-03','1.0','','14','','9','61','','');
INSERT INTO "ServiceDelivery__c" VALUES(382,'Tom Higgins 2020-06-15: Subsidized Lunch','False','2020-06-14','1.0','','14','','9','61','','');
INSERT INTO "ServiceDelivery__c" VALUES(383,'Tom Higgins 2020-05-05: Subsidized Lunch','False','2020-05-04','1.0','','14','','9','61','','');
INSERT INTO "ServiceDelivery__c" VALUES(384,'Tom Higgins 2020-05-08: Subsidized Lunch','False','2020-05-07','1.0','','14','','9','61','','');
INSERT INTO "ServiceDelivery__c" VALUES(385,'Tom Higgins 2020-05-15: Subsidized Lunch','False','2020-05-14','1.0','','14','','9','61','','');
INSERT INTO "ServiceDelivery__c" VALUES(386,'Tom Higgins 2020-06-07: Subsidized Lunch','False','2020-06-06','1.0','','14','','9','61','','');
INSERT INTO "ServiceDelivery__c" VALUES(387,'Tom Higgins 2020-06-12: Subsidized Lunch','False','2020-06-11','1.0','','14','','9','61','','');
INSERT INTO "ServiceDelivery__c" VALUES(388,'Tom Higgins 2020-05-10: Subsidized Lunch','False','2020-05-09','1.0','','14','','9','61','','');
INSERT INTO "ServiceDelivery__c" VALUES(389,'Tom Higgins 2020-06-14: Subsidized Lunch','False','2020-06-13','1.0','','14','','9','61','','');
INSERT INTO "ServiceDelivery__c" VALUES(390,'Tom Higgins 2020-06-09: Subsidized Lunch','False','2020-06-08','1.0','','14','','9','61','','');
INSERT INTO "ServiceDelivery__c" VALUES(391,'Tom Higgins 2020-05-09: Subsidized Lunch','False','2020-05-08','1.0','','14','','9','61','','');
INSERT INTO "ServiceDelivery__c" VALUES(392,'Tom Higgins 2020-05-11: Subsidized Lunch','False','2020-05-10','1.0','','14','','9','61','','');
INSERT INTO "ServiceDelivery__c" VALUES(393,'Tom Higgins 2020-05-12: Subsidized Lunch','False','2020-05-11','1.0','','14','','9','61','','');
INSERT INTO "ServiceDelivery__c" VALUES(394,'Tom Higgins 2020-06-13: Subsidized Lunch','False','2020-06-12','1.0','','14','','9','61','','');
INSERT INTO "ServiceDelivery__c" VALUES(395,'Tom Higgins 2020-06-08: Subsidized Lunch','False','2020-06-07','1.0','','14','','9','61','','');
INSERT INTO "ServiceDelivery__c" VALUES(396,'Tom Higgins 2020-05-03: Subsidized Lunch','False','2020-05-02','1.0','','14','','9','61','','');
INSERT INTO "ServiceDelivery__c" VALUES(397,'Tom Higgins 2020-06-07: Subsidized Lunch','False','2020-06-06','1.0','','14','','9','61','','');
INSERT INTO "ServiceDelivery__c" VALUES(398,'Tom Higgins 2020-05-02: Subsidized Lunch','False','2020-05-01','1.0','','14','','9','61','','');
INSERT INTO "ServiceDelivery__c" VALUES(399,'Tom Higgins 2020-06-06: Subsidized Lunch','False','2020-06-05','1.0','','14','','9','61','','');
INSERT INTO "ServiceDelivery__c" VALUES(400,'Tom Higgins 2020-06-05: Subsidized Lunch','False','2020-06-04','1.0','','14','','9','61','','');
INSERT INTO "ServiceDelivery__c" VALUES(401,'Robin Brooks 2020-05-08: Financial Advisor Sessions','False','2020-05-07','0.5','','6','','135','76','','');
INSERT INTO "ServiceDelivery__c" VALUES(402,'Robin Brooks 2020-06-05: Financial Advisor Sessions','False','2020-06-04','0.5','','6','','135','76','','');
INSERT INTO "ServiceDelivery__c" VALUES(403,'Robin Brooks 2020-04-10: Financial Advisor Sessions','False','2020-04-09','0.5','','6','','135','76','','');
INSERT INTO "ServiceDelivery__c" VALUES(404,'Arlene Baker 2020-04-06: Financial Advisor Sessions','False','2020-04-05','0.5','','6','','23','28','','');
INSERT INTO "ServiceDelivery__c" VALUES(405,'Arlene Baker 2020-07-05: Financial Advisor Sessions','False','2020-07-04','0.5','','6','','23','28','','');
INSERT INTO "ServiceDelivery__c" VALUES(406,'Arlene Baker 2020-05-08: Financial Advisor Sessions','False','2020-05-07','0.5','','6','','23','28','','');
INSERT INTO "ServiceDelivery__c" VALUES(407,'Arlene Baker 2020-06-06: Financial Advisor Sessions','False','2020-06-05','0.5','','6','','23','28','','');
INSERT INTO "ServiceDelivery__c" VALUES(408,'Arlene Baker 2020-08-07: Financial Advisor Sessions','False','2020-08-06','0.5','','6','','23','28','','');
INSERT INTO "ServiceDelivery__c" VALUES(409,'Gary Wood 2020-06-05: Financial Advisor Sessions','False','2020-06-04','0.5','','6','','41','36','','');
INSERT INTO "ServiceDelivery__c" VALUES(410,'Gary Wood - Financial Advisor Sessions','True','2020-08-02','0.5','','6','','41','36','','');
INSERT INTO "ServiceDelivery__c" VALUES(411,'Gary Wood - Financial Advisor Sessions','True','2020-07-03','0.5','','6','','41','36','','');
INSERT INTO "ServiceDelivery__c" VALUES(412,'Gary Wood - Financial Advisor Sessions','True','2020-08-02','0.5','','6','','41','36','','');
INSERT INTO "ServiceDelivery__c" VALUES(413,'Gary Wood 2020-05-03: Financial Advisor Sessions','False','2020-05-02','0.5','','6','','41','36','','');
INSERT INTO "ServiceDelivery__c" VALUES(414,'Robin Brooks 2020-05-29: Job Readiness Coaching','False','2020-05-28','0.75','','7','','135','76','','');
INSERT INTO "ServiceDelivery__c" VALUES(415,'Robin Brooks 2020-04-28: Job Readiness Coaching','False','2020-04-27','0.75','','7','','135','76','','');
INSERT INTO "ServiceDelivery__c" VALUES(416,'Robin Brooks 2020-07-21: Job Readiness Coaching','False','2020-07-20','0.75','','7','','135','76','','');
INSERT INTO "ServiceDelivery__c" VALUES(417,'Arlene Baker 2020-05-31: Job Readiness Coaching','False','2020-05-30','0.75','','7','','23','28','','');
INSERT INTO "ServiceDelivery__c" VALUES(418,'Arlene Baker 2020-06-28: Job Readiness Coaching','False','2020-06-27','0.5','','7','','23','28','','');
INSERT INTO "ServiceDelivery__c" VALUES(419,'Arlene Baker 2020-06-30: Job Readiness Coaching','False','2020-06-29','0.75','','7','','23','28','','');
INSERT INTO "ServiceDelivery__c" VALUES(420,'Arlene Baker 2020-04-26: Job Readiness Coaching','False','2020-04-25','0.75','','7','','23','28','','');
INSERT INTO "ServiceDelivery__c" VALUES(421,'Adrianna Norman 2020-08-08: Job Readiness Coaching','False','2020-08-07','1.0','','7','','39','35','','');
INSERT INTO "ServiceDelivery__c" VALUES(422,'Gary Wood 2020-07-21: Job Readiness Coaching','False','2020-07-20','0.75','','7','','41','36','','');
INSERT INTO "ServiceDelivery__c" VALUES(423,'Gary Wood 2020-06-22: Job Readiness Coaching','False','2020-06-21','0.75','','7','','41','36','','');
INSERT INTO "ServiceDelivery__c" VALUES(424,'Gary Wood 2020-05-26: Job Readiness Coaching','False','2020-05-25','0.75','','7','','41','36','','');
INSERT INTO "ServiceDelivery__c" VALUES(425,'Jace Hampton 2020-08-08: After School Activities','False','2020-08-07','1.0','','8','','146','83','','');
INSERT INTO "ServiceDelivery__c" VALUES(426,'Sonia Gentry 2020-07-06: After School Activities','False','2020-07-05','1.0','','8','','147','84','','');
INSERT INTO "ServiceDelivery__c" VALUES(427,'Sonia Gentry 2020-07-20: After School Activities','False','2020-07-19','1.0','','8','','147','84','','');
INSERT INTO "ServiceDelivery__c" VALUES(428,'Sonia Gentry 2020-06-07: After School Activities','False','2020-06-06','1.0','','8','','147','84','','');
INSERT INTO "ServiceDelivery__c" VALUES(429,'Sonia Gentry 2020-05-24: After School Activities','False','2020-05-23','1.0','','8','','147','84','','');
INSERT INTO "ServiceDelivery__c" VALUES(430,'Sonia Gentry 2020-05-10: After School Activities','False','2020-05-09','1.0','','8','','147','84','','');
INSERT INTO "ServiceDelivery__c" VALUES(431,'Sonia Gentry 2020-06-21: After School Activities','False','2020-06-20','1.0','','8','','147','84','','');
INSERT INTO "ServiceDelivery__c" VALUES(432,'Sonia Gentry 2020-05-11: After School Activities','False','2020-05-10','1.0','','8','','147','84','','');
INSERT INTO "ServiceDelivery__c" VALUES(433,'Sonia Gentry 2020-06-01: After School Activities','False','2020-05-31','1.0','','8','','147','84','','');
INSERT INTO "ServiceDelivery__c" VALUES(434,'Sonia Gentry 2020-06-15: After School Activities','False','2020-06-14','1.0','','8','','147','84','','');
INSERT INTO "ServiceDelivery__c" VALUES(435,'Sonia Gentry 2020-05-25: After School Activities','False','2020-05-24','1.0','','8','','147','84','','');
INSERT INTO "ServiceDelivery__c" VALUES(436,'Sonia Gentry 2020-07-13: After School Activities','False','2020-07-12','1.0','','8','','147','84','','');
INSERT INTO "ServiceDelivery__c" VALUES(437,'Sonia Gentry 2020-07-19: After School Activities','False','2020-07-18','1.0','','8','','147','84','','');
INSERT INTO "ServiceDelivery__c" VALUES(438,'Sonia Gentry 2020-05-17: After School Activities','False','2020-05-16','1.0','','8','','147','84','','');
INSERT INTO "ServiceDelivery__c" VALUES(439,'Sonia Gentry 2020-06-14: After School Activities','False','2020-06-13','1.0','','8','','147','84','','');
INSERT INTO "ServiceDelivery__c" VALUES(440,'Sonia Gentry 2020-07-05: After School Activities','False','2020-07-04','1.0','','8','','147','84','','');
INSERT INTO "ServiceDelivery__c" VALUES(441,'Sonia Gentry 2020-06-22: After School Activities','False','2020-06-21','1.0','','8','','147','84','','');
INSERT INTO "ServiceDelivery__c" VALUES(442,'Sonia Gentry 2020-05-18: After School Activities','False','2020-05-17','1.0','','8','','147','84','','');
INSERT INTO "ServiceDelivery__c" VALUES(443,'Sonia Gentry 2020-05-31: After School Activities','False','2020-05-30','1.0','','8','','147','84','','');
INSERT INTO "ServiceDelivery__c" VALUES(444,'Sonia Gentry 2020-07-12: After School Activities','False','2020-07-11','1.0','','8','','147','84','','');
INSERT INTO "ServiceDelivery__c" VALUES(445,'Kellen Cooley 2020-07-18: After School Activities','False','2020-07-17','1.0','','8','','151','3','','');
INSERT INTO "ServiceDelivery__c" VALUES(446,'Kellen Cooley 2020-08-08: After School Activities','False','2020-08-07','1.0','','8','','151','3','','');
INSERT INTO "ServiceDelivery__c" VALUES(447,'Kellen Cooley 2020-07-11: After School Activities','False','2020-07-10','1.0','','8','','151','3','','');
INSERT INTO "ServiceDelivery__c" VALUES(448,'Kellen Cooley 2020-07-04: After School Activities','False','2020-07-03','1.0','','8','','151','3','','');
INSERT INTO "ServiceDelivery__c" VALUES(449,'Marco Escobar 2020-05-19: After School Activities','False','2020-05-18','1.0','','8','','163','13','','');
INSERT INTO "ServiceDelivery__c" VALUES(450,'Marco Escobar 2020-05-12: After School Activities','False','2020-05-11','1.0','','8','','163','13','','');
INSERT INTO "ServiceDelivery__c" VALUES(451,'Marco Escobar 2020-08-11: After School Activities','False','2020-08-10','1.0','','8','','163','13','','');
INSERT INTO "ServiceDelivery__c" VALUES(452,'Marco Escobar 2020-06-16: After School Activities','False','2020-06-15','1.0','','8','','163','13','','');
INSERT INTO "ServiceDelivery__c" VALUES(453,'Marco Escobar 2020-06-09: After School Activities','False','2020-06-08','1.0','','8','','163','13','','');
INSERT INTO "ServiceDelivery__c" VALUES(454,'Marco Escobar 2020-07-07: After School Activities','False','2020-07-06','1.0','','8','','163','13','','');
INSERT INTO "ServiceDelivery__c" VALUES(455,'Marco Escobar 2020-07-14: After School Activities','False','2020-07-13','1.0','','8','','163','13','','');
INSERT INTO "ServiceDelivery__c" VALUES(456,'Marco Escobar 2020-07-21: After School Activities','False','2020-07-20','1.0','','8','','163','13','','');
INSERT INTO "ServiceDelivery__c" VALUES(457,'Marco Escobar 2020-04-14: After School Activities','False','2020-04-13','1.0','','8','','163','13','','');
INSERT INTO "ServiceDelivery__c" VALUES(458,'Marco Escobar 2020-06-02: After School Activities','False','2020-06-01','1.0','','8','','163','13','','');
INSERT INTO "ServiceDelivery__c" VALUES(459,'Marco Escobar 2020-06-30: After School Activities','False','2020-06-29','1.0','','8','','163','13','','');
INSERT INTO "ServiceDelivery__c" VALUES(460,'Marco Escobar 2020-06-23: After School Activities','False','2020-06-22','1.0','','8','','163','13','','');
INSERT INTO "ServiceDelivery__c" VALUES(461,'Marco Escobar 2020-05-26: After School Activities','False','2020-05-25','1.0','','8','','163','13','','');
INSERT INTO "ServiceDelivery__c" VALUES(462,'Marco Escobar 2020-05-05: After School Activities','False','2020-05-04','1.0','','8','','163','13','','');
INSERT INTO "ServiceDelivery__c" VALUES(463,'Marco Escobar 2020-04-21: After School Activities','False','2020-04-20','1.0','','8','','163','13','','');
INSERT INTO "ServiceDelivery__c" VALUES(464,'Marco Escobar 2020-04-28: After School Activities','False','2020-04-27','1.0','','8','','163','13','','');
INSERT INTO "ServiceDelivery__c" VALUES(465,'Maya Johnson 2020-07-14: After School Activities','False','2020-07-13','2.0','','8','','27','40','','');
INSERT INTO "ServiceDelivery__c" VALUES(466,'Maya Johnson 2020-07-21: After School Activities','False','2020-07-20','2.0','','8','','27','40','','');
INSERT INTO "ServiceDelivery__c" VALUES(467,'Maya Johnson 2020-07-07: After School Activities','False','2020-07-06','2.0','','8','','27','40','','');
INSERT INTO "ServiceDelivery__c" VALUES(468,'Maya Johnson 2020-08-11: After School Activities','False','2020-08-10','2.0','','8','','27','40','','');
INSERT INTO "ServiceDelivery__c" VALUES(469,'Javon Rodgers 2020-08-08: After School Activities','False','2020-08-07','1.0','','8','','35','32','','');
INSERT INTO "ServiceDelivery__c" VALUES(470,'Javon Rodgers 2020-05-09: After School Activities','False','2020-05-08','1.0','','8','','35','32','','');
INSERT INTO "ServiceDelivery__c" VALUES(471,'Javon Rodgers 2020-06-27: After School Activities','False','2020-06-26','1.0','','8','','35','32','','');
INSERT INTO "ServiceDelivery__c" VALUES(472,'Javon Rodgers 2020-07-18: After School Activities','False','2020-07-17','1.0','','8','','35','32','','');
INSERT INTO "ServiceDelivery__c" VALUES(473,'Javon Rodgers 2020-07-04: After School Activities','False','2020-07-03','1.0','','8','','35','32','','');
INSERT INTO "ServiceDelivery__c" VALUES(474,'Javon Rodgers 2020-07-11: After School Activities','False','2020-07-10','1.0','','8','','35','32','','');
INSERT INTO "ServiceDelivery__c" VALUES(475,'Javon Rodgers 2020-05-16: After School Activities','False','2020-05-15','1.0','','8','','35','32','','');
INSERT INTO "ServiceDelivery__c" VALUES(476,'Javon Rodgers 2020-05-23: After School Activities','False','2020-05-22','1.0','','8','','35','32','','');
INSERT INTO "ServiceDelivery__c" VALUES(477,'Javon Rodgers 2020-05-02: After School Activities','False','2020-05-01','1.0','','8','','35','32','','');
INSERT INTO "ServiceDelivery__c" VALUES(478,'Javon Rodgers 2020-06-06: After School Activities','False','2020-06-05','1.0','','8','','35','32','','');
INSERT INTO "ServiceDelivery__c" VALUES(479,'Javon Rodgers 2020-06-13: After School Activities','False','2020-06-12','1.0','','8','','35','32','','');
INSERT INTO "ServiceDelivery__c" VALUES(480,'Javon Rodgers 2020-06-20: After School Activities','False','2020-06-19','1.0','','8','','35','32','','');
INSERT INTO "ServiceDelivery__c" VALUES(481,'Javon Rodgers 2020-05-30: After School Activities','False','2020-05-29','1.0','','8','','35','32','','');
INSERT INTO "ServiceDelivery__c" VALUES(482,'Emilie Costa 2020-08-11: After School Activities','False','2020-08-10','2.0','','8','','51','42','','');
INSERT INTO "ServiceDelivery__c" VALUES(483,'Fabian Hughes 2020-07-14: After School Activities','False','2020-07-13','2.0','','8','','57','46','','');
INSERT INTO "ServiceDelivery__c" VALUES(484,'Fabian Hughes 2020-04-14: After School Activities','False','2020-04-13','3.0','','8','','57','46','','');
INSERT INTO "ServiceDelivery__c" VALUES(485,'Fabian Hughes 2020-05-26: After School Activities','False','2020-05-25','3.0','','8','','57','46','','');
INSERT INTO "ServiceDelivery__c" VALUES(486,'Fabian Hughes 2020-06-23: After School Activities','False','2020-06-22','3.0','','8','','57','46','','');
INSERT INTO "ServiceDelivery__c" VALUES(487,'Fabian Hughes 2020-05-12: After School Activities','False','2020-05-11','3.0','','8','','57','46','','');
INSERT INTO "ServiceDelivery__c" VALUES(488,'Fabian Hughes 2020-08-11: After School Activities','False','2020-08-10','3.0','','8','','57','46','','');
INSERT INTO "ServiceDelivery__c" VALUES(489,'Fabian Hughes 2020-06-16: After School Activities','False','2020-06-15','3.0','','8','','57','46','','');
INSERT INTO "ServiceDelivery__c" VALUES(490,'Fabian Hughes 2020-04-28: After School Activities','False','2020-04-27','3.0','','8','','57','46','','');
INSERT INTO "ServiceDelivery__c" VALUES(491,'Fabian Hughes 2020-05-05: After School Activities','False','2020-05-04','1.0','','8','','57','46','','');
INSERT INTO "ServiceDelivery__c" VALUES(492,'Fabian Hughes 2020-06-02: After School Activities','False','2020-06-01','3.0','','8','','57','46','','');
INSERT INTO "ServiceDelivery__c" VALUES(493,'Fabian Hughes 2020-05-19: After School Activities','False','2020-05-18','3.0','','8','','57','46','','');
INSERT INTO "ServiceDelivery__c" VALUES(494,'Fabian Hughes 2020-07-21: After School Activities','False','2020-07-20','1.0','','8','','57','46','','');
INSERT INTO "ServiceDelivery__c" VALUES(495,'Fabian Hughes 2020-06-09: After School Activities','False','2020-06-08','3.0','','8','','57','46','','');
INSERT INTO "ServiceDelivery__c" VALUES(496,'Fabian Hughes 2020-04-21: After School Activities','False','2020-04-20','3.0','','8','','57','46','','');
INSERT INTO "ServiceDelivery__c" VALUES(497,'Fabian Hughes 2020-07-07: After School Activities','False','2020-07-06','3.0','','8','','57','46','','');
INSERT INTO "ServiceDelivery__c" VALUES(498,'Tom Higgins 2020-08-11: After School Activities','False','2020-08-10','4.0','','8','','9','60','','');
INSERT INTO "ServiceDelivery__c" VALUES(499,'Tom Higgins 2020-07-14: After School Activities','False','2020-07-13','4.0','','8','','9','60','','');
INSERT INTO "ServiceDelivery__c" VALUES(500,'Tom Higgins 2020-07-21: After School Activities','False','2020-07-20','4.0','','8','','9','60','','');
INSERT INTO "ServiceDelivery__c" VALUES(501,'Tom Higgins 2020-04-21: After School Activities','False','2020-04-20','4.0','','8','','9','60','','');
INSERT INTO "ServiceDelivery__c" VALUES(502,'Tom Higgins 2020-05-05: After School Activities','False','2020-05-04','4.0','','8','','9','60','','');
INSERT INTO "ServiceDelivery__c" VALUES(503,'Tom Higgins 2020-05-12: After School Activities','False','2020-05-11','4.0','','8','','9','60','','');
INSERT INTO "ServiceDelivery__c" VALUES(504,'Tom Higgins 2020-04-14: After School Activities','False','2020-04-13','4.0','','8','','9','60','','');
INSERT INTO "ServiceDelivery__c" VALUES(505,'Tom Higgins 2020-05-19: After School Activities','False','2020-05-18','2.0','','8','','9','60','','');
INSERT INTO "ServiceDelivery__c" VALUES(506,'Tom Higgins 2020-06-09: After School Activities','False','2020-06-08','4.0','','8','','9','60','','');
INSERT INTO "ServiceDelivery__c" VALUES(507,'Tom Higgins 2020-06-02: After School Activities','False','2020-06-01','4.0','','8','','9','60','','');
INSERT INTO "ServiceDelivery__c" VALUES(508,'Tom Higgins 2020-06-23: After School Activities','False','2020-06-22','4.0','','8','','9','60','','');
INSERT INTO "ServiceDelivery__c" VALUES(509,'Tom Higgins 2020-07-07: After School Activities','False','2020-07-06','4.0','','8','','9','60','','');
INSERT INTO "ServiceDelivery__c" VALUES(510,'Tom Higgins 2020-04-28: After School Activities','False','2020-04-27','4.0','','8','','9','60','','');
INSERT INTO "ServiceDelivery__c" VALUES(511,'Tom Higgins 2020-06-16: After School Activities','False','2020-06-15','4.0','','8','','9','60','','');
INSERT INTO "ServiceDelivery__c" VALUES(512,'Tom Higgins 2020-05-26: After School Activities','False','2020-05-25','4.0','','8','','9','60','','');
INSERT INTO "ServiceDelivery__c" VALUES(513,'Tom Higgins 2020-06-30: After School Activities','False','2020-06-29','4.0','','8','','9','60','','');
INSERT INTO "ServiceDelivery__c" VALUES(514,'Diego Case 2020-06-26: STEM Field Trips','False','2020-06-25','1.0','','9','','114','69','','');
INSERT INTO "ServiceDelivery__c" VALUES(515,'Yuliana Bird 2020-06-26: STEM Field Trips','False','2020-06-25','1.0','','9','','156','6','','');
INSERT INTO "ServiceDelivery__c" VALUES(516,'Abraham Sims 2020-06-26: STEM Field Trips','False','2020-06-25','1.0','','9','','167','14','','');
INSERT INTO "ServiceDelivery__c" VALUES(517,'Alana Owen 2020-06-26: STEM Field Trips','False','2020-06-25','1.0','','9','','33','30','','');
INSERT INTO "ServiceDelivery__c" VALUES(518,'Alana Owen 2020-06-26: STEM Field Trips','False','2020-06-25','','','9','','33','30','','');
INSERT INTO "ServiceDelivery__c" VALUES(519,'Naima Crawford 2020-06-26: STEM Field Trips','False','2020-06-25','1.0','','9','','36','33','','');
INSERT INTO "ServiceDelivery__c" VALUES(520,'Jessica Woods 2020-06-26: STEM Field Trips','False','2020-06-25','1.0','','9','','47','37','','');
INSERT INTO "ServiceDelivery__c" VALUES(521,'Taniyah Rios 2020-05-10: Middle School STEM Classroom Hours','False','2020-05-09','2.0','','10','','89','58','','');
INSERT INTO "ServiceDelivery__c" VALUES(522,'Taniyah Rios 2020-07-19: Middle School STEM Classroom Hours','False','2020-07-18','2.0','','10','','89','58','','');
INSERT INTO "ServiceDelivery__c" VALUES(523,'Taniyah Rios 2020-04-12: Middle School STEM Classroom Hours','False','2020-04-11','2.0','','10','','89','58','','');
INSERT INTO "ServiceDelivery__c" VALUES(524,'Taniyah Rios 2020-07-12: Middle School STEM Classroom Hours','False','2020-07-11','2.0','','10','','89','58','','');
INSERT INTO "ServiceDelivery__c" VALUES(525,'Taniyah Rios 2020-07-05: Middle School STEM Classroom Hours','False','2020-07-04','2.0','','10','','89','58','','');
INSERT INTO "ServiceDelivery__c" VALUES(526,'Alia Duarte 2020-05-24: Middle School STEM Classroom Hours','False','2020-05-23','2.0','','10','','90','66','','');
INSERT INTO "ServiceDelivery__c" VALUES(527,'Alia Duarte 2020-07-05: Middle School STEM Classroom Hours','False','2020-07-04','2.0','','10','','90','66','','');
INSERT INTO "ServiceDelivery__c" VALUES(528,'Alia Duarte 2020-07-12: Middle School STEM Classroom Hours','False','2020-07-11','2.0','','10','','90','66','','');
INSERT INTO "ServiceDelivery__c" VALUES(529,'Alia Duarte 2020-05-31: Middle School STEM Classroom Hours','False','2020-05-30','2.0','','10','','90','66','','');
INSERT INTO "ServiceDelivery__c" VALUES(530,'Alia Duarte 2020-04-19: Middle School STEM Classroom Hours','False','2020-04-18','2.0','','10','','90','66','','');
INSERT INTO "ServiceDelivery__c" VALUES(531,'Alia Duarte 2020-04-12: Middle School STEM Classroom Hours','False','2020-04-11','2.0','','10','','90','66','','');
INSERT INTO "ServiceDelivery__c" VALUES(532,'Alia Duarte 2020-05-03: Middle School STEM Classroom Hours','False','2020-05-02','2.0','','10','','90','66','','');
INSERT INTO "ServiceDelivery__c" VALUES(533,'Alia Duarte 2020-04-26: Middle School STEM Classroom Hours','False','2020-04-25','2.0','','10','','90','66','','');
INSERT INTO "ServiceDelivery__c" VALUES(534,'Alia Duarte 2020-06-07: Middle School STEM Classroom Hours','False','2020-06-06','2.0','','10','','90','66','','');
INSERT INTO "ServiceDelivery__c" VALUES(535,'Alia Duarte 2020-06-21: Middle School STEM Classroom Hours','False','2020-06-20','2.0','','10','','90','66','','');
INSERT INTO "ServiceDelivery__c" VALUES(536,'Alia Duarte 2020-07-19: Middle School STEM Classroom Hours','False','2020-07-18','2.0','','10','','90','66','','');
INSERT INTO "ServiceDelivery__c" VALUES(537,'Alia Duarte 2020-05-10: Middle School STEM Classroom Hours','False','2020-05-09','2.0','','10','','90','66','','');
INSERT INTO "ServiceDelivery__c" VALUES(538,'Alia Duarte 2020-06-14: Middle School STEM Classroom Hours','False','2020-06-13','2.0','','10','','90','66','','');
INSERT INTO "ServiceDelivery__c" VALUES(539,'Alia Duarte 2020-05-17: Middle School STEM Classroom Hours','False','2020-05-16','2.0','','10','','90','66','','');
INSERT INTO "ServiceDelivery__c" VALUES(540,'Alia Duarte 2020-08-09: Middle School STEM Classroom Hours','False','2020-08-08','2.0','','10','','90','66','','');
INSERT INTO "ServiceDelivery__c" VALUES(541,'Casey Kline 2020-05-10: Middle School STEM Classroom Hours','False','2020-05-09','2.0','','10','','98','64','','');
INSERT INTO "ServiceDelivery__c" VALUES(542,'Casey Kline 2020-08-09: Middle School STEM Classroom Hours','False','2020-08-08','2.0','','10','','98','64','','');
INSERT INTO "ServiceDelivery__c" VALUES(543,'Casey Kline 2020-07-12: Middle School STEM Classroom Hours','False','2020-07-11','2.0','','10','','98','64','','');
INSERT INTO "ServiceDelivery__c" VALUES(544,'Casey Kline 2020-04-12: Middle School STEM Classroom Hours','False','2020-04-11','2.0','','10','','98','64','','');
INSERT INTO "ServiceDelivery__c" VALUES(545,'Casey Kline 2020-06-14: Middle School STEM Classroom Hours','False','2020-06-13','2.0','','10','','98','64','','');
INSERT INTO "ServiceDelivery__c" VALUES(546,'Casey Kline 2020-07-05: Middle School STEM Classroom Hours','False','2020-07-04','2.0','','10','','98','64','','');
INSERT INTO "ServiceDelivery__c" VALUES(547,'Casey Kline 2020-04-19: Middle School STEM Classroom Hours','False','2020-04-18','2.0','','10','','98','64','','');
INSERT INTO "ServiceDelivery__c" VALUES(548,'Casey Kline 2020-04-26: Middle School STEM Classroom Hours','False','2020-04-25','2.0','','10','','98','64','','');
INSERT INTO "ServiceDelivery__c" VALUES(549,'Casey Kline 2020-06-21: Middle School STEM Classroom Hours','False','2020-06-20','2.0','','10','','98','64','','');
INSERT INTO "ServiceDelivery__c" VALUES(550,'Casey Kline 2020-06-07: Middle School STEM Classroom Hours','False','2020-06-06','2.0','','10','','98','64','','');
INSERT INTO "ServiceDelivery__c" VALUES(551,'Casey Kline 2020-05-17: Middle School STEM Classroom Hours','False','2020-05-16','2.0','','10','','98','64','','');
INSERT INTO "ServiceDelivery__c" VALUES(552,'Casey Kline 2020-05-31: Middle School STEM Classroom Hours','False','2020-05-30','2.0','','10','','98','64','','');
INSERT INTO "ServiceDelivery__c" VALUES(553,'Casey Kline 2020-07-19: Middle School STEM Classroom Hours','False','2020-07-18','2.0','','10','','98','64','','');
INSERT INTO "ServiceDelivery__c" VALUES(554,'Casey Kline 2020-05-03: Middle School STEM Classroom Hours','False','2020-05-02','2.0','','10','','98','64','','');
INSERT INTO "ServiceDelivery__c" VALUES(555,'Casey Kline 2020-05-24: Middle School STEM Classroom Hours','False','2020-05-23','2.0','','10','','98','64','','');
INSERT INTO "ServiceDelivery__c" VALUES(556,'Leon Clayton 2020-08-09: Town Hall Meeting, 1/8/2020','False','2020-08-08','1.0','','11','','142','79','','');
INSERT INTO "ServiceDelivery__c" VALUES(557,'Marc Richard 2020-08-09: Town Hall Meeting, 1/8/2020','False','2020-08-08','1.0','','11','','143','80','','');
INSERT INTO "ServiceDelivery__c" VALUES(558,'John Mills 2020-08-09: Town Hall Meeting, 1/8/2020','False','2020-08-08','1.0','','11','','160','9','','');
INSERT INTO "ServiceDelivery__c" VALUES(559,'Shannon Greene 2020-08-09: Town Hall Meeting, 1/8/2020','False','2020-08-08','1.0','','11','','161','10','','');
INSERT INTO "ServiceDelivery__c" VALUES(560,'Zackery Morgan 2020-08-09: Town Hall Meeting, 1/8/2020','False','2020-08-08','1.0','','11','','174','18','','');
INSERT INTO "ServiceDelivery__c" VALUES(561,'Eliezer Bray 2020-08-09: Town Hall Meeting, 1/8/2020','False','2020-08-08','1.0','','11','','180','25','','');
INSERT INTO "ServiceDelivery__c" VALUES(562,'Marcus Huynh 2020-08-09: Town Hall Meeting, 1/8/2020','False','2020-08-08','1.0','','11','','59','48','','');
INSERT INTO "ServiceDelivery__c" VALUES(563,'Taniya Singleton 2020-08-09: Town Hall Meeting, 1/8/2020','False','2020-08-08','1.0','','11','','81','54','','');
INSERT INTO "ServiceDelivery__c" VALUES(564,'Nico Rivers 2020-05-16: Monthly Rent Subsidy','False','2020-05-15','175.0','','1','154','64','50','','');
INSERT INTO "ServiceDelivery__c" VALUES(565,'Nico Rivers 2020-08-14: Monthly Rent Subsidy','False','2020-08-13','175.0','','1','154','64','50','','');
INSERT INTO "ServiceDelivery__c" VALUES(566,'Nico Rivers 2020-07-14: Monthly Rent Subsidy','False','2020-07-13','175.0','','1','154','64','50','','');
INSERT INTO "ServiceDelivery__c" VALUES(567,'Nico Rivers 2020-07-20: Monthly Rent Subsidy','False','2020-07-19','175.0','','1','154','64','50','','');
INSERT INTO "ServiceDelivery__c" VALUES(568,'Nico Rivers 2020-06-16: Monthly Rent Subsidy','False','2020-06-15','175.0','','1','154','64','50','','');
INSERT INTO "ServiceDelivery__c" VALUES(569,'Emelia Mercer 2020-05-16: Monthly Rent Subsidy','False','2020-05-15','200.0','','1','174','86','57','','');
INSERT INTO "ServiceDelivery__c" VALUES(570,'Emelia Mercer 2020-08-14: Monthly Rent Subsidy','False','2020-08-13','200.0','','1','174','86','57','','');
INSERT INTO "ServiceDelivery__c" VALUES(571,'Emelia Mercer 2020-07-14: Monthly Rent Subsidy','False','2020-07-13','200.0','','1','174','86','57','','');
INSERT INTO "ServiceDelivery__c" VALUES(572,'Emelia Mercer 2020-06-16: Monthly Rent Subsidy','False','2020-06-15','200.0','','1','174','86','57','','');
INSERT INTO "ServiceDelivery__c" VALUES(573,'Isaac Grant 2020-06-16: Monthly Rent Subsidy','False','2020-06-15','250.0','','1','43','116','70','','');
INSERT INTO "ServiceDelivery__c" VALUES(574,'Isaac Grant 2020-08-14: Monthly Rent Subsidy','False','2020-08-13','250.0','','1','43','116','70','','');
INSERT INTO "ServiceDelivery__c" VALUES(575,'Isaac Grant 2020-07-14: Monthly Rent Subsidy','False','2020-07-13','250.0','','1','43','116','70','','');
INSERT INTO "ServiceDelivery__c" VALUES(576,'Angelo Lutz 2020-08-14: Monthly Rent Subsidy','False','2020-08-13','250.0','','1','56','129','74','','');
INSERT INTO "ServiceDelivery__c" VALUES(577,'Angelo Lutz 2020-07-17: Monthly Rent Subsidy','False','2020-07-16','250.0','','1','56','129','74','','');
INSERT INTO "ServiceDelivery__c" VALUES(578,'James Richards 2020-08-14: Monthly Rent Subsidy','False','2020-08-13','200.0','','1','76','158','7','','');
INSERT INTO "ServiceDelivery__c" VALUES(579,'Dalia Osborn 2020-08-14: Monthly Rent Subsidy','False','2020-08-13','400.0','','1','8','162','11','','');
INSERT INTO "ServiceDelivery__c" VALUES(580,'Jaylin Morgan 2020-05-16: Monthly Rent Subsidy','False','2020-05-15','150.0','','1','90','175','20','','');
INSERT INTO "ServiceDelivery__c" VALUES(581,'Jaylin Morgan 2020-07-14: Monthly Rent Subsidy','False','2020-07-13','150.0','','1','90','175','20','','');
INSERT INTO "ServiceDelivery__c" VALUES(582,'Jaylin Morgan 2020-08-14: Monthly Rent Subsidy','False','2020-08-13','150.0','','1','90','175','20','','');
INSERT INTO "ServiceDelivery__c" VALUES(583,'Jaylin Morgan 2020-06-16: Monthly Rent Subsidy','False','2020-06-15','150.0','','1','90','175','20','','');
INSERT INTO "ServiceDelivery__c" VALUES(584,'Jaylin Morgan 2020-04-25: Monthly Rent Subsidy','False','2020-04-24','150.0','','1','90','175','20','','');
INSERT INTO "ServiceDelivery__c" VALUES(585,'Jason Barnes 2020-07-07: Financial Literacy Classroom Hours','False','2020-07-06','2.0','','2','','139','78','','');
INSERT INTO "ServiceDelivery__c" VALUES(586,'Jason Barnes 2020-05-26: Financial Literacy Classroom Hours','False','2020-05-25','2.0','','2','','139','78','','');
INSERT INTO "ServiceDelivery__c" VALUES(587,'Jason Barnes 2020-07-14: Financial Literacy Classroom Hours','False','2020-07-13','2.0','','2','','139','78','','');
INSERT INTO "ServiceDelivery__c" VALUES(588,'Jason Barnes 2020-05-05: Financial Literacy Classroom Hours','False','2020-05-04','2.0','','2','','139','78','','');
INSERT INTO "ServiceDelivery__c" VALUES(589,'Jason Barnes 2020-04-28: Financial Literacy Classroom Hours','False','2020-04-27','2.0','','2','','139','78','','');
INSERT INTO "ServiceDelivery__c" VALUES(590,'Jason Barnes 2020-06-09: Financial Literacy Classroom Hours','False','2020-06-08','2.0','','2','','139','78','','');
INSERT INTO "ServiceDelivery__c" VALUES(591,'Jason Barnes 2020-06-30: Financial Literacy Classroom Hours','False','2020-06-29','2.0','','2','','139','78','','');
INSERT INTO "ServiceDelivery__c" VALUES(592,'Jason Barnes 2020-06-16: Financial Literacy Classroom Hours','False','2020-06-15','2.0','','2','','139','78','','');
INSERT INTO "ServiceDelivery__c" VALUES(593,'Jason Barnes 2020-08-11: Financial Literacy Classroom Hours','False','2020-08-10','2.0','','2','','139','78','','');
INSERT INTO "ServiceDelivery__c" VALUES(594,'Jason Barnes 2020-04-14: Financial Literacy Classroom Hours','False','2020-04-13','2.0','','2','','139','78','','');
INSERT INTO "ServiceDelivery__c" VALUES(595,'Jason Barnes 2020-05-12: Financial Literacy Classroom Hours','False','2020-05-11','2.0','','2','','139','78','','');
INSERT INTO "ServiceDelivery__c" VALUES(596,'Jason Barnes 2020-04-21: Financial Literacy Classroom Hours','False','2020-04-20','2.0','','2','','139','78','','');
INSERT INTO "ServiceDelivery__c" VALUES(597,'Jason Barnes 2020-06-02: Financial Literacy Classroom Hours','False','2020-06-01','2.0','','2','','139','78','','');
INSERT INTO "ServiceDelivery__c" VALUES(598,'Jason Barnes 2020-07-21: Financial Literacy Classroom Hours','False','2020-07-20','2.0','','2','','139','78','','');
INSERT INTO "ServiceDelivery__c" VALUES(599,'Jason Barnes 2020-06-23: Financial Literacy Classroom Hours','False','2020-06-22','2.0','','2','','139','78','','');
INSERT INTO "ServiceDelivery__c" VALUES(600,'Frankie Waller 2020-08-11: Financial Literacy Classroom Hours','False','2020-08-10','2.0','','2','','145','82','','');
INSERT INTO "ServiceDelivery__c" VALUES(601,'Semaj Wall 2020-05-26: Financial Literacy Classroom Hours','False','2020-05-25','2.0','','2','','179','23','','');
INSERT INTO "ServiceDelivery__c" VALUES(602,'Semaj Wall 2020-04-14: Financial Literacy Classroom Hours','False','2020-04-13','2.0','','2','','179','23','','');
INSERT INTO "ServiceDelivery__c" VALUES(603,'Semaj Wall 2020-07-14: Financial Literacy Classroom Hours','False','2020-07-13','2.0','','2','','179','23','','');
INSERT INTO "ServiceDelivery__c" VALUES(604,'Semaj Wall 2020-04-21: Financial Literacy Classroom Hours','False','2020-04-20','2.0','','2','','179','23','','');
INSERT INTO "ServiceDelivery__c" VALUES(605,'Semaj Wall 2020-06-02: Financial Literacy Classroom Hours','False','2020-06-01','2.0','','2','','179','23','','');
INSERT INTO "ServiceDelivery__c" VALUES(606,'Semaj Wall 2020-04-28: Financial Literacy Classroom Hours','False','2020-04-27','2.0','','2','','179','23','','');
INSERT INTO "ServiceDelivery__c" VALUES(607,'Semaj Wall 2020-06-09: Financial Literacy Classroom Hours','False','2020-06-08','2.0','','2','','179','23','','');
INSERT INTO "ServiceDelivery__c" VALUES(608,'Semaj Wall 2020-06-23: Financial Literacy Classroom Hours','False','2020-06-22','2.0','','2','','179','23','','');
INSERT INTO "ServiceDelivery__c" VALUES(609,'Semaj Wall 2020-07-21: Financial Literacy Classroom Hours','False','2020-07-20','2.0','','2','','179','23','','');
INSERT INTO "ServiceDelivery__c" VALUES(610,'Semaj Wall 2020-05-05: Financial Literacy Classroom Hours','False','2020-05-04','2.0','','2','','179','23','','');
INSERT INTO "ServiceDelivery__c" VALUES(611,'Semaj Wall 2020-05-19: Financial Literacy Classroom Hours','False','2020-05-18','2.0','','2','','179','23','','');
INSERT INTO "ServiceDelivery__c" VALUES(612,'Semaj Wall 2020-07-07: Financial Literacy Classroom Hours','False','2020-07-06','2.0','','2','','179','23','','');
INSERT INTO "ServiceDelivery__c" VALUES(613,'Yuliana Bird 2020-07-12: Middle School STEM Classroom Hours','False','2020-07-11','2.0','','10','','156','6','','');
INSERT INTO "ServiceDelivery__c" VALUES(614,'Yuliana Bird 2020-05-10: Middle School STEM Classroom Hours','False','2020-05-09','2.0','','10','','156','6','','');
INSERT INTO "ServiceDelivery__c" VALUES(615,'Yuliana Bird 2020-06-07: Middle School STEM Classroom Hours','False','2020-06-06','2.0','','10','','156','6','','');
INSERT INTO "ServiceDelivery__c" VALUES(616,'Yuliana Bird 2020-05-24: Middle School STEM Classroom Hours','False','2020-05-23','2.0','','10','','156','6','','');
INSERT INTO "ServiceDelivery__c" VALUES(617,'Yuliana Bird 2020-04-12: Middle School STEM Classroom Hours','False','2020-04-11','2.0','','10','','156','6','','');
INSERT INTO "ServiceDelivery__c" VALUES(618,'Yuliana Bird 2020-05-17: Middle School STEM Classroom Hours','False','2020-05-16','2.0','','10','','156','6','','');
INSERT INTO "ServiceDelivery__c" VALUES(619,'Yuliana Bird 2020-04-19: Middle School STEM Classroom Hours','False','2020-04-18','2.0','','10','','156','6','','');
INSERT INTO "ServiceDelivery__c" VALUES(620,'Yuliana Bird 2020-07-05: Middle School STEM Classroom Hours','False','2020-07-04','2.0','','10','','156','6','','');
INSERT INTO "ServiceDelivery__c" VALUES(621,'Yuliana Bird 2020-04-26: Middle School STEM Classroom Hours','False','2020-04-25','2.0','','10','','156','6','','');
INSERT INTO "ServiceDelivery__c" VALUES(622,'Yuliana Bird 2020-05-03: Middle School STEM Classroom Hours','False','2020-05-02','2.0','','10','','156','6','','');
INSERT INTO "ServiceDelivery__c" VALUES(623,'Yuliana Bird 2020-08-09: Middle School STEM Classroom Hours','False','2020-08-08','2.0','','10','','156','6','','');
INSERT INTO "ServiceDelivery__c" VALUES(624,'Abraham Sims 2020-07-05: Middle School STEM Classroom Hours','False','2020-07-04','2.0','','10','','167','14','','');
INSERT INTO "ServiceDelivery__c" VALUES(625,'Abraham Sims 2020-07-12: Middle School STEM Classroom Hours','False','2020-07-11','2.0','','10','','167','14','','');
INSERT INTO "ServiceDelivery__c" VALUES(626,'Abraham Sims 2020-04-19: Middle School STEM Classroom Hours','False','2020-04-18','2.0','','10','','167','14','','');
INSERT INTO "ServiceDelivery__c" VALUES(627,'Abraham Sims 2020-06-21: Middle School STEM Classroom Hours','False','2020-06-20','2.0','','10','','167','14','','');
INSERT INTO "ServiceDelivery__c" VALUES(628,'Abraham Sims 2020-06-07: Middle School STEM Classroom Hours','False','2020-06-06','2.0','','10','','167','14','','');
INSERT INTO "ServiceDelivery__c" VALUES(629,'Abraham Sims 2020-05-31: Middle School STEM Classroom Hours','False','2020-05-30','2.0','','10','','167','14','','');
INSERT INTO "ServiceDelivery__c" VALUES(630,'Abraham Sims 2020-07-19: Middle School STEM Classroom Hours','False','2020-07-18','2.0','','10','','167','14','','');
INSERT INTO "ServiceDelivery__c" VALUES(631,'Abraham Sims 2020-05-10: Middle School STEM Classroom Hours','False','2020-05-09','2.0','','10','','167','14','','');
INSERT INTO "ServiceDelivery__c" VALUES(632,'Abraham Sims 2020-05-03: Middle School STEM Classroom Hours','False','2020-05-02','2.0','','10','','167','14','','');
INSERT INTO "ServiceDelivery__c" VALUES(633,'Abraham Sims 2020-04-26: Middle School STEM Classroom Hours','False','2020-04-25','2.0','','10','','167','14','','');
INSERT INTO "ServiceDelivery__c" VALUES(634,'Abraham Sims 2020-05-17: Middle School STEM Classroom Hours','False','2020-05-16','2.0','','10','','167','14','','');
INSERT INTO "ServiceDelivery__c" VALUES(635,'Abraham Sims 2020-05-24: Middle School STEM Classroom Hours','False','2020-05-23','2.0','','10','','167','14','','');
INSERT INTO "ServiceDelivery__c" VALUES(636,'Abraham Sims 2020-04-12: Middle School STEM Classroom Hours','False','2020-04-11','2.0','','10','','167','14','','');
INSERT INTO "ServiceDelivery__c" VALUES(637,'Abraham Sims 2020-06-14: Middle School STEM Classroom Hours','False','2020-06-13','2.0','','10','','167','14','','');
INSERT INTO "ServiceDelivery__c" VALUES(638,'Abraham Sims 2021-04-26: Middle School STEM Classroom Hours','False','2021-04-25','2.0','Present','10','','167','14','','66');
INSERT INTO "ServiceDelivery__c" VALUES(639,'Alia Duarte 2021-04-26: Middle School STEM Classroom Hours','False','2021-04-25','2.0','Present','10','','90','66','','66');
INSERT INTO "ServiceDelivery__c" VALUES(640,'Ayanna Gonzalez 2021-04-26: Middle School STEM Classroom Hours','False','2021-04-25','2.0','Present','10','','70','52','','66');
INSERT INTO "ServiceDelivery__c" VALUES(641,'Naima Crawford 2021-04-26: Middle School STEM Classroom Hours','False','2021-04-25','2.0','Present','10','','36','33','','66');
INSERT INTO "ServiceDelivery__c" VALUES(642,'Taniyah Rios 2021-04-26: Middle School STEM Classroom Hours','False','2021-04-25','0.0','Unexcused Absence','10','','89','58','','66');
INSERT INTO "ServiceDelivery__c" VALUES(643,'Abraham Sims 2021-04-11: Middle School STEM Classroom Hours','False','2021-04-10','2.0','Present','10','','167','14','','51');
INSERT INTO "ServiceDelivery__c" VALUES(644,'Ayanna Gonzalez 2021-04-11: Middle School STEM Classroom Hours','False','2021-04-10','1.0','Present','10','','70','52','','51');
INSERT INTO "ServiceDelivery__c" VALUES(645,'Naima Crawford 2021-04-11: Middle School STEM Classroom Hours','False','2021-04-10','1.0','Present','10','','36','33','','51');
INSERT INTO "ServiceDelivery__c" VALUES(646,'Alana Owen 2020-04-26: Middle School STEM Classroom Hours','False','2020-04-25','2.0','','10','','33','30','','');
INSERT INTO "ServiceDelivery__c" VALUES(647,'Alana Owen 2020-05-31: Middle School STEM Classroom Hours','False','2020-05-30','2.0','','10','','33','30','','');
INSERT INTO "ServiceDelivery__c" VALUES(648,'Alana Owen 2020-07-19: Middle School STEM Classroom Hours','False','2020-07-18','2.0','','10','','33','30','','');
INSERT INTO "ServiceDelivery__c" VALUES(649,'Alana Owen 2020-06-07: Middle School STEM Classroom Hours','False','2020-06-06','2.0','','10','','33','30','','');
INSERT INTO "ServiceDelivery__c" VALUES(650,'Alana Owen 2020-05-17: Middle School STEM Classroom Hours','False','2020-05-16','2.0','','10','','33','30','','');
INSERT INTO "ServiceDelivery__c" VALUES(651,'Alana Owen 2020-05-03: Middle School STEM Classroom Hours','False','2020-05-02','2.0','','10','','33','30','','');
INSERT INTO "ServiceDelivery__c" VALUES(652,'Alana Owen 2020-07-05: Middle School STEM Classroom Hours','False','2020-07-04','2.0','','10','','33','30','','');
INSERT INTO "ServiceDelivery__c" VALUES(653,'Alana Owen 2020-07-12: Middle School STEM Classroom Hours','False','2020-07-11','2.0','','10','','33','30','','');
INSERT INTO "ServiceDelivery__c" VALUES(654,'Alana Owen 2020-05-24: Middle School STEM Classroom Hours','False','2020-05-23','2.0','','10','','33','30','','');
INSERT INTO "ServiceDelivery__c" VALUES(655,'Alana Owen 2020-06-14: Middle School STEM Classroom Hours','False','2020-06-13','2.0','','10','','33','30','','');
INSERT INTO "ServiceDelivery__c" VALUES(656,'Alana Owen 2020-06-21: Middle School STEM Classroom Hours','False','2020-06-20','2.0','','10','','33','30','','');
INSERT INTO "ServiceDelivery__c" VALUES(657,'Alana Owen 2020-04-19: Middle School STEM Classroom Hours','False','2020-04-18','2.0','','10','','33','30','','');
INSERT INTO "ServiceDelivery__c" VALUES(658,'Alana Owen 2020-04-12: Middle School STEM Classroom Hours','False','2020-04-11','2.0','','10','','33','30','','');
INSERT INTO "ServiceDelivery__c" VALUES(659,'Naima Crawford 2020-07-05: Middle School STEM Classroom Hours','False','2020-07-04','2.0','','10','','36','33','','');
INSERT INTO "ServiceDelivery__c" VALUES(660,'Naima Crawford 2020-05-10: Middle School STEM Classroom Hours','False','2020-05-09','2.0','','10','','36','33','','');
INSERT INTO "ServiceDelivery__c" VALUES(661,'Naima Crawford 2020-07-19: Middle School STEM Classroom Hours','False','2020-07-18','2.0','','10','','36','33','','');
INSERT INTO "ServiceDelivery__c" VALUES(662,'Naima Crawford 2020-08-09: Middle School STEM Classroom Hours','False','2020-08-08','2.0','','10','','36','33','','');
INSERT INTO "ServiceDelivery__c" VALUES(663,'Naima Crawford 2020-06-14: Middle School STEM Classroom Hours','False','2020-06-13','2.0','','10','','36','33','','');
INSERT INTO "ServiceDelivery__c" VALUES(664,'Naima Crawford 2020-05-24: Middle School STEM Classroom Hours','False','2020-05-23','2.0','','10','','36','33','','');
INSERT INTO "ServiceDelivery__c" VALUES(665,'Naima Crawford 2020-04-19: Middle School STEM Classroom Hours','False','2020-04-18','2.0','','10','','36','33','','');
INSERT INTO "ServiceDelivery__c" VALUES(666,'Naima Crawford 2020-04-26: Middle School STEM Classroom Hours','False','2020-04-25','2.0','','10','','36','33','','');
INSERT INTO "ServiceDelivery__c" VALUES(667,'Naima Crawford 2020-07-12: Middle School STEM Classroom Hours','False','2020-07-11','2.0','','10','','36','33','','');
INSERT INTO "ServiceDelivery__c" VALUES(668,'Naima Crawford 2020-06-07: Middle School STEM Classroom Hours','False','2020-06-06','2.0','','10','','36','33','','');
INSERT INTO "ServiceDelivery__c" VALUES(669,'Naima Crawford 2020-05-31: Middle School STEM Classroom Hours','False','2020-05-30','2.0','','10','','36','33','','');
INSERT INTO "ServiceDelivery__c" VALUES(670,'Naima Crawford 2020-05-03: Middle School STEM Classroom Hours','False','2020-05-02','2.0','','10','','36','33','','');
INSERT INTO "ServiceDelivery__c" VALUES(671,'Naima Crawford 2020-04-12: Middle School STEM Classroom Hours','False','2020-04-11','2.0','','10','','36','33','','');
INSERT INTO "ServiceDelivery__c" VALUES(672,'Naima Crawford 2020-05-17: Middle School STEM Classroom Hours','False','2020-05-16','2.0','','10','','36','33','','');
INSERT INTO "ServiceDelivery__c" VALUES(673,'Naima Crawford 2020-06-21: Middle School STEM Classroom Hours','False','2020-06-20','2.0','','10','','36','33','','');
INSERT INTO "ServiceDelivery__c" VALUES(674,'Jessica Woods 2020-05-03: Middle School STEM Classroom Hours','False','2020-05-02','2.0','','10','','47','37','','');
INSERT INTO "ServiceDelivery__c" VALUES(675,'Jessica Woods 2020-05-24: Middle School STEM Classroom Hours','False','2020-05-23','2.0','','10','','47','37','','');
INSERT INTO "ServiceDelivery__c" VALUES(676,'Jessica Woods 2020-07-12: Middle School STEM Classroom Hours','False','2020-07-11','2.0','','10','','47','37','','');
INSERT INTO "ServiceDelivery__c" VALUES(677,'Jessica Woods 2020-07-05: Middle School STEM Classroom Hours','False','2020-07-04','2.0','','10','','47','37','','');
INSERT INTO "ServiceDelivery__c" VALUES(678,'Jessica Woods 2020-06-14: Middle School STEM Classroom Hours','False','2020-06-13','2.0','','10','','47','37','','');
INSERT INTO "ServiceDelivery__c" VALUES(679,'Jessica Woods 2020-04-26: Middle School STEM Classroom Hours','False','2020-04-25','2.0','','10','','47','37','','');
INSERT INTO "ServiceDelivery__c" VALUES(680,'Jessica Woods 2020-04-19: Middle School STEM Classroom Hours','False','2020-04-18','2.0','','10','','47','37','','');
INSERT INTO "ServiceDelivery__c" VALUES(681,'Jessica Woods 2020-06-07: Middle School STEM Classroom Hours','False','2020-06-06','2.0','','10','','47','37','','');
INSERT INTO "ServiceDelivery__c" VALUES(682,'Jessica Woods 2020-06-21: Middle School STEM Classroom Hours','False','2020-06-20','2.0','','10','','47','37','','');
INSERT INTO "ServiceDelivery__c" VALUES(683,'Jessica Woods 2020-04-12: Middle School STEM Classroom Hours','False','2020-04-11','2.0','','10','','47','37','','');
INSERT INTO "ServiceDelivery__c" VALUES(684,'Jessica Woods 2020-05-17: Middle School STEM Classroom Hours','False','2020-05-16','2.0','','10','','47','37','','');
INSERT INTO "ServiceDelivery__c" VALUES(685,'Jessica Woods 2020-05-10: Middle School STEM Classroom Hours','False','2020-05-09','2.0','','10','','47','37','','');
INSERT INTO "ServiceDelivery__c" VALUES(686,'Jessica Woods 2020-07-19: Middle School STEM Classroom Hours','False','2020-07-18','2.0','','10','','47','37','','');
INSERT INTO "ServiceDelivery__c" VALUES(687,'Jessica Woods 2020-08-09: Middle School STEM Classroom Hours','False','2020-08-08','2.0','','10','','47','37','','');
INSERT INTO "ServiceDelivery__c" VALUES(688,'Jessica Woods 2020-05-31: Middle School STEM Classroom Hours','False','2020-05-30','2.0','','10','','47','37','','');
INSERT INTO "ServiceDelivery__c" VALUES(689,'Ayanna Gonzalez 2020-08-09: Middle School STEM Classroom Hours','False','2020-08-08','2.0','','10','','70','52','','');
INSERT INTO "ServiceDelivery__c" VALUES(690,'Ayanna Gonzalez 2020-05-24: Middle School STEM Classroom Hours','False','2020-05-23','2.0','','10','','70','52','','');
INSERT INTO "ServiceDelivery__c" VALUES(691,'Ayanna Gonzalez 2020-05-17: Middle School STEM Classroom Hours','False','2020-05-16','2.0','','10','','70','52','','');
INSERT INTO "ServiceDelivery__c" VALUES(692,'Ayanna Gonzalez 2020-05-03: Middle School STEM Classroom Hours','False','2020-05-02','2.0','','10','','70','52','','');
INSERT INTO "ServiceDelivery__c" VALUES(693,'Ayanna Gonzalez 2020-05-10: Middle School STEM Classroom Hours','False','2020-05-09','2.0','','10','','70','52','','');
INSERT INTO "ServiceDelivery__c" VALUES(694,'Ayanna Gonzalez 2020-06-21: Middle School STEM Classroom Hours','False','2020-06-20','2.0','','10','','70','52','','');
INSERT INTO "ServiceDelivery__c" VALUES(695,'Ayanna Gonzalez 2020-07-12: Middle School STEM Classroom Hours','False','2020-07-11','2.0','','10','','70','52','','');
INSERT INTO "ServiceDelivery__c" VALUES(696,'Ayanna Gonzalez 2020-07-19: Middle School STEM Classroom Hours','False','2020-07-18','2.0','','10','','70','52','','');
INSERT INTO "ServiceDelivery__c" VALUES(697,'Ayanna Gonzalez 2020-04-19: Middle School STEM Classroom Hours','False','2020-04-18','2.0','','10','','70','52','','');
INSERT INTO "ServiceDelivery__c" VALUES(698,'Ayanna Gonzalez 2020-07-05: Middle School STEM Classroom Hours','False','2020-07-04','2.0','','10','','70','52','','');
INSERT INTO "ServiceDelivery__c" VALUES(699,'Ayanna Gonzalez 2020-04-12: Middle School STEM Classroom Hours','False','2020-04-11','2.0','','10','','70','52','','');
INSERT INTO "ServiceDelivery__c" VALUES(700,'Ayanna Gonzalez 2020-06-14: Middle School STEM Classroom Hours','False','2020-06-13','2.0','','10','','70','52','','');
INSERT INTO "ServiceDelivery__c" VALUES(701,'Ayanna Gonzalez 2020-04-26: Middle School STEM Classroom Hours','False','2020-04-25','2.0','','10','','70','52','','');
INSERT INTO "ServiceDelivery__c" VALUES(702,'Ayanna Gonzalez 2020-06-07: Middle School STEM Classroom Hours','False','2020-06-06','2.0','','10','','70','52','','');
INSERT INTO "ServiceDelivery__c" VALUES(703,'Ayanna Gonzalez 2020-05-31: Middle School STEM Classroom Hours','False','2020-05-30','2.0','','10','','70','52','','');
INSERT INTO "ServiceDelivery__c" VALUES(704,'Taniyah Rios 2020-05-17: Middle School STEM Classroom Hours','False','2020-05-16','2.0','','10','','89','58','','');
INSERT INTO "ServiceDelivery__c" VALUES(705,'Taniyah Rios 2020-05-24: Middle School STEM Classroom Hours','False','2020-05-23','2.0','','10','','89','58','','');
INSERT INTO "ServiceDelivery__c" VALUES(706,'Taniyah Rios 2020-05-31: Middle School STEM Classroom Hours','False','2020-05-30','2.0','','10','','89','58','','');
INSERT INTO "ServiceDelivery__c" VALUES(707,'Taniyah Rios 2020-04-19: Middle School STEM Classroom Hours','False','2020-04-18','2.0','','10','','89','58','','');
INSERT INTO "ServiceDelivery__c" VALUES(708,'Taniyah Rios 2020-05-03: Middle School STEM Classroom Hours','False','2020-05-02','2.0','','10','','89','58','','');
INSERT INTO "ServiceDelivery__c" VALUES(709,'Taniyah Rios 2020-06-14: Middle School STEM Classroom Hours','False','2020-06-13','2.0','','10','','89','58','','');
INSERT INTO "ServiceDelivery__c" VALUES(710,'Taniyah Rios 2020-06-21: Middle School STEM Classroom Hours','False','2020-06-20','2.0','','10','','89','58','','');
INSERT INTO "ServiceDelivery__c" VALUES(711,'Taniyah Rios 2020-08-09: Middle School STEM Classroom Hours','False','2020-08-08','2.0','','10','','89','58','','');
INSERT INTO "ServiceDelivery__c" VALUES(712,'Taniyah Rios 2020-04-26: Middle School STEM Classroom Hours','False','2020-04-25','2.0','','10','','89','58','','');
INSERT INTO "ServiceDelivery__c" VALUES(713,'Taniyah Rios 2020-06-07: Middle School STEM Classroom Hours','False','2020-06-06','2.0','','10','','89','58','','');
CREATE TABLE "ServiceParticipant__c" (
	id INTEGER NOT NULL, 
	"Name" VARCHAR(255), 
	"SignUpDate__c" VARCHAR(255), 
	"Status__c" VARCHAR(255), 
	"Contact__c" VARCHAR(255), 
	"ProgramEngagement__c" VARCHAR(255), 
	"Service__c" VARCHAR(255), 
	"ServiceSchedule__c" VARCHAR(255), 
	PRIMARY KEY (id)
);
INSERT INTO "ServiceParticipant__c" VALUES(1,'Abraham Sims - Technology Museum Field Trip','2019-11-09','Enrolled','167','14','9','1');
INSERT INTO "ServiceParticipant__c" VALUES(2,'Abraham Sims - STEM Enrichment','2020-02-21','Enrolled','167','14','10','3');
INSERT INTO "ServiceParticipant__c" VALUES(3,'Abraham Sims - STEM Career Exploration','2019-11-09','Enrolled','167','14','10','4');
INSERT INTO "ServiceParticipant__c" VALUES(4,'Naima Crawford - Ocean Exploration Series','2019-11-09','Enrolled','36','33','9','2');
INSERT INTO "ServiceParticipant__c" VALUES(5,'Naima Crawford - STEM Enrichment','2020-02-21','Enrolled','36','33','10','3');
INSERT INTO "ServiceParticipant__c" VALUES(6,'Naima Crawford - STEM Career Exploration','2019-11-09','Enrolled','36','33','10','4');
INSERT INTO "ServiceParticipant__c" VALUES(7,'Jessica Woods - Technology Museum Field Trip','2019-11-09','Enrolled','47','37','9','1');
INSERT INTO "ServiceParticipant__c" VALUES(8,'Ayanna Gonzalez - Ocean Exploration Series','2019-11-09','Enrolled','70','52','9','2');
INSERT INTO "ServiceParticipant__c" VALUES(9,'Ayanna Gonzalez - STEM Enrichment','2020-02-21','Enrolled','70','52','10','3');
INSERT INTO "ServiceParticipant__c" VALUES(10,'Ayanna Gonzalez - STEM Career Exploration','2019-11-09','Enrolled','70','52','10','4');
INSERT INTO "ServiceParticipant__c" VALUES(11,'Taniyah Rios - Ocean Exploration Series','2019-11-09','Enrolled','89','58','9','2');
INSERT INTO "ServiceParticipant__c" VALUES(12,'Taniyah Rios - STEM Enrichment','2020-02-21','Enrolled','89','58','10','3');
INSERT INTO "ServiceParticipant__c" VALUES(13,'Alia Duarte - Technology Museum Field Trip','2019-11-09','Enrolled','90','66','9','1');
INSERT INTO "ServiceParticipant__c" VALUES(14,'Alia Duarte - STEM Enrichment','2020-02-21','Enrolled','90','66','10','3');
CREATE TABLE "ServiceSchedule__c" (
	id INTEGER NOT NULL, 
	"Name" VARCHAR(255), 
	"AllDay__c" VARCHAR(255), 
	"CreateServiceSessionRecords__c" VARCHAR(255), 
	"DaysOfWeek__c" VARCHAR(255), 
	"FirstSessionEnd__c" VARCHAR(255), 
	"FirstSessionStart__c" VARCHAR(255), 
	"Frequency__c" VARCHAR(255), 
	"Interval__c" VARCHAR(255), 
	"NumberOfServiceSessions__c" VARCHAR(255), 
	"ParticipantCapacity__c" VARCHAR(255), 
	"ServiceScheduleEndDate__c" VARCHAR(255), 
	"ServiceScheduleEnds__c" VARCHAR(255), 
	"DefaultServiceQuantity__c" VARCHAR(255), 
	"PrimaryServiceProvider__c" VARCHAR(255), 
	"OtherServiceProvider__c" VARCHAR(255), 
	"Service__c" VARCHAR(255), 
	PRIMARY KEY (id)
);
INSERT INTO "ServiceSchedule__c" VALUES(1,'Technology Museum Field Trip','False','True','2','2021-04-19T20:30:00.000+0000','2021-04-19T18:00:00.000+0000','One Time','1.0','','6.0','','After','1.0','','','9');
INSERT INTO "ServiceSchedule__c" VALUES(2,'Ocean Exploration Series','False','True','6','2021-04-21T23:00:00.000+0000','2021-04-21T22:00:00.000+0000','Weekly','1.0','4.0','10.0','','After','1.0','','','9');
INSERT INTO "ServiceSchedule__c" VALUES(3,'STEM Enrichment','False','True','3;5','2021-03-21T20:00:00.000+0000','2021-03-21T18:00:00.000+0000','Weekly','1.0','','15.0','2021-10-12','On','2.0','','','10');
INSERT INTO "ServiceSchedule__c" VALUES(4,'STEM Career Exploration','False','True','','2021-04-11T00:15:00.000+0000','2021-04-10T23:30:00.000+0000','Monthly','1.0','5.0','15.0','','After','','','','10');
CREATE TABLE "ServiceSession__c" (
	id INTEGER NOT NULL, 
	"Name" VARCHAR(255), 
	"SessionEnd__c" VARCHAR(255), 
	"SessionStart__c" VARCHAR(255), 
	"Status__c" VARCHAR(255), 
	"PrimaryServiceProvider__c" VARCHAR(255), 
	"OtherServiceProvider__c" VARCHAR(255), 
	"ServiceSchedule__c" VARCHAR(255), 
	PRIMARY KEY (id)
);
INSERT INTO "ServiceSession__c" VALUES(1,'4/20/2021: Technology Museum Field Trip','2021-04-19T20:30:00.000+0000','2021-04-19T18:00:00.000+0000','Complete','','','1');
INSERT INTO "ServiceSession__c" VALUES(2,'4/22/2021: Ocean Exploration Series','2021-04-21T23:00:00.000+0000','2021-04-21T22:00:00.000+0000','Complete','','','2');
INSERT INTO "ServiceSession__c" VALUES(3,'4/29/2021: Ocean Exploration Series','2021-04-28T23:00:00.000+0000','2021-04-28T22:00:00.000+0000','Complete','','','2');
INSERT INTO "ServiceSession__c" VALUES(4,'5/6/2021: Ocean Exploration Series','2021-05-05T23:00:00.000+0000','2021-05-05T22:00:00.000+0000','Complete','','','2');
INSERT INTO "ServiceSession__c" VALUES(5,'5/13/2021: Ocean Exploration Series','2021-05-12T23:00:00.000+0000','2021-05-12T22:00:00.000+0000','Complete','','','2');
INSERT INTO "ServiceSession__c" VALUES(6,'5/12/2021: STEM Enrichment','2021-05-11T20:00:00.000+0000','2021-05-11T19:00:00.000+0000','Complete','','','3');
INSERT INTO "ServiceSession__c" VALUES(7,'5/17/2021: STEM Enrichment','2021-05-16T20:00:00.000+0000','2021-05-16T19:00:00.000+0000','Complete','','','3');
INSERT INTO "ServiceSession__c" VALUES(8,'5/19/2021: STEM Enrichment','2021-05-18T20:00:00.000+0000','2021-05-18T19:00:00.000+0000','Complete','','','3');
INSERT INTO "ServiceSession__c" VALUES(9,'5/24/2021: STEM Enrichment','2021-05-23T20:00:00.000+0000','2021-05-23T19:00:00.000+0000','Complete','','','3');
INSERT INTO "ServiceSession__c" VALUES(10,'5/26/2021: STEM Enrichment','2021-05-25T20:00:00.000+0000','2021-05-25T19:00:00.000+0000','Complete','','','3');
INSERT INTO "ServiceSession__c" VALUES(11,'5/31/2021: STEM Enrichment','2021-05-30T20:00:00.000+0000','2021-05-30T19:00:00.000+0000','Pending','','','3');
INSERT INTO "ServiceSession__c" VALUES(12,'6/2/2021: STEM Enrichment','2021-06-01T20:00:00.000+0000','2021-06-01T19:00:00.000+0000','Complete','','','3');
INSERT INTO "ServiceSession__c" VALUES(13,'6/7/2021: STEM Enrichment','2021-06-06T20:00:00.000+0000','2021-06-06T19:00:00.000+0000','Pending','','','3');
INSERT INTO "ServiceSession__c" VALUES(14,'6/9/2021: STEM Enrichment','2021-06-08T20:00:00.000+0000','2021-06-08T19:00:00.000+0000','Pending','','','3');
INSERT INTO "ServiceSession__c" VALUES(15,'6/14/2021: STEM Enrichment','2021-06-13T20:00:00.000+0000','2021-06-13T19:00:00.000+0000','Pending','','','3');
INSERT INTO "ServiceSession__c" VALUES(16,'6/16/2021: STEM Enrichment','2021-06-15T20:00:00.000+0000','2021-06-15T19:00:00.000+0000','Pending','','','3');
INSERT INTO "ServiceSession__c" VALUES(17,'6/21/2021: STEM Enrichment','2021-06-20T20:00:00.000+0000','2021-06-20T19:00:00.000+0000','Pending','','','3');
INSERT INTO "ServiceSession__c" VALUES(18,'6/23/2021: STEM Enrichment','2021-06-22T20:00:00.000+0000','2021-06-22T19:00:00.000+0000','Pending','','','3');
INSERT INTO "ServiceSession__c" VALUES(19,'6/28/2021: STEM Enrichment','2021-06-27T20:00:00.000+0000','2021-06-27T19:00:00.000+0000','Pending','','','3');
INSERT INTO "ServiceSession__c" VALUES(20,'6/30/2021: STEM Enrichment','2021-06-29T20:00:00.000+0000','2021-06-29T19:00:00.000+0000','Pending','','','3');
INSERT INTO "ServiceSession__c" VALUES(21,'7/4/2021: STEM Enrichment','2021-07-03T20:00:00.000+0000','2021-07-03T19:00:00.000+0000','Pending','','','3');
INSERT INTO "ServiceSession__c" VALUES(22,'7/6/2021: STEM Enrichment','2021-07-05T20:00:00.000+0000','2021-07-05T19:00:00.000+0000','Pending','','','3');
INSERT INTO "ServiceSession__c" VALUES(23,'7/11/2021: STEM Enrichment','2021-07-10T20:00:00.000+0000','2021-07-10T19:00:00.000+0000','Pending','','','3');
INSERT INTO "ServiceSession__c" VALUES(24,'7/13/2021: STEM Enrichment','2021-07-12T20:00:00.000+0000','2021-07-12T19:00:00.000+0000','Pending','','','3');
INSERT INTO "ServiceSession__c" VALUES(25,'7/18/2021: STEM Enrichment','2021-07-17T20:00:00.000+0000','2021-07-17T19:00:00.000+0000','Pending','','','3');
INSERT INTO "ServiceSession__c" VALUES(26,'7/20/2021: STEM Enrichment','2021-07-19T20:00:00.000+0000','2021-07-19T19:00:00.000+0000','Pending','','','3');
INSERT INTO "ServiceSession__c" VALUES(27,'7/25/2021: STEM Enrichment','2021-07-24T20:00:00.000+0000','2021-07-24T19:00:00.000+0000','Pending','','','3');
INSERT INTO "ServiceSession__c" VALUES(28,'7/27/2021: STEM Enrichment','2021-07-26T20:00:00.000+0000','2021-07-26T19:00:00.000+0000','Pending','','','3');
INSERT INTO "ServiceSession__c" VALUES(29,'8/2/2021: STEM Enrichment','2021-08-01T20:00:00.000+0000','2021-08-01T19:00:00.000+0000','Pending','','','3');
INSERT INTO "ServiceSession__c" VALUES(30,'8/4/2021: STEM Enrichment','2021-08-03T20:00:00.000+0000','2021-08-03T19:00:00.000+0000','Pending','','','3');
INSERT INTO "ServiceSession__c" VALUES(31,'8/9/2021: STEM Enrichment','2021-08-08T20:00:00.000+0000','2021-08-08T19:00:00.000+0000','Pending','','','3');
INSERT INTO "ServiceSession__c" VALUES(32,'8/11/2021: STEM Enrichment','2021-08-10T20:00:00.000+0000','2021-08-10T19:00:00.000+0000','Pending','','','3');
INSERT INTO "ServiceSession__c" VALUES(33,'8/16/2021: STEM Enrichment','2021-08-15T19:00:00.000+0000','2021-08-15T18:00:00.000+0000','Pending','','','3');
INSERT INTO "ServiceSession__c" VALUES(34,'8/18/2021: STEM Enrichment','2021-08-17T19:00:00.000+0000','2021-08-17T18:00:00.000+0000','Pending','','','3');
INSERT INTO "ServiceSession__c" VALUES(35,'8/23/2021: STEM Enrichment','2021-08-22T19:00:00.000+0000','2021-08-22T18:00:00.000+0000','Pending','','','3');
INSERT INTO "ServiceSession__c" VALUES(36,'8/25/2021: STEM Enrichment','2021-08-24T19:00:00.000+0000','2021-08-24T18:00:00.000+0000','Pending','','','3');
INSERT INTO "ServiceSession__c" VALUES(37,'8/30/2021: STEM Enrichment','2021-08-29T19:00:00.000+0000','2021-08-29T18:00:00.000+0000','Pending','','','3');
INSERT INTO "ServiceSession__c" VALUES(38,'9/1/2021: STEM Enrichment','2021-08-31T19:00:00.000+0000','2021-08-31T18:00:00.000+0000','Pending','','','3');
INSERT INTO "ServiceSession__c" VALUES(39,'9/6/2021: STEM Enrichment','2021-09-05T19:00:00.000+0000','2021-09-05T18:00:00.000+0000','Pending','','','3');
INSERT INTO "ServiceSession__c" VALUES(40,'9/8/2021: STEM Enrichment','2021-09-07T19:00:00.000+0000','2021-09-07T18:00:00.000+0000','Pending','','','3');
INSERT INTO "ServiceSession__c" VALUES(41,'9/13/2021: STEM Enrichment','2021-09-12T19:00:00.000+0000','2021-09-12T18:00:00.000+0000','Pending','','','3');
INSERT INTO "ServiceSession__c" VALUES(42,'9/15/2021: STEM Enrichment','2021-09-14T19:00:00.000+0000','2021-09-14T18:00:00.000+0000','Pending','','','3');
INSERT INTO "ServiceSession__c" VALUES(43,'9/20/2021: STEM Enrichment','2021-09-19T19:00:00.000+0000','2021-09-19T18:00:00.000+0000','Pending','','','3');
INSERT INTO "ServiceSession__c" VALUES(44,'9/22/2021: STEM Enrichment','2021-09-21T19:00:00.000+0000','2021-09-21T18:00:00.000+0000','Pending','','','3');
INSERT INTO "ServiceSession__c" VALUES(45,'9/27/2021: STEM Enrichment','2021-09-26T19:00:00.000+0000','2021-09-26T18:00:00.000+0000','Pending','','','3');
INSERT INTO "ServiceSession__c" VALUES(46,'9/29/2021: STEM Enrichment','2021-09-28T19:00:00.000+0000','2021-09-28T18:00:00.000+0000','Pending','','','3');
INSERT INTO "ServiceSession__c" VALUES(47,'10/4/2021: STEM Enrichment','2021-10-03T19:00:00.000+0000','2021-10-03T18:00:00.000+0000','Pending','','','3');
INSERT INTO "ServiceSession__c" VALUES(48,'10/6/2021: STEM Enrichment','2021-10-05T19:00:00.000+0000','2021-10-05T18:00:00.000+0000','Pending','','','3');
INSERT INTO "ServiceSession__c" VALUES(49,'10/11/2021: STEM Enrichment','2021-10-10T19:00:00.000+0000','2021-10-10T18:00:00.000+0000','Pending','','','3');
INSERT INTO "ServiceSession__c" VALUES(50,'10/13/2021: STEM Enrichment','2021-10-12T19:00:00.000+0000','2021-10-12T18:00:00.000+0000','Pending','','','3');
INSERT INTO "ServiceSession__c" VALUES(51,'4/11/2021: STEM Career Exploration','2021-04-11T00:15:00.000+0000','2021-04-10T23:30:00.000+0000','Complete','','','4');
INSERT INTO "ServiceSession__c" VALUES(52,'5/11/2021: STEM Career Exploration','2021-05-11T00:15:00.000+0000','2021-05-10T23:30:00.000+0000','Complete','','','4');
INSERT INTO "ServiceSession__c" VALUES(53,'6/11/2021: STEM Career Exploration','2021-06-11T00:15:00.000+0000','2021-06-10T23:30:00.000+0000','Pending','','','4');
INSERT INTO "ServiceSession__c" VALUES(54,'7/11/2021: STEM Career Exploration','2021-07-11T00:15:00.000+0000','2021-07-10T23:30:00.000+0000','Pending','','','4');
INSERT INTO "ServiceSession__c" VALUES(55,'8/9/2021: STEM Career Exploration','2021-08-09T00:15:00.000+0000','2021-08-08T23:30:00.000+0000','Pending','','','4');
INSERT INTO "ServiceSession__c" VALUES(56,'3/22/2021: STEM Enrichment','2021-03-21T19:00:00.000+0000','2021-03-21T18:00:00.000+0000','Complete','','','3');
INSERT INTO "ServiceSession__c" VALUES(57,'3/24/2021: STEM Enrichment','2021-03-23T19:00:00.000+0000','2021-03-23T18:00:00.000+0000','Complete','','','3');
INSERT INTO "ServiceSession__c" VALUES(58,'3/29/2021: STEM Enrichment','2021-03-28T19:00:00.000+0000','2021-03-28T18:00:00.000+0000','Complete','','','3');
INSERT INTO "ServiceSession__c" VALUES(59,'3/31/2021: STEM Enrichment','2021-03-30T19:00:00.000+0000','2021-03-30T18:00:00.000+0000','Complete','','','3');
INSERT INTO "ServiceSession__c" VALUES(60,'4/5/2021: STEM Enrichment','2021-04-04T20:00:00.000+0000','2021-04-04T19:00:00.000+0000','Complete','','','3');
INSERT INTO "ServiceSession__c" VALUES(61,'4/7/2021: STEM Enrichment','2021-04-06T20:00:00.000+0000','2021-04-06T19:00:00.000+0000','Complete','','','3');
INSERT INTO "ServiceSession__c" VALUES(62,'4/12/2021: STEM Enrichment','2021-04-11T20:00:00.000+0000','2021-04-11T19:00:00.000+0000','Complete','','','3');
INSERT INTO "ServiceSession__c" VALUES(63,'4/14/2021: STEM Enrichment','2021-04-13T20:00:00.000+0000','2021-04-13T19:00:00.000+0000','Complete','','','3');
INSERT INTO "ServiceSession__c" VALUES(64,'4/19/2021: STEM Enrichment','2021-04-18T20:00:00.000+0000','2021-04-18T19:00:00.000+0000','Complete','','','3');
INSERT INTO "ServiceSession__c" VALUES(65,'4/21/2021: STEM Enrichment','2021-04-20T20:00:00.000+0000','2021-04-20T19:00:00.000+0000','Complete','','','3');
INSERT INTO "ServiceSession__c" VALUES(66,'4/26/2021: STEM Enrichment','2021-04-25T20:00:00.000+0000','2021-04-25T19:00:00.000+0000','Complete','','','3');
INSERT INTO "ServiceSession__c" VALUES(67,'4/28/2021: STEM Enrichment','2021-04-27T20:00:00.000+0000','2021-04-27T19:00:00.000+0000','Complete','','','3');
INSERT INTO "ServiceSession__c" VALUES(68,'5/3/2021: STEM Enrichment','2021-05-02T20:00:00.000+0000','2021-05-02T19:00:00.000+0000','Complete','','','3');
INSERT INTO "ServiceSession__c" VALUES(69,'5/5/2021: STEM Enrichment','2021-05-04T20:00:00.000+0000','2021-05-04T19:00:00.000+0000','Complete','','','3');
INSERT INTO "ServiceSession__c" VALUES(70,'5/10/2021: STEM Enrichment','2021-05-09T20:00:00.000+0000','2021-05-09T19:00:00.000+0000','Complete','','','3');
CREATE TABLE "Service__c" (
	id INTEGER NOT NULL, 
	"Name" VARCHAR(255), 
	"Description__c" VARCHAR(255), 
	"Status__c" VARCHAR(255), 
	"UnitOfMeasurement__c" VARCHAR(255), 
	"Program__c" VARCHAR(255), 
	PRIMARY KEY (id)
);
INSERT INTO "Service__c" VALUES(1,'Monthly Rent Subsidy','Monthly Rent Subsidy - sliding scale','Active','Dollars','8');
INSERT INTO "Service__c" VALUES(2,'Financial Literacy Classroom Hours','Financial Literacy Classroom Hours','Active','Hours','7');
INSERT INTO "Service__c" VALUES(3,'ESL Classroom Hours','ESL Classroom Hours','Active','Hours','9');
INSERT INTO "Service__c" VALUES(4,'Grade 1-8 Reading Tutoring','Grade 1-8 Reading Tutoring','Active','Hours','10');
INSERT INTO "Service__c" VALUES(5,'Job Interviews completed','','Active','Completed Interviews','1');
INSERT INTO "Service__c" VALUES(6,'Financial Advisor Sessions','','Active','Hours','1');
INSERT INTO "Service__c" VALUES(7,'Job Readiness Coaching','','Active','Hours','1');
INSERT INTO "Service__c" VALUES(8,'After School Activities','Indoor/Outdoor After-School Activities','Active','Sessions','2');
INSERT INTO "Service__c" VALUES(9,'STEM Field Trips','','Active','Field Trips','3');
INSERT INTO "Service__c" VALUES(10,'Middle School STEM Classroom Hours','','Active','Hours','3');
INSERT INTO "Service__c" VALUES(11,'Town Hall Meeting, 1/8/2020','','Active','Attendees','4');
INSERT INTO "Service__c" VALUES(12,'Letter writing campaign to Council Members','','Active','Letters','4');
INSERT INTO "Service__c" VALUES(13,'12 Step Recovery Program','12 Step Recovery Program','Active','Session','5');
INSERT INTO "Service__c" VALUES(14,'Subsidized Lunch','','Active','Lunches','6');
COMMIT;
