BEGIN TRANSACTION;
CREATE TABLE "Account" (
	id INTEGER NOT NULL, 
	"RecordTypeId" VARCHAR(255), 
	"Name" VARCHAR(255), 
	"Description" VARCHAR(255), 
	"BillingStreet" VARCHAR(255), 
	"BillingCity" VARCHAR(255), 
	"BillingState" VARCHAR(255), 
	"BillingPostalCode" VARCHAR(255), 
	"BillingCountry" VARCHAR(255), 
	"ShippingStreet" VARCHAR(255), 
	"ShippingCity" VARCHAR(255), 
	"ShippingState" VARCHAR(255), 
	"ShippingPostalCode" VARCHAR(255), 
	"ShippingCountry" VARCHAR(255), 
	"Phone" VARCHAR(255), 
	"Fax" VARCHAR(255), 
	"Website" VARCHAR(255), 
	"NumberOfEmployees" VARCHAR(255), 
	"AccountNumber" VARCHAR(255), 
	"Site" VARCHAR(255), 
	"Type" VARCHAR(255), 
	"npe01__SYSTEM_AccountType__c" VARCHAR(255), 
	"npe01__SYSTEMIsIndividual__c" VARCHAR(255), 
	"npo02__SYSTEM_CUSTOM_NAMING__c" VARCHAR(255), 
	"npo02__FirstCloseDate__c" VARCHAR(255), 
	"npo02__LastCloseDate__c" VARCHAR(255), 
	"npo02__AverageAmount__c" VARCHAR(255), 
	"npo02__LastOppAmount__c" VARCHAR(255), 
	"npo02__LargestAmount__c" VARCHAR(255), 
	"npo02__SmallestAmount__c" VARCHAR(255), 
	"npo02__Best_Gift_Year__c" VARCHAR(255), 
	"npo02__Best_Gift_Year_Total__c" VARCHAR(255), 
	"npo02__TotalOppAmount__c" VARCHAR(255), 
	"npo02__OppAmountLastNDays__c" VARCHAR(255), 
	"npo02__OppAmountThisYear__c" VARCHAR(255), 
	"npo02__OppAmountLastYear__c" VARCHAR(255), 
	"npo02__OppAmount2YearsAgo__c" VARCHAR(255), 
	"npo02__NumberOfClosedOpps__c" VARCHAR(255), 
	"npo02__OppsClosedLastNDays__c" VARCHAR(255), 
	"npo02__OppsClosedThisYear__c" VARCHAR(255), 
	"npo02__OppsClosedLastYear__c" VARCHAR(255), 
	"npo02__OppsClosed2YearsAgo__c" VARCHAR(255), 
	"npo02__TotalMembershipOppAmount__c" VARCHAR(255), 
	"npo02__MembershipEndDate__c" VARCHAR(255), 
	"npo02__LastMembershipLevel__c" VARCHAR(255), 
	"npo02__MembershipJoinDate__c" VARCHAR(255), 
	"npo02__LastMembershipDate__c" VARCHAR(255), 
	"npo02__LastMembershipAmount__c" VARCHAR(255), 
	"npo02__LastMembershipOrigin__c" VARCHAR(255), 
	"npo02__NumberOfMembershipOpps__c" VARCHAR(255), 
	record_type VARCHAR(255), 
	PRIMARY KEY (id)
);
INSERT INTO "Account" VALUES(1,'0122D0000011iZVQAY','Baker Household','','','','','','','','','','','','555-524-0749','','','','','','Household','Household Account','true','','2019-09-02','2019-09-02','500.0','500.0','500.0','500.0','2019','500.0','500.0','500.0','0.0','500.0','0.0','1.0','1.0','0.0','1.0','0.0','500.0','','','','2019-09-02','500.0','','1.0',NULL);
INSERT INTO "Account" VALUES(2,'0122D0000011iZVQAY','Brooks and Graham Household','','','','','','','','','','','','555-648-7204','','','','','','Household','Household Account','true','','2019-08-05','2019-08-05','400.0','400.0','400.0','400.0','2019','400.0','400.0','400.0','0.0','400.0','0.0','1.0','1.0','0.0','1.0','0.0','400.0','','','','2019-08-05','400.0','','1.0',NULL);
INSERT INTO "Account" VALUES(3,'0122D0000011iZVQAY','Barnes Household','','','','','','','','','','','','555-893-4763','','','','','','Household','Household Account','true','','2019-07-01','2019-07-01','500.0','500.0','500.0','500.0','2019','500.0','500.0','500.0','0.0','500.0','0.0','1.0','1.0','0.0','1.0','0.0','500.0','','','','2019-07-01','500.0','','1.0',NULL);
INSERT INTO "Account" VALUES(4,'0122D0000011iZVQAY','Boyd Household','','','','','','','','','','','','555-380-8532','','','','','','Household','Household Account','true','','','','0.0','0.0','0.0','0.0','','','0.0','0.0','0.0','0.0','0.0','0.0','0.0','0.0','0.0','0.0','0.0','','','','','0.0','','0.0',NULL);
INSERT INTO "Account" VALUES(5,'0122D0000011iZVQAY','Burke Household','','','','','','','','','','','','555-830-5295','','','','','','Household','Household Account','true','','','','0.0','0.0','0.0','0.0','','','0.0','0.0','0.0','0.0','0.0','0.0','0.0','0.0','0.0','0.0','0.0','','','','','0.0','','0.0',NULL);
INSERT INTO "Account" VALUES(6,'0122D0000011iZVQAY','Henderson Household','','','','','','','','','','','','555-830-5295','','','','','','Household','Household Account','true','','','','0.0','0.0','0.0','0.0','','','0.0','0.0','0.0','0.0','0.0','0.0','0.0','0.0','0.0','0.0','0.0','','','','','0.0','','0.0',NULL);
INSERT INTO "Account" VALUES(7,'0122D0000011iZVQAY','Hill Household','','','','','','','','','','','','555-395-9737','','','','','','Household','Household Account','true','','','','0.0','0.0','0.0','0.0','','','0.0','0.0','0.0','0.0','0.0','0.0','0.0','0.0','0.0','0.0','0.0','','','','','0.0','','0.0',NULL);
INSERT INTO "Account" VALUES(8,'0122D0000011iZVQAY','Holmes Household','','','','','','','','','','','','555-930-8759','','','','','','Household','Household Account','true','','','','0.0','0.0','0.0','0.0','','','0.0','0.0','0.0','0.0','0.0','0.0','0.0','0.0','0.0','0.0','0.0','','','','','0.0','','0.0',NULL);
INSERT INTO "Account" VALUES(9,'0122D0000011iZVQAY','Jenkins Household','','','','','','','','','','','','555-469-9873','','','','','','Household','Household Account','true','','','','0.0','0.0','0.0','0.0','','','0.0','0.0','0.0','0.0','0.0','0.0','0.0','0.0','0.0','0.0','0.0','','','','','0.0','','0.0',NULL);
INSERT INTO "Account" VALUES(10,'0122D0000011iZWQAY','Marble Foundation','','','','','','','','','','','','555-389-74399','','','','','','Foundation','','false','','','','0.0','0.0','0.0','0.0','','','0.0','0.0','0.0','0.0','0.0','0.0','0.0','0.0','0.0','0.0','0.0','','','','','0.0','','0.0',NULL);
INSERT INTO "Account" VALUES(11,'0122D0000011iZWQAY','Future Potential Fund','','','','','','','','','','','','555-278-7643','','','','','','Foundation','','false','','','','0.0','0.0','0.0','0.0','','','0.0','0.0','0.0','0.0','0.0','0.0','0.0','0.0','0.0','0.0','0.0','','','','','0.0','','0.0',NULL);
INSERT INTO "Account" VALUES(12,'0122D0000011iZWQAY','City Department of Human Services','','','','','','','','','','','','','','','','','','Government','','false','','','','0.0','0.0','0.0','0.0','','','0.0','0.0','0.0','0.0','0.0','0.0','0.0','0.0','0.0','0.0','0.0','','','','','0.0','','0.0',NULL);
INSERT INTO "Account" VALUES(13,'0122D0000011iZVQAY','Duarte Household','','','','','','','','','','','','','','','','','','Household','Household Account','true','','','','0.0','0.0','0.0','0.0','','','0.0','0.0','0.0','0.0','0.0','0.0','0.0','0.0','0.0','0.0','0.0','','','','','0.0','','0.0',NULL);
INSERT INTO "Account" VALUES(14,'0122D0000011iZVQAY','Huerta Household','','','','','','','','','','','','','','','','','','Household','Household Account','true','','','','0.0','0.0','0.0','0.0','','','0.0','0.0','0.0','0.0','0.0','0.0','0.0','0.0','0.0','0.0','0.0','','','','','0.0','','0.0',NULL);
INSERT INTO "Account" VALUES(15,'0122D0000011iZVQAY','Hernandez Household','','','','','','','','','','','','','','','','','','Household','Household Account','true','','','','0.0','0.0','0.0','0.0','','','0.0','0.0','0.0','0.0','0.0','0.0','0.0','0.0','0.0','0.0','0.0','','','','','0.0','','0.0',NULL);
INSERT INTO "Account" VALUES(16,'0122D0000011iZVQAY','Villegas Household','','','','','','','','','','','','','','','','','','Household','Household Account','true','','','','0.0','0.0','0.0','0.0','','','0.0','0.0','0.0','0.0','0.0','0.0','0.0','0.0','0.0','0.0','0.0','','','','','0.0','','0.0',NULL);
INSERT INTO "Account" VALUES(17,'0122D0000011iZVQAY','Velasquez Household','','','','','','','','','','','','','','','','','','Household','Household Account','true','','','','0.0','0.0','0.0','0.0','','','0.0','0.0','0.0','0.0','0.0','0.0','0.0','0.0','0.0','0.0','0.0','','','','','0.0','','0.0',NULL);
INSERT INTO "Account" VALUES(18,'0122D0000011iZVQAY','Hardin Household','','','','','','','','','','','','','','','','','','Household','Household Account','true','','','','0.0','0.0','0.0','0.0','','','0.0','0.0','0.0','0.0','0.0','0.0','0.0','0.0','0.0','0.0','0.0','','','','','0.0','','0.0',NULL);
INSERT INTO "Account" VALUES(19,'0122D0000011iZVQAY','Bright Household','','','','','','','','','','','','','','','','','','Household','Household Account','true','','','','0.0','0.0','0.0','0.0','','','0.0','0.0','0.0','0.0','0.0','0.0','0.0','0.0','0.0','0.0','0.0','','','','','0.0','','0.0',NULL);
INSERT INTO "Account" VALUES(20,'0122D0000011iZVQAY','Atkins Household','','','','','','','','','','','','','','','','','','Household','Household Account','true','','','','0.0','0.0','0.0','0.0','','','0.0','0.0','0.0','0.0','0.0','0.0','0.0','0.0','0.0','0.0','0.0','','','','','0.0','','0.0',NULL);
INSERT INTO "Account" VALUES(21,'0122D0000011iZVQAY','Woods Household','','','','','','','','','','','','','','','','','','Household','Household Account','true','','','','0.0','0.0','0.0','0.0','','','0.0','0.0','0.0','0.0','0.0','0.0','0.0','0.0','0.0','0.0','0.0','','','','','0.0','','0.0',NULL);
INSERT INTO "Account" VALUES(22,'0122D0000011iZVQAY','Stanley Household','','','','','','','','','','','','','','','','','','Household','Household Account','true','','','','0.0','0.0','0.0','0.0','','','0.0','0.0','0.0','0.0','0.0','0.0','0.0','0.0','0.0','0.0','0.0','','','','','0.0','','0.0',NULL);
INSERT INTO "Account" VALUES(23,'0122D0000011iZVQAY','Fischer Household','','','','','','','','','','','','','','','','','','Household','Household Account','true','','','','0.0','0.0','0.0','0.0','','','0.0','0.0','0.0','0.0','0.0','0.0','0.0','0.0','0.0','0.0','0.0','','','','','0.0','','0.0',NULL);
INSERT INTO "Account" VALUES(24,'0122D0000011iZVQAY','Kline Household','','','','','','','','','','','','','','','','','','Household','Household Account','true','','','','0.0','0.0','0.0','0.0','','','0.0','0.0','0.0','0.0','0.0','0.0','0.0','0.0','0.0','0.0','0.0','','','','','0.0','','0.0',NULL);
INSERT INTO "Account" VALUES(25,'0122D0000011iZVQAY','Joyce Household','','','','','','','','','','','','','','','','','','Household','Household Account','true','','','','0.0','0.0','0.0','0.0','','','0.0','0.0','0.0','0.0','0.0','0.0','0.0','0.0','0.0','0.0','0.0','','','','','0.0','','0.0',NULL);
INSERT INTO "Account" VALUES(26,'0122D0000011iZVQAY','Case Household','','','','','','','','','','','','','','','','','','Household','Household Account','true','','','','0.0','0.0','0.0','0.0','','','0.0','0.0','0.0','0.0','0.0','0.0','0.0','0.0','0.0','0.0','0.0','','','','','0.0','','0.0',NULL);
INSERT INTO "Account" VALUES(27,'0122D0000011iZVQAY','Graves Household','','','','','','','','','','','','','','','','','','Household','Household Account','true','','','','0.0','0.0','0.0','0.0','','','0.0','0.0','0.0','0.0','0.0','0.0','0.0','0.0','0.0','0.0','0.0','','','','','0.0','','0.0',NULL);
INSERT INTO "Account" VALUES(28,'0122D0000011iZVQAY','Wu Household','','','','','','','','','','','','','','','','','','Household','Household Account','true','','','','0.0','0.0','0.0','0.0','','','0.0','0.0','0.0','0.0','0.0','0.0','0.0','0.0','0.0','0.0','0.0','','','','','0.0','','0.0',NULL);
INSERT INTO "Account" VALUES(29,'0122D0000011iZVQAY','Grant Household','','','','','','','','','','','','','','','','','','Household','Household Account','true','','','','0.0','0.0','0.0','0.0','','','0.0','0.0','0.0','0.0','0.0','0.0','0.0','0.0','0.0','0.0','0.0','','','','','0.0','','0.0',NULL);
INSERT INTO "Account" VALUES(30,'0122D0000011iZVQAY','Rojas Household','','','','','','','','','','','','','','','','','','Household','Household Account','true','','','','0.0','0.0','0.0','0.0','','','0.0','0.0','0.0','0.0','0.0','0.0','0.0','0.0','0.0','0.0','0.0','','','','','0.0','','0.0',NULL);
INSERT INTO "Account" VALUES(31,'0122D0000011iZVQAY','Chase Household','','','','','','','','','','','','','','','','','','Household','Household Account','true','','','','0.0','0.0','0.0','0.0','','','0.0','0.0','0.0','0.0','0.0','0.0','0.0','0.0','0.0','0.0','0.0','','','','','0.0','','0.0',NULL);
INSERT INTO "Account" VALUES(32,'0122D0000011iZVQAY','Holder Household','','','','','','','','','','','','','','','','','','Household','Household Account','true','','','','0.0','0.0','0.0','0.0','','','0.0','0.0','0.0','0.0','0.0','0.0','0.0','0.0','0.0','0.0','0.0','','','','','0.0','','0.0',NULL);
INSERT INTO "Account" VALUES(33,'0122D0000011iZVQAY','Pollard Household','','','','','','','','','','','','','','','','','','Household','Household Account','true','','','','0.0','0.0','0.0','0.0','','','0.0','0.0','0.0','0.0','0.0','0.0','0.0','0.0','0.0','0.0','0.0','','','','','0.0','','0.0',NULL);
INSERT INTO "Account" VALUES(34,'0122D0000011iZVQAY','Quinn Household','','','','','','','','','','','','','','','','','','Household','Household Account','true','','','','0.0','0.0','0.0','0.0','','','0.0','0.0','0.0','0.0','0.0','0.0','0.0','0.0','0.0','0.0','0.0','','','','','0.0','','0.0',NULL);
INSERT INTO "Account" VALUES(35,'0122D0000011iZVQAY','Wilkinson Household','','','','','','','','','','','','','','','','','','Household','Household Account','true','','','','0.0','0.0','0.0','0.0','','','0.0','0.0','0.0','0.0','0.0','0.0','0.0','0.0','0.0','0.0','0.0','','','','','0.0','','0.0',NULL);
INSERT INTO "Account" VALUES(36,'0122D0000011iZVQAY','Keller Household','','','','','','','','','','','','','','','','','','Household','Household Account','true','','','','0.0','0.0','0.0','0.0','','','0.0','0.0','0.0','0.0','0.0','0.0','0.0','0.0','0.0','0.0','0.0','','','','','0.0','','0.0',NULL);
INSERT INTO "Account" VALUES(37,'0122D0000011iZVQAY','Ellis Household','','','','','','','','','','','','','','','','','','Household','Household Account','true','','','','0.0','0.0','0.0','0.0','','','0.0','0.0','0.0','0.0','0.0','0.0','0.0','0.0','0.0','0.0','0.0','','','','','0.0','','0.0',NULL);
INSERT INTO "Account" VALUES(38,'0122D0000011iZVQAY','Neal Household','','','','','','','','','','','','','','','','','','Household','Household Account','true','','','','0.0','0.0','0.0','0.0','','','0.0','0.0','0.0','0.0','0.0','0.0','0.0','0.0','0.0','0.0','0.0','','','','','0.0','','0.0',NULL);
INSERT INTO "Account" VALUES(39,'0122D0000011iZVQAY','Mcconnell Household','','','','','','','','','','','','','','','','','','Household','Household Account','true','','','','0.0','0.0','0.0','0.0','','','0.0','0.0','0.0','0.0','0.0','0.0','0.0','0.0','0.0','0.0','0.0','','','','','0.0','','0.0',NULL);
INSERT INTO "Account" VALUES(40,'0122D0000011iZVQAY','Arellano Household','','','','','','','','','','','','','','','','','','Household','Household Account','true','','','','0.0','0.0','0.0','0.0','','','0.0','0.0','0.0','0.0','0.0','0.0','0.0','0.0','0.0','0.0','0.0','','','','','0.0','','0.0',NULL);
INSERT INTO "Account" VALUES(41,'0122D0000011iZVQAY','Glover Household','','','','','','','','','','','','','','','','','','Household','Household Account','true','','','','0.0','0.0','0.0','0.0','','','0.0','0.0','0.0','0.0','0.0','0.0','0.0','0.0','0.0','0.0','0.0','','','','','0.0','','0.0',NULL);
INSERT INTO "Account" VALUES(42,'0122D0000011iZVQAY','Lutz Household','','','','','','','','','','','','','','','','','','Household','Household Account','true','','','','0.0','0.0','0.0','0.0','','','0.0','0.0','0.0','0.0','0.0','0.0','0.0','0.0','0.0','0.0','0.0','','','','','0.0','','0.0',NULL);
INSERT INTO "Account" VALUES(43,'0122D0000011iZVQAY','Graves Household','','','','','','','','','','','','','','','','','','Household','Household Account','true','','','','0.0','0.0','0.0','0.0','','','0.0','0.0','0.0','0.0','0.0','0.0','0.0','0.0','0.0','0.0','0.0','','','','','0.0','','0.0',NULL);
INSERT INTO "Account" VALUES(44,'0122D0000011iZVQAY','Carson Household','','','','','','','','','','','','','','','','','','Household','Household Account','true','','','','0.0','0.0','0.0','0.0','','','0.0','0.0','0.0','0.0','0.0','0.0','0.0','0.0','0.0','0.0','0.0','','','','','0.0','','0.0',NULL);
INSERT INTO "Account" VALUES(45,'0122D0000011iZVQAY','Fletcher Household','','','','','','','','','','','','','','','','','','Household','Household Account','true','','','','0.0','0.0','0.0','0.0','','','0.0','0.0','0.0','0.0','0.0','0.0','0.0','0.0','0.0','0.0','0.0','','','','','0.0','','0.0',NULL);
INSERT INTO "Account" VALUES(46,'0122D0000011iZVQAY','Hernandez Household','','','','','','','','','','','','','','','','','','Household','Household Account','true','','','','0.0','0.0','0.0','0.0','','','0.0','0.0','0.0','0.0','0.0','0.0','0.0','0.0','0.0','0.0','0.0','','','','','0.0','','0.0',NULL);
INSERT INTO "Account" VALUES(47,'0122D0000011iZVQAY','Clayton Household','','','','','','','','','','','','','','','','','','Household','Household Account','true','','','','0.0','0.0','0.0','0.0','','','0.0','0.0','0.0','0.0','0.0','0.0','0.0','0.0','0.0','0.0','0.0','','','','','0.0','','0.0',NULL);
INSERT INTO "Account" VALUES(48,'0122D0000011iZVQAY','Richard Household','','','','','','','','','','','','','','','','','','Household','Household Account','true','','','','0.0','0.0','0.0','0.0','','','0.0','0.0','0.0','0.0','0.0','0.0','0.0','0.0','0.0','0.0','0.0','','','','','0.0','','0.0',NULL);
INSERT INTO "Account" VALUES(49,'0122D0000011iZVQAY','Waller Household','','','','','','','','','','','','','','','','','','Household','Household Account','true','','','','0.0','0.0','0.0','0.0','','','0.0','0.0','0.0','0.0','0.0','0.0','0.0','0.0','0.0','0.0','0.0','','','','','0.0','','0.0',NULL);
INSERT INTO "Account" VALUES(50,'0122D0000011iZVQAY','Hampton Household','','','','','','','','','','','','','','','','','','Household','Household Account','true','','','','0.0','0.0','0.0','0.0','','','0.0','0.0','0.0','0.0','0.0','0.0','0.0','0.0','0.0','0.0','0.0','','','','','0.0','','0.0',NULL);
INSERT INTO "Account" VALUES(51,'0122D0000011iZVQAY','Neal Household','','','','','','','','','','','','','','','','','','Household','Household Account','true','','','','0.0','0.0','0.0','0.0','','','0.0','0.0','0.0','0.0','0.0','0.0','0.0','0.0','0.0','0.0','0.0','','','','','0.0','','0.0',NULL);
INSERT INTO "Account" VALUES(52,'0122D0000011iZVQAY','Gentry Household','','','','','','','','','','','','','','','','','','Household','Household Account','true','','','','0.0','0.0','0.0','0.0','','','0.0','0.0','0.0','0.0','0.0','0.0','0.0','0.0','0.0','0.0','0.0','','','','','0.0','','0.0',NULL);
INSERT INTO "Account" VALUES(53,'0122D0000011iZVQAY','Barr Household','','','','','','','','','','','','','','','','','','Household','Household Account','true','','','','0.0','0.0','0.0','0.0','','','0.0','0.0','0.0','0.0','0.0','0.0','0.0','0.0','0.0','0.0','0.0','','','','','0.0','','0.0',NULL);
INSERT INTO "Account" VALUES(54,'0122D0000011iZVQAY','Pham Household','','','','','','','','','','','','','','','','','','Household','Household Account','true','','','','0.0','0.0','0.0','0.0','','','0.0','0.0','0.0','0.0','0.0','0.0','0.0','0.0','0.0','0.0','0.0','','','','','0.0','','0.0',NULL);
INSERT INTO "Account" VALUES(55,'0122D0000011iZVQAY','Cooley Household','','','','','','','','','','','','','','','','','','Household','Household Account','true','','','','0.0','0.0','0.0','0.0','','','0.0','0.0','0.0','0.0','0.0','0.0','0.0','0.0','0.0','0.0','0.0','','','','','0.0','','0.0',NULL);
INSERT INTO "Account" VALUES(56,'0122D0000011iZVQAY','Zimmerman Household','','','','','','','','','','','','','','','','','','Household','Household Account','true','','','','0.0','0.0','0.0','0.0','','','0.0','0.0','0.0','0.0','0.0','0.0','0.0','0.0','0.0','0.0','0.0','','','','','0.0','','0.0',NULL);
INSERT INTO "Account" VALUES(57,'0122D0000011iZVQAY','Wheeler Household','','','','','','','','','','','','','','','','','','Household','Household Account','true','','','','0.0','0.0','0.0','0.0','','','0.0','0.0','0.0','0.0','0.0','0.0','0.0','0.0','0.0','0.0','0.0','','','','','0.0','','0.0',NULL);
INSERT INTO "Account" VALUES(58,'0122D0000011iZVQAY','Beltran Household','','','','','','','','','','','','','','','','','','Household','Household Account','true','','','','0.0','0.0','0.0','0.0','','','0.0','0.0','0.0','0.0','0.0','0.0','0.0','0.0','0.0','0.0','0.0','','','','','0.0','','0.0',NULL);
INSERT INTO "Account" VALUES(59,'0122D0000011iZVQAY','Bird Household','','','','','','','','','','','','','','','','','','Household','Household Account','true','','','','0.0','0.0','0.0','0.0','','','0.0','0.0','0.0','0.0','0.0','0.0','0.0','0.0','0.0','0.0','0.0','','','','','0.0','','0.0',NULL);
INSERT INTO "Account" VALUES(60,'0122D0000011iZVQAY','Duffy Household','','','','','','','','','','','','','','','','','','Household','Household Account','true','','','','0.0','0.0','0.0','0.0','','','0.0','0.0','0.0','0.0','0.0','0.0','0.0','0.0','0.0','0.0','0.0','','','','','0.0','','0.0',NULL);
INSERT INTO "Account" VALUES(61,'0122D0000011iZVQAY','Woods Household','','','','','','','','','','','','','','','','','','Household','Household Account','true','','','','0.0','0.0','0.0','0.0','','','0.0','0.0','0.0','0.0','0.0','0.0','0.0','0.0','0.0','0.0','0.0','','','','','0.0','','0.0',NULL);
INSERT INTO "Account" VALUES(62,'0122D0000011iZVQAY','Richards Household','','','','','','','','','','','','','','','','','','Household','Household Account','true','','','','0.0','0.0','0.0','0.0','','','0.0','0.0','0.0','0.0','0.0','0.0','0.0','0.0','0.0','0.0','0.0','','','','','0.0','','0.0',NULL);
INSERT INTO "Account" VALUES(63,'0122D0000011iZVQAY','Valdez Household','','','','','','','','','','','','','','','','','','Household','Household Account','true','','','','0.0','0.0','0.0','0.0','','','0.0','0.0','0.0','0.0','0.0','0.0','0.0','0.0','0.0','0.0','0.0','','','','','0.0','','0.0',NULL);
INSERT INTO "Account" VALUES(64,'0122D0000011iZVQAY','Mills Household','','','','','','','','','','','','','','','','','','Household','Household Account','true','','','','0.0','0.0','0.0','0.0','','','0.0','0.0','0.0','0.0','0.0','0.0','0.0','0.0','0.0','0.0','0.0','','','','','0.0','','0.0',NULL);
INSERT INTO "Account" VALUES(65,'0122D0000011iZVQAY','Greene Household','','','','','','','','','','','','','','','','','','Household','Household Account','true','','','','0.0','0.0','0.0','0.0','','','0.0','0.0','0.0','0.0','0.0','0.0','0.0','0.0','0.0','0.0','0.0','','','','','0.0','','0.0',NULL);
INSERT INTO "Account" VALUES(66,'0122D0000011iZVQAY','Escobar Household','','','','','','','','','','','','','','','','','','Household','Household Account','true','','','','0.0','0.0','0.0','0.0','','','0.0','0.0','0.0','0.0','0.0','0.0','0.0','0.0','0.0','0.0','0.0','','','','','0.0','','0.0',NULL);
INSERT INTO "Account" VALUES(67,'0122D0000011iZVQAY','Gross Household','','','','','','','','','','','','','','','','','','Household','Household Account','true','','','','0.0','0.0','0.0','0.0','','','0.0','0.0','0.0','0.0','0.0','0.0','0.0','0.0','0.0','0.0','0.0','','','','','0.0','','0.0',NULL);
INSERT INTO "Account" VALUES(68,'0122D0000011iZVQAY','Guerrero Household','','','','','','','','','','','','','','','','','','Household','Household Account','true','','','','0.0','0.0','0.0','0.0','','','0.0','0.0','0.0','0.0','0.0','0.0','0.0','0.0','0.0','0.0','0.0','','','','','0.0','','0.0',NULL);
INSERT INTO "Account" VALUES(69,'0122D0000011iZVQAY','Ritter Household','','','','','','','','','','','','','','','','','','Household','Household Account','true','','','','0.0','0.0','0.0','0.0','','','0.0','0.0','0.0','0.0','0.0','0.0','0.0','0.0','0.0','0.0','0.0','','','','','0.0','','0.0',NULL);
INSERT INTO "Account" VALUES(70,'0122D0000011iZVQAY','Sims Household','','','','','','','','','','','','','','','','','','Household','Household Account','true','','','','0.0','0.0','0.0','0.0','','','0.0','0.0','0.0','0.0','0.0','0.0','0.0','0.0','0.0','0.0','0.0','','','','','0.0','','0.0',NULL);
INSERT INTO "Account" VALUES(71,'0122D0000011iZVQAY','Huffman Household','','','','','','','','','','','','','','','','','','Household','Household Account','true','','','','0.0','0.0','0.0','0.0','','','0.0','0.0','0.0','0.0','0.0','0.0','0.0','0.0','0.0','0.0','0.0','','','','','0.0','','0.0',NULL);
INSERT INTO "Account" VALUES(72,'0122D0000011iZVQAY','Hall Household','','','','','','','','','','','','','','','','','','Household','Household Account','true','','','','0.0','0.0','0.0','0.0','','','0.0','0.0','0.0','0.0','0.0','0.0','0.0','0.0','0.0','0.0','0.0','','','','','0.0','','0.0',NULL);
INSERT INTO "Account" VALUES(73,'0122D0000011iZVQAY','Barker Household','','','','','','','','','','','','','','','','','','Household','Household Account','true','','','','0.0','0.0','0.0','0.0','','','0.0','0.0','0.0','0.0','0.0','0.0','0.0','0.0','0.0','0.0','0.0','','','','','0.0','','0.0',NULL);
INSERT INTO "Account" VALUES(74,'0122D0000011iZVQAY','Glass Household','','','','','','','','','','','','','','','','','','Household','Household Account','true','','','','0.0','0.0','0.0','0.0','','','0.0','0.0','0.0','0.0','0.0','0.0','0.0','0.0','0.0','0.0','0.0','','','','','0.0','','0.0',NULL);
INSERT INTO "Account" VALUES(75,'0122D0000011iZVQAY','Ibarra Household','','','','','','','','','','','','','','','','','','Household','Household Account','true','','','','0.0','0.0','0.0','0.0','','','0.0','0.0','0.0','0.0','0.0','0.0','0.0','0.0','0.0','0.0','0.0','','','','','0.0','','0.0',NULL);
INSERT INTO "Account" VALUES(76,'0122D0000011iZVQAY','Morgan Household','','','','','','','','','','','','','','','','','','Household','Household Account','true','','','','0.0','0.0','0.0','0.0','','','0.0','0.0','0.0','0.0','0.0','0.0','0.0','0.0','0.0','0.0','0.0','','','','','0.0','','0.0',NULL);
INSERT INTO "Account" VALUES(77,'0122D0000011iZVQAY','Bowers Household','','','','','','','','','','','','','','','','','','Household','Household Account','true','','','','0.0','0.0','0.0','0.0','','','0.0','0.0','0.0','0.0','0.0','0.0','0.0','0.0','0.0','0.0','0.0','','','','','0.0','','0.0',NULL);
INSERT INTO "Account" VALUES(78,'0122D0000011iZVQAY','Odom Household','','','','','','','','','','','','','','','','','','Household','Household Account','true','','','','0.0','0.0','0.0','0.0','','','0.0','0.0','0.0','0.0','0.0','0.0','0.0','0.0','0.0','0.0','0.0','','','','','0.0','','0.0',NULL);
INSERT INTO "Account" VALUES(79,'0122D0000011iZVQAY','Flores Household','','','','','','','','','','','','','','','','','','Household','Household Account','true','','','','0.0','0.0','0.0','0.0','','','0.0','0.0','0.0','0.0','0.0','0.0','0.0','0.0','0.0','0.0','0.0','','','','','0.0','','0.0',NULL);
INSERT INTO "Account" VALUES(80,'0122D0000011iZVQAY','Wall Household','','','','','','','','','','','','','','','','','','Household','Household Account','true','','','','0.0','0.0','0.0','0.0','','','0.0','0.0','0.0','0.0','0.0','0.0','0.0','0.0','0.0','0.0','0.0','','','','','0.0','','0.0',NULL);
INSERT INTO "Account" VALUES(81,'0122D0000011iZVQAY','Waller Household','','','','','','','','','','','','','','','','','','Household','Household Account','true','','','','0.0','0.0','0.0','0.0','','','0.0','0.0','0.0','0.0','0.0','0.0','0.0','0.0','0.0','0.0','0.0','','','','','0.0','','0.0',NULL);
INSERT INTO "Account" VALUES(82,'0122D0000011iZVQAY','Bray Household','','','','','','','','','','','','','','','','','','Household','Household Account','true','','','','0.0','0.0','0.0','0.0','','','0.0','0.0','0.0','0.0','0.0','0.0','0.0','0.0','0.0','0.0','0.0','','','','','0.0','','0.0',NULL);
INSERT INTO "Account" VALUES(83,'0122D0000011iZVQAY','Conner Household','','','','','','','','','','','','','','','','','','Household','Household Account','true','','','','0.0','0.0','0.0','0.0','','','0.0','0.0','0.0','0.0','0.0','0.0','0.0','0.0','0.0','0.0','0.0','','','','','0.0','','0.0',NULL);
INSERT INTO "Account" VALUES(84,'0122D0000011iZVQAY','Harper Household','','','','','','','','','','','','','','','','','','Household','Household Account','true','','','','0.0','0.0','0.0','0.0','','','0.0','0.0','0.0','0.0','0.0','0.0','0.0','0.0','0.0','0.0','0.0','','','','','0.0','','0.0',NULL);
INSERT INTO "Account" VALUES(85,'0122D0000011iZVQAY','Aguilar Household','','','','','','','','','','','','','','','','','','Household','Household Account','true','','','','0.0','0.0','0.0','0.0','','','0.0','0.0','0.0','0.0','0.0','0.0','0.0','0.0','0.0','0.0','0.0','','','','','0.0','','0.0',NULL);
INSERT INTO "Account" VALUES(86,'0122D0000011iZVQAY','Cummings Household','','','','','','','','','','','','','','','','','','Household','Household Account','true','','','','0.0','0.0','0.0','0.0','','','0.0','0.0','0.0','0.0','0.0','0.0','0.0','0.0','0.0','0.0','0.0','','','','','0.0','','0.0',NULL);
INSERT INTO "Account" VALUES(87,'0122D0000011iZVQAY','Cardenas Household','','','','','','','','','','','','','','','','','','Household','Household Account','true','','','','0.0','0.0','0.0','0.0','','','0.0','0.0','0.0','0.0','0.0','0.0','0.0','0.0','0.0','0.0','0.0','','','','','0.0','','0.0',NULL);
INSERT INTO "Account" VALUES(88,'0122D0000011iZVQAY','Olson Household','','','','','','','','','','','','','','','','','','Household','Household Account','true','','','','0.0','0.0','0.0','0.0','','','0.0','0.0','0.0','0.0','0.0','0.0','0.0','0.0','0.0','0.0','0.0','','','','','0.0','','0.0',NULL);
INSERT INTO "Account" VALUES(89,'0122D0000011iZVQAY','Orr Household','','','','','','','','','','','','','','','','','','Household','Household Account','true','','','','0.0','0.0','0.0','0.0','','','0.0','0.0','0.0','0.0','0.0','0.0','0.0','0.0','0.0','0.0','0.0','','','','','0.0','','0.0',NULL);
INSERT INTO "Account" VALUES(90,'0122D0000011iZVQAY','Salinas Household','','','','','','','','','','','','','','','','','','Household','Household Account','true','','','','0.0','0.0','0.0','0.0','','','0.0','0.0','0.0','0.0','0.0','0.0','0.0','0.0','0.0','0.0','0.0','','','','','0.0','','0.0',NULL);
INSERT INTO "Account" VALUES(91,'0122D0000011iZVQAY','Bullock Household','','','','','','','','','','','','','','','','','','Household','Household Account','true','','','','0.0','0.0','0.0','0.0','','','0.0','0.0','0.0','0.0','0.0','0.0','0.0','0.0','0.0','0.0','0.0','','','','','0.0','','0.0',NULL);
INSERT INTO "Account" VALUES(92,'0122D0000011iZVQAY','Solomon Household','','','','','','','','','','','','','','','','','','Household','Household Account','true','','','','0.0','0.0','0.0','0.0','','','0.0','0.0','0.0','0.0','0.0','0.0','0.0','0.0','0.0','0.0','0.0','','','','','0.0','','0.0',NULL);
INSERT INTO "Account" VALUES(93,'0122D0000011iZVQAY','Higgins Household','','','','','','','','','','','','555-248-3956','','','','','','Household','Household Account','true','','','','0.0','0.0','0.0','0.0','','','0.0','0.0','0.0','0.0','0.0','0.0','0.0','0.0','0.0','0.0','0.0','','','','','0.0','','0.0',NULL);
INSERT INTO "Account" VALUES(94,'0122D0000011iZVQAY','Adams Household','','','','','','','','','','','','555-648-7204','','','','','','Household','Household Account','true','','','','0.0','0.0','0.0','0.0','','','0.0','0.0','0.0','0.0','0.0','0.0','0.0','0.0','0.0','0.0','0.0','','','','','0.0','','0.0',NULL);
INSERT INTO "Account" VALUES(95,'0122D0000011iZVQAY','Johnson Household','','','','','','','','','','','','555-248-3956','','','','','','Household','Household Account','true','','','','0.0','0.0','0.0','0.0','','','0.0','0.0','0.0','0.0','0.0','0.0','0.0','0.0','0.0','0.0','0.0','','','','','0.0','','0.0',NULL);
INSERT INTO "Account" VALUES(96,'0122D0000011iZVQAY','Burgess Household','','','','','','','','','','','','','','','','','','Household','Household Account','true','','','','0.0','0.0','0.0','0.0','','','0.0','0.0','0.0','0.0','0.0','0.0','0.0','0.0','0.0','0.0','0.0','','','','','0.0','','0.0',NULL);
INSERT INTO "Account" VALUES(97,'0122D0000011iZVQAY','Clark Household','','','','','','','','','','','','','','','','','','Household','Household Account','true','','','','0.0','0.0','0.0','0.0','','','0.0','0.0','0.0','0.0','0.0','0.0','0.0','0.0','0.0','0.0','0.0','','','','','0.0','','0.0',NULL);
INSERT INTO "Account" VALUES(98,'0122D0000011iZVQAY','Gonzales Household','','','','','','','','','','','','','','','','','','Household','Household Account','true','','','','0.0','0.0','0.0','0.0','','','0.0','0.0','0.0','0.0','0.0','0.0','0.0','0.0','0.0','0.0','0.0','','','','','0.0','','0.0',NULL);
INSERT INTO "Account" VALUES(99,'0122D0000011iZVQAY','Cobb Household','','','','','','','','','','','','','','','','','','Household','Household Account','true','','','','0.0','0.0','0.0','0.0','','','0.0','0.0','0.0','0.0','0.0','0.0','0.0','0.0','0.0','0.0','0.0','','','','','0.0','','0.0',NULL);
INSERT INTO "Account" VALUES(100,'0122D0000011iZVQAY','Shah Household','','','','','','','','','','','','','','','','','','Household','Household Account','true','','','','0.0','0.0','0.0','0.0','','','0.0','0.0','0.0','0.0','0.0','0.0','0.0','0.0','0.0','0.0','0.0','','','','','0.0','','0.0',NULL);
INSERT INTO "Account" VALUES(101,'0122D0000011iZVQAY','Arroyo Household','','','','','','','','','','','','','','','','','','Household','Household Account','true','','','','0.0','0.0','0.0','0.0','','','0.0','0.0','0.0','0.0','0.0','0.0','0.0','0.0','0.0','0.0','0.0','','','','','0.0','','0.0',NULL);
INSERT INTO "Account" VALUES(102,'0122D0000011iZVQAY','Booker Household','','','','','','','','','','','','','','','','','','Household','Household Account','true','','','','0.0','0.0','0.0','0.0','','','0.0','0.0','0.0','0.0','0.0','0.0','0.0','0.0','0.0','0.0','0.0','','','','','0.0','','0.0',NULL);
INSERT INTO "Account" VALUES(103,'0122D0000011iZVQAY','Mercer Household','','','','','','','','','','','','','','','','','','Household','Household Account','true','','','','0.0','0.0','0.0','0.0','','','0.0','0.0','0.0','0.0','0.0','0.0','0.0','0.0','0.0','0.0','0.0','','','','','0.0','','0.0',NULL);
INSERT INTO "Account" VALUES(104,'0122D0000011iZVQAY','Horton Household','','','','','','','','','','','','','','','','','','Household','Household Account','true','','','','0.0','0.0','0.0','0.0','','','0.0','0.0','0.0','0.0','0.0','0.0','0.0','0.0','0.0','0.0','0.0','','','','','0.0','','0.0',NULL);
INSERT INTO "Account" VALUES(105,'0122D0000011iZVQAY','Rios Household','','','','','','','','','','','','','','','','','','Household','Household Account','true','','','','0.0','0.0','0.0','0.0','','','0.0','0.0','0.0','0.0','0.0','0.0','0.0','0.0','0.0','0.0','0.0','','','','','0.0','','0.0',NULL);
INSERT INTO "Account" VALUES(106,'0122D0000011iZVQAY','Craig Household','','','','','','','','','','','','','','','','','','Household','Household Account','true','','','','0.0','0.0','0.0','0.0','','','0.0','0.0','0.0','0.0','0.0','0.0','0.0','0.0','0.0','0.0','0.0','','','','','0.0','','0.0',NULL);
INSERT INTO "Account" VALUES(107,'0122D0000011iZVQAY','Oliver Household','','','','','','','','','','','','','','','','','','Household','Household Account','true','','','','0.0','0.0','0.0','0.0','','','0.0','0.0','0.0','0.0','0.0','0.0','0.0','0.0','0.0','0.0','0.0','','','','','0.0','','0.0',NULL);
INSERT INTO "Account" VALUES(108,'0122D0000011iZVQAY','Montgomery Household','','','','','','','','','','','','','','','','','','Household','Household Account','true','','','','0.0','0.0','0.0','0.0','','','0.0','0.0','0.0','0.0','0.0','0.0','0.0','0.0','0.0','0.0','0.0','','','','','0.0','','0.0',NULL);
INSERT INTO "Account" VALUES(109,'0122D0000011iZVQAY','Cooke Household','','','','','','','','','','','','','','','','','','Household','Household Account','true','','','','0.0','0.0','0.0','0.0','','','0.0','0.0','0.0','0.0','0.0','0.0','0.0','0.0','0.0','0.0','0.0','','','','','0.0','','0.0',NULL);
INSERT INTO "Account" VALUES(110,'0122D0000011iZVQAY','Morrison Household','','','','','','','','','','','','','','','','','','Household','Household Account','true','','','','0.0','0.0','0.0','0.0','','','0.0','0.0','0.0','0.0','0.0','0.0','0.0','0.0','0.0','0.0','0.0','','','','','0.0','','0.0',NULL);
INSERT INTO "Account" VALUES(111,'0122D0000011iZVQAY','Osborn Household','','','','','','','','','','','','','','','','','','Household','Household Account','true','','','','0.0','0.0','0.0','0.0','','','0.0','0.0','0.0','0.0','0.0','0.0','0.0','0.0','0.0','0.0','0.0','','','','','0.0','','0.0',NULL);
INSERT INTO "Account" VALUES(112,'0122D0000011iZVQAY','Pearson Household','','','','','','','','','','','','','','','','','','Household','Household Account','true','','','','0.0','0.0','0.0','0.0','','','0.0','0.0','0.0','0.0','0.0','0.0','0.0','0.0','0.0','0.0','0.0','','','','','0.0','','0.0',NULL);
INSERT INTO "Account" VALUES(113,'0122D0000011iZVQAY','Branch Household','','','','','','','','','','','','','','','','','','Household','Household Account','true','','','','0.0','0.0','0.0','0.0','','','0.0','0.0','0.0','0.0','0.0','0.0','0.0','0.0','0.0','0.0','0.0','','','','','0.0','','0.0',NULL);
INSERT INTO "Account" VALUES(114,'0122D0000011iZVQAY','Bates Household','','','','','','','','','','','','','','','','','','Household','Household Account','true','','','','0.0','0.0','0.0','0.0','','','0.0','0.0','0.0','0.0','0.0','0.0','0.0','0.0','0.0','0.0','0.0','','','','','0.0','','0.0',NULL);
INSERT INTO "Account" VALUES(115,'0122D0000011iZVQAY','Rodgers Household','','','','','','','','','','','','','','','','','','Household','Household Account','true','','','','0.0','0.0','0.0','0.0','','','0.0','0.0','0.0','0.0','0.0','0.0','0.0','0.0','0.0','0.0','0.0','','','','','0.0','','0.0',NULL);
INSERT INTO "Account" VALUES(116,'0122D0000011iZVQAY','Mcclure Household','','','','','','','','','','','','','','','','','','Household','Household Account','true','','','','0.0','0.0','0.0','0.0','','','0.0','0.0','0.0','0.0','0.0','0.0','0.0','0.0','0.0','0.0','0.0','','','','','0.0','','0.0',NULL);
INSERT INTO "Account" VALUES(117,'0122D0000011iZVQAY','Huynh Household','','','','','','','','','','','','','','','','','','Household','Household Account','true','','','','0.0','0.0','0.0','0.0','','','0.0','0.0','0.0','0.0','0.0','0.0','0.0','0.0','0.0','0.0','0.0','','','','','0.0','','0.0',NULL);
INSERT INTO "Account" VALUES(118,'0122D0000011iZVQAY','Gonzalez Household','','','','','','','','','','','','','','','','','','Household','Household Account','true','','','','0.0','0.0','0.0','0.0','','','0.0','0.0','0.0','0.0','0.0','0.0','0.0','0.0','0.0','0.0','0.0','','','','','0.0','','0.0',NULL);
INSERT INTO "Account" VALUES(119,'0122D0000011iZVQAY','Singleton Household','','','','','','','','','','','','','','','','','','Household','Household Account','true','','','','0.0','0.0','0.0','0.0','','','0.0','0.0','0.0','0.0','0.0','0.0','0.0','0.0','0.0','0.0','0.0','','','','','0.0','','0.0',NULL);
INSERT INTO "Account" VALUES(120,'0122D0000011iZVQAY','Woodard Household','','','','','','','','','','','','','','','','','','Household','Household Account','true','','','','0.0','0.0','0.0','0.0','','','0.0','0.0','0.0','0.0','0.0','0.0','0.0','0.0','0.0','0.0','0.0','','','','','0.0','','0.0',NULL);
INSERT INTO "Account" VALUES(121,'0122D0000011iZVQAY','Gibson Household','','','','','','','','','','','','','','','','','','Household','Household Account','true','','','','0.0','0.0','0.0','0.0','','','0.0','0.0','0.0','0.0','0.0','0.0','0.0','0.0','0.0','0.0','0.0','','','','','0.0','','0.0',NULL);
INSERT INTO "Account" VALUES(122,'0122D0000011iZVQAY','Bass Household','','','','','','','','','','','','','','','','','','Household','Household Account','true','','','','0.0','0.0','0.0','0.0','','','0.0','0.0','0.0','0.0','0.0','0.0','0.0','0.0','0.0','0.0','0.0','','','','','0.0','','0.0',NULL);
INSERT INTO "Account" VALUES(123,'0122D0000011iZVQAY','Bishop Household','','','','','','','','','','','','','','','','','','Household','Household Account','true','','','','0.0','0.0','0.0','0.0','','','0.0','0.0','0.0','0.0','0.0','0.0','0.0','0.0','0.0','0.0','0.0','','','','','0.0','','0.0',NULL);
INSERT INTO "Account" VALUES(124,'0122D0000011iZVQAY','Cisneros Household','','','','','','','','','','','','','','','','','','Household','Household Account','true','','','','0.0','0.0','0.0','0.0','','','0.0','0.0','0.0','0.0','0.0','0.0','0.0','0.0','0.0','0.0','0.0','','','','','0.0','','0.0',NULL);
INSERT INTO "Account" VALUES(125,'0122D0000011iZVQAY','Owen Household','','','','','','','','','','','','','','','','','','Household','Household Account','true','','','','0.0','0.0','0.0','0.0','','','0.0','0.0','0.0','0.0','0.0','0.0','0.0','0.0','0.0','0.0','0.0','','','','','0.0','','0.0',NULL);
INSERT INTO "Account" VALUES(126,'0122D0000011iZVQAY','Kerr Household','','','','','','','','','','','','','','','','','','Household','Household Account','true','','','','0.0','0.0','0.0','0.0','','','0.0','0.0','0.0','0.0','0.0','0.0','0.0','0.0','0.0','0.0','0.0','','','','','0.0','','0.0',NULL);
INSERT INTO "Account" VALUES(127,'0122D0000011iZVQAY','Crawford Household','','','','','','','','','','','','','','','','','','Household','Household Account','true','','','','0.0','0.0','0.0','0.0','','','0.0','0.0','0.0','0.0','0.0','0.0','0.0','0.0','0.0','0.0','0.0','','','','','0.0','','0.0',NULL);
INSERT INTO "Account" VALUES(128,'0122D0000011iZVQAY','Eaton Household','','','','','','','','','','','','','','','','','','Household','Household Account','true','','','','0.0','0.0','0.0','0.0','','','0.0','0.0','0.0','0.0','0.0','0.0','0.0','0.0','0.0','0.0','0.0','','','','','0.0','','0.0',NULL);
INSERT INTO "Account" VALUES(129,'0122D0000011iZVQAY','Rasmussen Household','','','','','','','','','','','','','','','','','','Household','Household Account','true','','','','0.0','0.0','0.0','0.0','','','0.0','0.0','0.0','0.0','0.0','0.0','0.0','0.0','0.0','0.0','0.0','','','','','0.0','','0.0',NULL);
INSERT INTO "Account" VALUES(130,'0122D0000011iZVQAY','Campos Household','','','','','','','','','','','','','','','','','','Household','Household Account','true','','','','0.0','0.0','0.0','0.0','','','0.0','0.0','0.0','0.0','0.0','0.0','0.0','0.0','0.0','0.0','0.0','','','','','0.0','','0.0',NULL);
INSERT INTO "Account" VALUES(131,'0122D0000011iZVQAY','Bond Household','','','','','','','','','','','','','','','','','','Household','Household Account','true','','','','0.0','0.0','0.0','0.0','','','0.0','0.0','0.0','0.0','0.0','0.0','0.0','0.0','0.0','0.0','0.0','','','','','0.0','','0.0',NULL);
INSERT INTO "Account" VALUES(132,'0122D0000011iZVQAY','Myers Household','','','','','','','','','','','','','','','','','','Household','Household Account','true','','','','0.0','0.0','0.0','0.0','','','0.0','0.0','0.0','0.0','0.0','0.0','0.0','0.0','0.0','0.0','0.0','','','','','0.0','','0.0',NULL);
INSERT INTO "Account" VALUES(133,'0122D0000011iZVQAY','Stanton Household','','','','','','','','','','','','','','','','','','Household','Household Account','true','','','','0.0','0.0','0.0','0.0','','','0.0','0.0','0.0','0.0','0.0','0.0','0.0','0.0','0.0','0.0','0.0','','','','','0.0','','0.0',NULL);
INSERT INTO "Account" VALUES(134,'0122D0000011iZVQAY','Woods Household','','','','','','','','','','','','','','','','','','Household','Household Account','true','','','','0.0','0.0','0.0','0.0','','','0.0','0.0','0.0','0.0','0.0','0.0','0.0','0.0','0.0','0.0','0.0','','','','','0.0','','0.0',NULL);
INSERT INTO "Account" VALUES(135,'0122D0000011iZVQAY','Spence Household','','','','','','','','','','','','','','','','','','Household','Household Account','true','','','','0.0','0.0','0.0','0.0','','','0.0','0.0','0.0','0.0','0.0','0.0','0.0','0.0','0.0','0.0','0.0','','','','','0.0','','0.0',NULL);
INSERT INTO "Account" VALUES(136,'0122D0000011iZVQAY','Webster Household','','','','','','','','','','','','','','','','','','Household','Household Account','true','','','','0.0','0.0','0.0','0.0','','','0.0','0.0','0.0','0.0','0.0','0.0','0.0','0.0','0.0','0.0','0.0','','','','','0.0','','0.0',NULL);
INSERT INTO "Account" VALUES(137,'0122D0000011iZVQAY','Costa Household','','','','','','','','','','','','','','','','','','Household','Household Account','true','','','','0.0','0.0','0.0','0.0','','','0.0','0.0','0.0','0.0','0.0','0.0','0.0','0.0','0.0','0.0','0.0','','','','','0.0','','0.0',NULL);
INSERT INTO "Account" VALUES(138,'0122D0000011iZVQAY','Humphrey Household','','','','','','','','','','','','','','','','','','Household','Household Account','true','','','','0.0','0.0','0.0','0.0','','','0.0','0.0','0.0','0.0','0.0','0.0','0.0','0.0','0.0','0.0','0.0','','','','','0.0','','0.0',NULL);
INSERT INTO "Account" VALUES(139,'0122D0000011iZVQAY','Cain Household','','','','','','','','','','','','','','','','','','Household','Household Account','true','','','','0.0','0.0','0.0','0.0','','','0.0','0.0','0.0','0.0','0.0','0.0','0.0','0.0','0.0','0.0','0.0','','','','','0.0','','0.0',NULL);
INSERT INTO "Account" VALUES(140,'0122D0000011iZVQAY','Dunlap Household','','','','','','','','','','','','','','','','','','Household','Household Account','true','','','','0.0','0.0','0.0','0.0','','','0.0','0.0','0.0','0.0','0.0','0.0','0.0','0.0','0.0','0.0','0.0','','','','','0.0','','0.0',NULL);
INSERT INTO "Account" VALUES(141,'0122D0000011iZVQAY','Blackwell Household','','','','','','','','','','','','','','','','','','Household','Household Account','true','','','','0.0','0.0','0.0','0.0','','','0.0','0.0','0.0','0.0','0.0','0.0','0.0','0.0','0.0','0.0','0.0','','','','','0.0','','0.0',NULL);
INSERT INTO "Account" VALUES(142,'0122D0000011iZVQAY','Irwin Household','','','','','','','','','','','','','','','','','','Household','Household Account','true','','','','0.0','0.0','0.0','0.0','','','0.0','0.0','0.0','0.0','0.0','0.0','0.0','0.0','0.0','0.0','0.0','','','','','0.0','','0.0',NULL);
INSERT INTO "Account" VALUES(143,'0122D0000011iZVQAY','Hughes Household','','','','','','','','','','','','','','','','','','Household','Household Account','true','','','','0.0','0.0','0.0','0.0','','','0.0','0.0','0.0','0.0','0.0','0.0','0.0','0.0','0.0','0.0','0.0','','','','','0.0','','0.0',NULL);
INSERT INTO "Account" VALUES(144,'0122D0000011iZVQAY','Wells Household','','','','','','','','','','','','','','','','','','Household','Household Account','true','','','','0.0','0.0','0.0','0.0','','','0.0','0.0','0.0','0.0','0.0','0.0','0.0','0.0','0.0','0.0','0.0','','','','','0.0','','0.0',NULL);
INSERT INTO "Account" VALUES(145,'0122D0000011iZVQAY','Davila Household','','','','','','','','','','','','','','','','','','Household','Household Account','true','','','','0.0','0.0','0.0','0.0','','','0.0','0.0','0.0','0.0','0.0','0.0','0.0','0.0','0.0','0.0','0.0','','','','','0.0','','0.0',NULL);
INSERT INTO "Account" VALUES(146,'0122D0000011iZVQAY','Barnett Household','','','','','','','','','','','','','','','','','','Household','Household Account','true','','','','0.0','0.0','0.0','0.0','','','0.0','0.0','0.0','0.0','0.0','0.0','0.0','0.0','0.0','0.0','0.0','','','','','0.0','','0.0',NULL);
INSERT INTO "Account" VALUES(147,'0122D0000011iZVQAY','Norman Household','','','','','','','','','','','','','','','','','','Household','Household Account','true','','','','0.0','0.0','0.0','0.0','','','0.0','0.0','0.0','0.0','0.0','0.0','0.0','0.0','0.0','0.0','0.0','','','','','0.0','','0.0',NULL);
INSERT INTO "Account" VALUES(148,'0122D0000011iZVQAY','Snow Household','','','','','','','','','','','','','','','','','','Household','Household Account','true','','','','0.0','0.0','0.0','0.0','','','0.0','0.0','0.0','0.0','0.0','0.0','0.0','0.0','0.0','0.0','0.0','','','','','0.0','','0.0',NULL);
INSERT INTO "Account" VALUES(149,'0122D0000011iZVQAY','Wood Household','','','','','','','','','','','','','','','','','','Household','Household Account','true','','','','0.0','0.0','0.0','0.0','','','0.0','0.0','0.0','0.0','0.0','0.0','0.0','0.0','0.0','0.0','0.0','','','','','0.0','','0.0',NULL);
INSERT INTO "Account" VALUES(150,'0122D0000011iZVQAY','Norton Household','','','','','','','','','','','','','','','','','','Household','Household Account','true','','','','0.0','0.0','0.0','0.0','','','0.0','0.0','0.0','0.0','0.0','0.0','0.0','0.0','0.0','0.0','0.0','','','','','0.0','','0.0',NULL);
INSERT INTO "Account" VALUES(151,'0122D0000011iZVQAY','Morgan Household','','','','','','','','','','','','','','','','','','Household','Household Account','true','','','','0.0','0.0','0.0','0.0','','','0.0','0.0','0.0','0.0','0.0','0.0','0.0','0.0','0.0','0.0','0.0','','','','','0.0','','0.0',NULL);
INSERT INTO "Account" VALUES(152,'0122D0000011iZVQAY','Decker Household','','','','','','','','','','','','','','','','','','Household','Household Account','true','','','','0.0','0.0','0.0','0.0','','','0.0','0.0','0.0','0.0','0.0','0.0','0.0','0.0','0.0','0.0','0.0','','','','','0.0','','0.0',NULL);
INSERT INTO "Account" VALUES(153,'0122D0000011iZVQAY','Lambert Household','','','','','','','','','','','','','','','','','','Household','Household Account','true','','','','0.0','0.0','0.0','0.0','','','0.0','0.0','0.0','0.0','0.0','0.0','0.0','0.0','0.0','0.0','0.0','','','','','0.0','','0.0',NULL);
INSERT INTO "Account" VALUES(154,'0122D0000011iZVQAY','Barry Household','','','','','','','','','','','','','','','','','','Household','Household Account','true','','','','0.0','0.0','0.0','0.0','','','0.0','0.0','0.0','0.0','0.0','0.0','0.0','0.0','0.0','0.0','0.0','','','','','0.0','','0.0',NULL);
INSERT INTO "Account" VALUES(155,'0122D0000011iZVQAY','Oneill Household','','','','','','','','','','','','','','','','','','Household','Household Account','true','','','','0.0','0.0','0.0','0.0','','','0.0','0.0','0.0','0.0','0.0','0.0','0.0','0.0','0.0','0.0','0.0','','','','','0.0','','0.0',NULL);
INSERT INTO "Account" VALUES(156,'0122D0000011iZVQAY','Cooley Household','','','','','','','','','','','','','','','','','','Household','Household Account','true','','','','0.0','0.0','0.0','0.0','','','0.0','0.0','0.0','0.0','0.0','0.0','0.0','0.0','0.0','0.0','0.0','','','','','0.0','','0.0',NULL);
INSERT INTO "Account" VALUES(157,'0122D0000011iZVQAY','Leach Household','','','','','','','','','','','','','','','','','','Household','Household Account','true','','','','0.0','0.0','0.0','0.0','','','0.0','0.0','0.0','0.0','0.0','0.0','0.0','0.0','0.0','0.0','0.0','','','','','0.0','','0.0',NULL);
INSERT INTO "Account" VALUES(158,'0122D0000011iZVQAY','Pacheco Household','','','','','','','','','','','','','','','','','','Household','Household Account','true','','','','0.0','0.0','0.0','0.0','','','0.0','0.0','0.0','0.0','0.0','0.0','0.0','0.0','0.0','0.0','0.0','','','','','0.0','','0.0',NULL);
INSERT INTO "Account" VALUES(159,'0122D0000011iZVQAY','Rivers Household','','','','','','','','','','','','','','','','','','Household','Household Account','true','','','','0.0','0.0','0.0','0.0','','','0.0','0.0','0.0','0.0','0.0','0.0','0.0','0.0','0.0','0.0','0.0','','','','','0.0','','0.0',NULL);
INSERT INTO "Account" VALUES(160,'0122D0000011iZVQAY','Griffith Household','','','','','','','','','','','','','','','','','','Household','Household Account','true','','','','0.0','0.0','0.0','0.0','','','0.0','0.0','0.0','0.0','0.0','0.0','0.0','0.0','0.0','0.0','0.0','','','','','0.0','','0.0',NULL);
INSERT INTO "Account" VALUES(161,'0122D0000011iZVQAY','Glenn Household','','','','','','','','','','','','','','','','','','Household','Household Account','true','','','','0.0','0.0','0.0','0.0','','','0.0','0.0','0.0','0.0','0.0','0.0','0.0','0.0','0.0','0.0','0.0','','','','','0.0','','0.0',NULL);
INSERT INTO "Account" VALUES(162,'0122D0000011iZVQAY','Francis Household','','','','','','','','','','','','','','','','','','Household','Household Account','true','','','','0.0','0.0','0.0','0.0','','','0.0','0.0','0.0','0.0','0.0','0.0','0.0','0.0','0.0','0.0','0.0','','','','','0.0','','0.0',NULL);
INSERT INTO "Account" VALUES(163,'0122D0000011iZVQAY','Rhodes Household','','','','','','','','','','','','','','','','','','Household','Household Account','true','','','','0.0','0.0','0.0','0.0','','','0.0','0.0','0.0','0.0','0.0','0.0','0.0','0.0','0.0','0.0','0.0','','','','','0.0','','0.0',NULL);
INSERT INTO "Account" VALUES(164,'0122D0000011iZVQAY','White Household','','','','','','','','','','','','','','','','','','Household','Household Account','true','','','','0.0','0.0','0.0','0.0','','','0.0','0.0','0.0','0.0','0.0','0.0','0.0','0.0','0.0','0.0','0.0','','','','','0.0','','0.0',NULL);
INSERT INTO "Account" VALUES(165,'0122D0000011iZVQAY','Lang Household','','','','','','','','','','','','','','','','','','Household','Household Account','true','','','','0.0','0.0','0.0','0.0','','','0.0','0.0','0.0','0.0','0.0','0.0','0.0','0.0','0.0','0.0','0.0','','','','','0.0','','0.0',NULL);
INSERT INTO "Account" VALUES(166,'0122D0000011iZVQAY','Ramirez Household','','','','','','','','','','','','','','','','','','Household','Household Account','true','','','','0.0','0.0','0.0','0.0','','','0.0','0.0','0.0','0.0','0.0','0.0','0.0','0.0','0.0','0.0','0.0','','','','','0.0','','0.0',NULL);
INSERT INTO "Account" VALUES(167,'0122D0000011iZVQAY','Serrano Household','','','','','','','','','','','','','','','','','','Household','Household Account','true','','','','0.0','0.0','0.0','0.0','','','0.0','0.0','0.0','0.0','0.0','0.0','0.0','0.0','0.0','0.0','0.0','','','','','0.0','','0.0',NULL);
INSERT INTO "Account" VALUES(168,'0122D0000011iZVQAY','Galloway Household','','','','','','','','','','','','','','','','','','Household','Household Account','true','','','','0.0','0.0','0.0','0.0','','','0.0','0.0','0.0','0.0','0.0','0.0','0.0','0.0','0.0','0.0','0.0','','','','','0.0','','0.0',NULL);
CREATE TABLE "Account_rt_mapping" (
	record_type_id VARCHAR(18) NOT NULL, 
	developer_name VARCHAR(255), 
	PRIMARY KEY (record_type_id)
);
INSERT INTO "Account_rt_mapping" VALUES('0122D0000011iZVQAY','HH_Account');
INSERT INTO "Account_rt_mapping" VALUES('0122D0000011iZWQAY','Organization');
CREATE TABLE "Contact" (
	id INTEGER NOT NULL, 
	"Salutation" VARCHAR(255), 
	"FirstName" VARCHAR(255), 
	"LastName" VARCHAR(255), 
	"Email" VARCHAR(255), 
	"Phone" VARCHAR(255), 
	"MobilePhone" VARCHAR(255), 
	"OtherPhone" VARCHAR(255), 
	"HomePhone" VARCHAR(255), 
	"Title" VARCHAR(255), 
	"Birthdate" VARCHAR(255), 
	"MailingStreet" VARCHAR(255), 
	"MailingCity" VARCHAR(255), 
	"MailingState" VARCHAR(255), 
	"MailingPostalCode" VARCHAR(255), 
	"MailingCountry" VARCHAR(255), 
	"npe01__SystemAccountProcessor__c" VARCHAR(255), 
	"npe01__AlternateEmail__c" VARCHAR(255), 
	"npe01__HomeEmail__c" VARCHAR(255), 
	"npe01__Preferred_Email__c" VARCHAR(255), 
	"npe01__PreferredPhone__c" VARCHAR(255), 
	"npe01__Primary_Address_Type__c" VARCHAR(255), 
	"npe01__Private__c" VARCHAR(255), 
	"npe01__Secondary_Address_Type__c" VARCHAR(255), 
	"npe01__WorkEmail__c" VARCHAR(255), 
	"npe01__WorkPhone__c" VARCHAR(255), 
	"npsp__Deceased__c" VARCHAR(255), 
	"npsp__Do_Not_Contact__c" VARCHAR(255), 
	"npsp__Exclude_from_Household_Formal_Greeting__c" VARCHAR(255), 
	"npsp__Exclude_from_Household_Informal_Greeting__c" VARCHAR(255), 
	"npsp__Exclude_from_Household_Name__c" VARCHAR(255), 
	"npsp__First_Soft_Credit_Amount__c" VARCHAR(255), 
	"npsp__First_Soft_Credit_Date__c" VARCHAR(255), 
	"npsp__is_Address_Override__c" VARCHAR(255), 
	"npsp__Largest_Soft_Credit_Amount__c" VARCHAR(255), 
	"npsp__Largest_Soft_Credit_Date__c" VARCHAR(255), 
	"npsp__Last_Soft_Credit_Amount__c" VARCHAR(255), 
	"npsp__Last_Soft_Credit_Date__c" VARCHAR(255), 
	"npsp__Number_of_Soft_Credits__c" VARCHAR(255), 
	"npsp__Number_of_Soft_Credits_Last_N_Days__c" VARCHAR(255), 
	"npsp__Number_of_Soft_Credits_Last_Year__c" VARCHAR(255), 
	"npsp__Number_of_Soft_Credits_This_Year__c" VARCHAR(255), 
	"npsp__Number_of_Soft_Credits_Two_Years_Ago__c" VARCHAR(255), 
	"npsp__Soft_Credit_Last_N_Days__c" VARCHAR(255), 
	"npo02__SystemHouseholdProcessor__c" VARCHAR(255), 
	"npo02__AverageAmount__c" VARCHAR(255), 
	"npo02__Best_Gift_Year__c" VARCHAR(255), 
	"npo02__Best_Gift_Year_Total__c" VARCHAR(255), 
	"npo02__FirstCloseDate__c" VARCHAR(255), 
	"npo02__Household__c" VARCHAR(255), 
	"npo02__Household_Naming_Order__c" VARCHAR(255), 
	"npo02__LargestAmount__c" VARCHAR(255), 
	"npo02__LastCloseDate__c" VARCHAR(255), 
	"npo02__LastMembershipAmount__c" VARCHAR(255), 
	"npo02__LastMembershipDate__c" VARCHAR(255), 
	"npo02__LastMembershipLevel__c" VARCHAR(255), 
	"npo02__LastMembershipOrigin__c" VARCHAR(255), 
	"npo02__LastOppAmount__c" VARCHAR(255), 
	"npo02__MembershipEndDate__c" VARCHAR(255), 
	"npo02__MembershipJoinDate__c" VARCHAR(255), 
	"npo02__Naming_Exclusions__c" VARCHAR(255), 
	"npo02__NumberOfClosedOpps__c" VARCHAR(255), 
	"npo02__NumberOfMembershipOpps__c" VARCHAR(255), 
	"npo02__OppAmount2YearsAgo__c" VARCHAR(255), 
	"npo02__OppAmountLastNDays__c" VARCHAR(255), 
	"npo02__OppAmountLastYear__c" VARCHAR(255), 
	"npo02__OppAmountThisYear__c" VARCHAR(255), 
	"npo02__OppsClosed2YearsAgo__c" VARCHAR(255), 
	"npo02__OppsClosedLastNDays__c" VARCHAR(255), 
	"npo02__OppsClosedLastYear__c" VARCHAR(255), 
	"npo02__OppsClosedThisYear__c" VARCHAR(255), 
	"npo02__SmallestAmount__c" VARCHAR(255), 
	"npo02__Soft_Credit_Last_Year__c" VARCHAR(255), 
	"npo02__Soft_Credit_This_Year__c" VARCHAR(255), 
	"npo02__Soft_Credit_Total__c" VARCHAR(255), 
	"npo02__Soft_Credit_Two_Years_Ago__c" VARCHAR(255), 
	"npo02__TotalMembershipOppAmount__c" VARCHAR(255), 
	"npo02__TotalOppAmount__c" VARCHAR(255), 
	"AccountId" VARCHAR(255), 
	record_type VARCHAR(255), 
	PRIMARY KEY (id)
);
INSERT INTO "Contact" VALUES(1,'','Naima','Crawford','naimacrawford@example.com','','','','','','','','','','','','One-to-One','','naimacrawford@example.com','Personal','Home','','false','','','','false','false','false','false','false','','','false','','','','','','','','','','0.0','','0.0','','','','','','0.0','','0.0','','','','0.0','','','','0.0','0.0','0.0','0.0','0.0','0.0','0.0','0.0','0.0','0.0','0.0','','','','','0.0','0.0','127',NULL);
INSERT INTO "Contact" VALUES(2,'','Beau','Eaton','beaueaton@example.com','','','','','','','','','','','','One-to-One','','beaueaton@example.com','Personal','Home','','false','','','','false','false','false','false','false','','','false','','','','','','','','','','0.0','','0.0','','','','','','0.0','','0.0','','','','0.0','','','','0.0','0.0','0.0','0.0','0.0','0.0','0.0','0.0','0.0','0.0','0.0','','','','','0.0','0.0','128',NULL);
INSERT INTO "Contact" VALUES(3,'','Chance','Rasmussen','chancerasmussen@example.com','','','','','','','','','','','','One-to-One','','chancerasmussen@example.com','Personal','Home','','false','','','','false','false','false','false','false','','','false','','','','','','','','','','0.0','','0.0','','','','','','0.0','','0.0','','','','0.0','','','','0.0','0.0','0.0','0.0','0.0','0.0','0.0','0.0','0.0','0.0','0.0','','','','','0.0','0.0','129',NULL);
INSERT INTO "Contact" VALUES(4,'','Khloe','Campos','khloecampos@example.com','','','','','','','','','','','','One-to-One','','khloecampos@example.com','Personal','Home','','false','','','','false','false','false','false','false','','','false','','','','','','','','','','0.0','','0.0','','','','','','0.0','','0.0','','','','0.0','','','','0.0','0.0','0.0','0.0','0.0','0.0','0.0','0.0','0.0','0.0','0.0','','','','','0.0','0.0','130',NULL);
INSERT INTO "Contact" VALUES(5,'','Amelie','Bond','ameliebond@example.com','','','','','','','','','','','','One-to-One','','ameliebond@example.com','Personal','Home','','false','','','','false','false','false','false','false','','','false','','','','','','','','','','0.0','','0.0','','','','','','0.0','','0.0','','','','0.0','','','','0.0','0.0','0.0','0.0','0.0','0.0','0.0','0.0','0.0','0.0','0.0','','','','','0.0','0.0','131',NULL);
INSERT INTO "Contact" VALUES(6,'','Julie','Myers','juliemyers@example.com','','','','','','','','','','','','One-to-One','','juliemyers@example.com','Personal','Home','','false','','','','false','false','false','false','false','','','false','','','','','','','','','','0.0','','0.0','','','','','','0.0','','0.0','','','','0.0','','','','0.0','0.0','0.0','0.0','0.0','0.0','0.0','0.0','0.0','0.0','0.0','','','','','0.0','0.0','132',NULL);
INSERT INTO "Contact" VALUES(7,'','Jayda','Stanton','jaydastanton@example.com','','','','','','','','','','','','One-to-One','','jaydastanton@example.com','Personal','Home','','false','','','','false','false','false','false','false','','','false','','','','','','','','','','0.0','','0.0','','','','','','0.0','','0.0','','','','0.0','','','','0.0','0.0','0.0','0.0','0.0','0.0','0.0','0.0','0.0','0.0','0.0','','','','','0.0','0.0','133',NULL);
INSERT INTO "Contact" VALUES(8,'','Heidi','Woods','heidiwoods@example.com','','','','','','','','','','','','One-to-One','','heidiwoods@example.com','Personal','Home','','false','','','','false','false','false','false','false','','','false','','','','','','','','','','0.0','','0.0','','','','','','0.0','','0.0','','','','0.0','','','','0.0','0.0','0.0','0.0','0.0','0.0','0.0','0.0','0.0','0.0','0.0','','','','','0.0','0.0','134',NULL);
INSERT INTO "Contact" VALUES(9,'','Leia','Spence','leiaspence@example.com','','','','','','','','','','','','One-to-One','','leiaspence@example.com','Personal','Home','','false','','','','false','false','false','false','false','','','false','','','','','','','','','','0.0','','0.0','','','','','','0.0','','0.0','','','','0.0','','','','0.0','0.0','0.0','0.0','0.0','0.0','0.0','0.0','0.0','0.0','0.0','','','','','0.0','0.0','135',NULL);
INSERT INTO "Contact" VALUES(10,'','Christina','Webster','christinawebster@example.com','','','','','','','','','','','','One-to-One','','christinawebster@example.com','Personal','Home','','false','','','','false','false','false','false','false','','','false','','','','','','','','','','0.0','','0.0','','','','','','0.0','','0.0','','','','0.0','','','','0.0','0.0','0.0','0.0','0.0','0.0','0.0','0.0','0.0','0.0','0.0','','','','','0.0','0.0','136',NULL);
INSERT INTO "Contact" VALUES(11,'','Emilie','Costa','emiliecosta@example.com','','','','','','','','','','','','One-to-One','','emiliecosta@example.com','Personal','Home','','false','','','','false','false','false','false','false','','','false','','','','','','','','','','0.0','','0.0','','','','','','0.0','','0.0','','','','0.0','','','','0.0','0.0','0.0','0.0','0.0','0.0','0.0','0.0','0.0','0.0','0.0','','','','','0.0','0.0','137',NULL);
INSERT INTO "Contact" VALUES(12,'','Ayana','Humphrey','ayanahumphrey@example.com','','','','','','','','','','','','One-to-One','','ayanahumphrey@example.com','Personal','Home','','false','','','','false','false','false','false','false','','','false','','','','','','','','','','0.0','','0.0','','','','','','0.0','','0.0','','','','0.0','','','','0.0','0.0','0.0','0.0','0.0','0.0','0.0','0.0','0.0','0.0','0.0','','','','','0.0','0.0','138',NULL);
INSERT INTO "Contact" VALUES(13,'','Lucia','Cain','luciacain@example.com','','','','','','','','','','','','One-to-One','','luciacain@example.com','Personal','Home','','false','','','','false','false','false','false','false','','','false','','','','','','','','','','0.0','','0.0','','','','','','0.0','','0.0','','','','0.0','','','','0.0','0.0','0.0','0.0','0.0','0.0','0.0','0.0','0.0','0.0','0.0','','','','','0.0','0.0','139',NULL);
INSERT INTO "Contact" VALUES(14,'','Amaya','Dunlap','amayadunlap@example.com','','','','','','','','','','','','One-to-One','','amayadunlap@example.com','Personal','Home','','false','','','','false','false','false','false','false','','','false','','','','','','','','','','0.0','','0.0','','','','','','0.0','','0.0','','','','0.0','','','','0.0','0.0','0.0','0.0','0.0','0.0','0.0','0.0','0.0','0.0','0.0','','','','','0.0','0.0','140',NULL);
INSERT INTO "Contact" VALUES(15,'','Derrick','Blackwell','derrickblackwell@example.com','','','','','','','','','','','','One-to-One','','derrickblackwell@example.com','Personal','Home','','false','','','','false','false','false','false','false','','','false','','','','','','','','','','0.0','','0.0','','','','','','0.0','','0.0','','','','0.0','','','','0.0','0.0','0.0','0.0','0.0','0.0','0.0','0.0','0.0','0.0','0.0','','','','','0.0','0.0','141',NULL);
INSERT INTO "Contact" VALUES(16,'','Alice','Irwin','aliceirwin@example.com','','','','','','','','','','','','One-to-One','','aliceirwin@example.com','Personal','Home','','false','','','','false','false','false','false','false','','','false','','','','','','','','','','0.0','','0.0','','','','','','0.0','','0.0','','','','0.0','','','','0.0','0.0','0.0','0.0','0.0','0.0','0.0','0.0','0.0','0.0','0.0','','','','','0.0','0.0','142',NULL);
INSERT INTO "Contact" VALUES(17,'','Fabian','Hughes','fabianhughes@example.com','','','','','','','','','','','','One-to-One','','fabianhughes@example.com','Personal','Home','','false','','','','false','false','false','false','false','','','false','','','','','','','','','','0.0','','0.0','','','','','','0.0','','0.0','','','','0.0','','','','0.0','0.0','0.0','0.0','0.0','0.0','0.0','0.0','0.0','0.0','0.0','','','','','0.0','0.0','143',NULL);
INSERT INTO "Contact" VALUES(18,'','Raelynn','Wells','raelynnwells@example.com','','','','','','','','','','','','One-to-One','','raelynnwells@example.com','Personal','Home','','false','','','','false','false','false','false','false','','','false','','','','','','','','','','0.0','','0.0','','','','','','0.0','','0.0','','','','0.0','','','','0.0','0.0','0.0','0.0','0.0','0.0','0.0','0.0','0.0','0.0','0.0','','','','','0.0','0.0','144',NULL);
INSERT INTO "Contact" VALUES(19,'','Simon','Davila','simondavila@example.com','','','','','','','','','','','','One-to-One','','simondavila@example.com','Personal','Home','','false','','','','false','false','false','false','false','','','false','','','','','','','','','','0.0','','0.0','','','','','','0.0','','0.0','','','','0.0','','','','0.0','0.0','0.0','0.0','0.0','0.0','0.0','0.0','0.0','0.0','0.0','','','','','0.0','0.0','145',NULL);
INSERT INTO "Contact" VALUES(20,'','Jamarcus','Barnett','jamarcusbarnett@example.com','','','','','','','','','','','','One-to-One','','jamarcusbarnett@example.com','Personal','Home','','false','','','','false','false','false','false','false','','','false','','','','','','','','','','0.0','','0.0','','','','','','0.0','','0.0','','','','0.0','','','','0.0','0.0','0.0','0.0','0.0','0.0','0.0','0.0','0.0','0.0','0.0','','','','','0.0','0.0','146',NULL);
INSERT INTO "Contact" VALUES(21,'','Adrianna','Norman','adriannanorman@example.com','','','','','','','','','','','','One-to-One','','adriannanorman@example.com','Personal','Home','','false','','','','false','false','false','false','false','','','false','','','','','','','','','','0.0','','0.0','','','','','','0.0','','0.0','','','','0.0','','','','0.0','0.0','0.0','0.0','0.0','0.0','0.0','0.0','0.0','0.0','0.0','','','','','0.0','0.0','147',NULL);
INSERT INTO "Contact" VALUES(22,'','Donna','Snow','donnasnow@example.com','','','','','','','','','','','','One-to-One','','donnasnow@example.com','Personal','Home','','false','','','','false','false','false','false','false','','','false','','','','','','','','','','0.0','','0.0','','','','','','0.0','','0.0','','','','0.0','','','','0.0','0.0','0.0','0.0','0.0','0.0','0.0','0.0','0.0','0.0','0.0','','','','','0.0','0.0','148',NULL);
INSERT INTO "Contact" VALUES(23,'','Gary','Wood','garywood@example.com','','','','','','','','','','','','One-to-One','','garywood@example.com','Personal','Home','','false','','','','false','false','false','false','false','','','false','','','','','','','','','','0.0','','0.0','','','','','','0.0','','0.0','','','','0.0','','','','0.0','0.0','0.0','0.0','0.0','0.0','0.0','0.0','0.0','0.0','0.0','','','','','0.0','0.0','149',NULL);
INSERT INTO "Contact" VALUES(24,'','Reagan','Norton','reagannorton@example.com','','','','','','','','','','','','One-to-One','','reagannorton@example.com','Personal','Home','','false','','','','false','false','false','false','false','','','false','','','','','','','','','','0.0','','0.0','','','','','','0.0','','0.0','','','','0.0','','','','0.0','0.0','0.0','0.0','0.0','0.0','0.0','0.0','0.0','0.0','0.0','','','','','0.0','0.0','150',NULL);
INSERT INTO "Contact" VALUES(25,'','Jaylin','Morgan','jaylinmorgan@example.com','','','','','','','','','','','','One-to-One','','jaylinmorgan@example.com','Personal','Home','','false','','','','false','false','false','false','false','','','false','','','','','','','','','','0.0','','0.0','','','','','','0.0','','0.0','','','','0.0','','','','0.0','0.0','0.0','0.0','0.0','0.0','0.0','0.0','0.0','0.0','0.0','','','','','0.0','0.0','151',NULL);
INSERT INTO "Contact" VALUES(26,'','Mira','Decker','miradecker@example.com','','','','','','','','','','','','One-to-One','','miradecker@example.com','Personal','Home','','false','','','','false','false','false','false','false','','','false','','','','','','','','','','0.0','','0.0','','','','','','0.0','','0.0','','','','0.0','','','','0.0','0.0','0.0','0.0','0.0','0.0','0.0','0.0','0.0','0.0','0.0','','','','','0.0','0.0','152',NULL);
INSERT INTO "Contact" VALUES(27,'','Maya','Lambert','mayalambert@example.com','','','','','','','','','','','','One-to-One','','mayalambert@example.com','Personal','Home','','false','','','','false','false','false','false','false','','','false','','','','','','','','','','0.0','','0.0','','','','','','0.0','','0.0','','','','0.0','','','','0.0','0.0','0.0','0.0','0.0','0.0','0.0','0.0','0.0','0.0','0.0','','','','','0.0','0.0','153',NULL);
INSERT INTO "Contact" VALUES(28,'','Finley','Barry','finleybarry@example.com','','','','','','','','','','','','One-to-One','','finleybarry@example.com','Personal','Home','','false','','','','false','false','false','false','false','','','false','','','','','','','','','','0.0','','0.0','','','','','','0.0','','0.0','','','','0.0','','','','0.0','0.0','0.0','0.0','0.0','0.0','0.0','0.0','0.0','0.0','0.0','','','','','0.0','0.0','154',NULL);
INSERT INTO "Contact" VALUES(29,'','Ben','Oneill','benoneill@example.com','','','','','','','','','','','','One-to-One','','benoneill@example.com','Personal','Home','','false','','','','false','false','false','false','false','','','false','','','','','','','','','','0.0','','0.0','','','','','','0.0','','0.0','','','','0.0','','','','0.0','0.0','0.0','0.0','0.0','0.0','0.0','0.0','0.0','0.0','0.0','','','','','0.0','0.0','155',NULL);
INSERT INTO "Contact" VALUES(30,'','Maia','Cooley','maiacooley@example.com','','','','','','','','','','','','One-to-One','','maiacooley@example.com','Personal','Home','','false','','','','false','false','false','false','false','','','false','','','','','','','','','','0.0','','0.0','','','','','','0.0','','0.0','','','','0.0','','','','0.0','0.0','0.0','0.0','0.0','0.0','0.0','0.0','0.0','0.0','0.0','','','','','0.0','0.0','156',NULL);
INSERT INTO "Contact" VALUES(31,'','Olive','Leach','oliveleach@example.com','','','','','','','','','','','','One-to-One','','oliveleach@example.com','Personal','Home','','false','','','','false','false','false','false','false','','','false','','','','','','','','','','0.0','','0.0','','','','','','0.0','','0.0','','','','0.0','','','','0.0','0.0','0.0','0.0','0.0','0.0','0.0','0.0','0.0','0.0','0.0','','','','','0.0','0.0','157',NULL);
INSERT INTO "Contact" VALUES(32,'','Oswaldo','Pacheco','oswaldopacheco@example.com','','','','','','','','','','','','One-to-One','','oswaldopacheco@example.com','Personal','Home','','false','','','','false','false','false','false','false','','','false','','','','','','','','','','0.0','','0.0','','','','','','0.0','','0.0','','','','0.0','','','','0.0','0.0','0.0','0.0','0.0','0.0','0.0','0.0','0.0','0.0','0.0','','','','','0.0','0.0','158',NULL);
INSERT INTO "Contact" VALUES(33,'','Nico','Rivers','nicorivers@example.com','','','','','','','','','','','','One-to-One','','nicorivers@example.com','Personal','Home','','false','','','','false','false','false','false','false','','','false','','','','','','','','','','0.0','','0.0','','','','','','0.0','','0.0','','','','0.0','','','','0.0','0.0','0.0','0.0','0.0','0.0','0.0','0.0','0.0','0.0','0.0','','','','','0.0','0.0','159',NULL);
INSERT INTO "Contact" VALUES(34,'','Tiara','Griffith','tiaragriffith@example.com','','','','','','','','','','','','One-to-One','','tiaragriffith@example.com','Personal','Home','','false','','','','false','false','false','false','false','','','false','','','','','','','','','','0.0','','0.0','','','','','','0.0','','0.0','','','','0.0','','','','0.0','0.0','0.0','0.0','0.0','0.0','0.0','0.0','0.0','0.0','0.0','','','','','0.0','0.0','160',NULL);
INSERT INTO "Contact" VALUES(35,'','Declan','Glenn','declanglenn@example.com','','','','','','','','','','','','One-to-One','','declanglenn@example.com','Personal','Home','','false','','','','false','false','false','false','false','','','false','','','','','','','','','','0.0','','0.0','','','','','','0.0','','0.0','','','','0.0','','','','0.0','0.0','0.0','0.0','0.0','0.0','0.0','0.0','0.0','0.0','0.0','','','','','0.0','0.0','161',NULL);
INSERT INTO "Contact" VALUES(36,'','Madalyn','Francis','madalynfrancis@example.com','','','','','','','','','','','','One-to-One','','madalynfrancis@example.com','Personal','Home','','false','','','','false','false','false','false','false','','','false','','','','','','','','','','0.0','','0.0','','','','','','0.0','','0.0','','','','0.0','','','','0.0','0.0','0.0','0.0','0.0','0.0','0.0','0.0','0.0','0.0','0.0','','','','','0.0','0.0','162',NULL);
INSERT INTO "Contact" VALUES(37,'','Mathew','Rhodes','mathewrhodes@example.com','','','','','','','','','','','','One-to-One','','mathewrhodes@example.com','Personal','Home','','false','','','','false','false','false','false','false','','','false','','','','','','','','','','0.0','','0.0','','','','','','0.0','','0.0','','','','0.0','','','','0.0','0.0','0.0','0.0','0.0','0.0','0.0','0.0','0.0','0.0','0.0','','','','','0.0','0.0','163',NULL);
INSERT INTO "Contact" VALUES(38,'','Eli','White','eliwhite@example.com','','','','','','','','','','','','One-to-One','','eliwhite@example.com','Personal','Home','','false','','','','false','false','false','false','false','','','false','','','','','','','','','','0.0','','0.0','','','','','','0.0','','0.0','','','','0.0','','','','0.0','0.0','0.0','0.0','0.0','0.0','0.0','0.0','0.0','0.0','0.0','','','','','0.0','0.0','164',NULL);
INSERT INTO "Contact" VALUES(39,'','Tatiana','Lang','tatianalang@example.com','','','','','','','','','','','','One-to-One','','tatianalang@example.com','Personal','Home','','false','','','','false','false','false','false','false','','','false','','','','','','','','','','0.0','','0.0','','','','','','0.0','','0.0','','','','0.0','','','','0.0','0.0','0.0','0.0','0.0','0.0','0.0','0.0','0.0','0.0','0.0','','','','','0.0','0.0','165',NULL);
INSERT INTO "Contact" VALUES(40,'','Gia','Ramirez','giaramirez@example.com','','','','','','','','','','','','One-to-One','','giaramirez@example.com','Personal','Home','','false','','','','false','false','false','false','false','','','false','','','','','','','','','','0.0','','0.0','','','','','','0.0','','0.0','','','','0.0','','','','0.0','0.0','0.0','0.0','0.0','0.0','0.0','0.0','0.0','0.0','0.0','','','','','0.0','0.0','166',NULL);
INSERT INTO "Contact" VALUES(41,'','Alejandro','Serrano','alejandroserrano@example.com','','','','','','','','','','','','One-to-One','','alejandroserrano@example.com','Personal','Home','','false','','','','false','false','false','false','false','','','false','','','','','','','','','','0.0','','0.0','','','','','','0.0','','0.0','','','','0.0','','','','0.0','0.0','0.0','0.0','0.0','0.0','0.0','0.0','0.0','0.0','0.0','','','','','0.0','0.0','167',NULL);
INSERT INTO "Contact" VALUES(42,'','Mya','Galloway','myagalloway@example.com','','','','','','','','','','','','One-to-One','','myagalloway@example.com','Personal','Home','','false','','','','false','false','false','false','false','','','false','','','','','','','','','','0.0','','0.0','','','','','','0.0','','0.0','','','','0.0','','','','0.0','0.0','0.0','0.0','0.0','0.0','0.0','0.0','0.0','0.0','0.0','','','','','0.0','0.0','168',NULL);
INSERT INTO "Contact" VALUES(43,'','Adam','Clark','adamclark@example.com','','','','','','','','','','','','One-to-One','','adamclark@example.com','Personal','Home','','false','','','','false','false','false','false','false','','','false','','','','','','','','','','0.0','','0.0','','','','','','0.0','','0.0','','','','0.0','','','','0.0','0.0','0.0','0.0','0.0','0.0','0.0','0.0','0.0','0.0','0.0','','','','','0.0','0.0','97',NULL);
INSERT INTO "Contact" VALUES(44,'','Marisol','Gonzales','marisolgonzales@example.com','','','','','','','','','','','','One-to-One','','marisolgonzales@example.com','Personal','Home','','false','','','','false','false','false','false','false','','','false','','','','','','','','','','0.0','','0.0','','','','','','0.0','','0.0','','','','0.0','','','','0.0','0.0','0.0','0.0','0.0','0.0','0.0','0.0','0.0','0.0','0.0','','','','','0.0','0.0','98',NULL);
INSERT INTO "Contact" VALUES(45,'','Mya','Cobb','myacobb@example.com','','','','','','','','','','','','One-to-One','','myacobb@example.com','Personal','Home','','false','','','','false','false','false','false','false','','','false','','','','','','','','','','0.0','','0.0','','','','','','0.0','','0.0','','','','0.0','','','','0.0','0.0','0.0','0.0','0.0','0.0','0.0','0.0','0.0','0.0','0.0','','','','','0.0','0.0','99',NULL);
INSERT INTO "Contact" VALUES(46,'','Jay','Shah','jayshah@example.com','','','','','','','','','','','','One-to-One','','jayshah@example.com','Personal','Home','','false','','','','false','false','false','false','false','','','false','','','','','','','','','','0.0','','0.0','','','','','','0.0','','0.0','','','','0.0','','','','0.0','0.0','0.0','0.0','0.0','0.0','0.0','0.0','0.0','0.0','0.0','','','','','0.0','0.0','100',NULL);
INSERT INTO "Contact" VALUES(47,'','Nancy','Arroyo','nancyarroyo@example.com','','','','','','','','','','','','One-to-One','','nancyarroyo@example.com','Personal','Home','','false','','','','false','false','false','false','false','','','false','','','','','','','','','','0.0','','0.0','','','','','','0.0','','0.0','','','','0.0','','','','0.0','0.0','0.0','0.0','0.0','0.0','0.0','0.0','0.0','0.0','0.0','','','','','0.0','0.0','101',NULL);
INSERT INTO "Contact" VALUES(48,'','Aubrie','Booker','aubriebooker@example.com','','','','','','','','','','','','One-to-One','','aubriebooker@example.com','Personal','Home','','false','','','','false','false','false','false','false','','','false','','','','','','','','','','0.0','','0.0','','','','','','0.0','','0.0','','','','0.0','','','','0.0','0.0','0.0','0.0','0.0','0.0','0.0','0.0','0.0','0.0','0.0','','','','','0.0','0.0','102',NULL);
INSERT INTO "Contact" VALUES(49,'','Emelia','Mercer','emeliamercer@example.com','','','','','','','','','','','','One-to-One','','emeliamercer@example.com','Personal','Home','','false','','','','false','false','false','false','false','','','false','','','','','','','','','','0.0','','0.0','','','','','','0.0','','0.0','','','','0.0','','','','0.0','0.0','0.0','0.0','0.0','0.0','0.0','0.0','0.0','0.0','0.0','','','','','0.0','0.0','103',NULL);
INSERT INTO "Contact" VALUES(50,'','Yadiel','Horton','yadielhorton@example.com','','','','','','','','','','','','One-to-One','','yadielhorton@example.com','Personal','Home','','false','','','','false','false','false','false','false','','','false','','','','','','','','','','0.0','','0.0','','','','','','0.0','','0.0','','','','0.0','','','','0.0','0.0','0.0','0.0','0.0','0.0','0.0','0.0','0.0','0.0','0.0','','','','','0.0','0.0','104',NULL);
INSERT INTO "Contact" VALUES(51,'','Taniyah','Rios','taniyahrios@example.com','','','','','','','','','','','','One-to-One','','taniyahrios@example.com','Personal','Home','','false','','','','false','false','false','false','false','','','false','','','','','','','','','','0.0','','0.0','','','','','','0.0','','0.0','','','','0.0','','','','0.0','0.0','0.0','0.0','0.0','0.0','0.0','0.0','0.0','0.0','0.0','','','','','0.0','0.0','105',NULL);
INSERT INTO "Contact" VALUES(52,'','Peyton','Craig','peytoncraig@example.com','','','','','','','','','','','','One-to-One','','peytoncraig@example.com','Personal','Home','','false','','','','false','false','false','false','false','','','false','','','','','','','','','','0.0','','0.0','','','','','','0.0','','0.0','','','','0.0','','','','0.0','0.0','0.0','0.0','0.0','0.0','0.0','0.0','0.0','0.0','0.0','','','','','0.0','0.0','106',NULL);
INSERT INTO "Contact" VALUES(53,'','Francesca','Oliver','francescaoliver@example.com','','','','','','','','','','','','One-to-One','','francescaoliver@example.com','Personal','Home','','false','','','','false','false','false','false','false','','','false','','','','','','','','','','0.0','','0.0','','','','','','0.0','','0.0','','','','0.0','','','','0.0','0.0','0.0','0.0','0.0','0.0','0.0','0.0','0.0','0.0','0.0','','','','','0.0','0.0','107',NULL);
INSERT INTO "Contact" VALUES(54,'','Albert','Montgomery','albertmontgomery@example.com','','','','','','','','','','','','One-to-One','','albertmontgomery@example.com','Personal','Home','','false','','','','false','false','false','false','false','','','false','','','','','','','','','','0.0','','0.0','','','','','','0.0','','0.0','','','','0.0','','','','0.0','0.0','0.0','0.0','0.0','0.0','0.0','0.0','0.0','0.0','0.0','','','','','0.0','0.0','108',NULL);
INSERT INTO "Contact" VALUES(55,'','Meredith','Cooke','meredithcooke@example.com','','','','','','','','','','','','One-to-One','','meredithcooke@example.com','Personal','Home','','false','','','','false','false','false','false','false','','','false','','','','','','','','','','0.0','','0.0','','','','','','0.0','','0.0','','','','0.0','','','','0.0','0.0','0.0','0.0','0.0','0.0','0.0','0.0','0.0','0.0','0.0','','','','','0.0','0.0','109',NULL);
INSERT INTO "Contact" VALUES(56,'','Mckayla','Morrison','mckaylamorrison@example.com','','','','','','','','','','','','One-to-One','','mckaylamorrison@example.com','Personal','Home','','false','','','','false','false','false','false','false','','','false','','','','','','','','','','0.0','','0.0','','','','','','0.0','','0.0','','','','0.0','','','','0.0','0.0','0.0','0.0','0.0','0.0','0.0','0.0','0.0','0.0','0.0','','','','','0.0','0.0','110',NULL);
INSERT INTO "Contact" VALUES(57,'','Dalia','Osborn','daliaosborn@example.com','','','','','','','','','','','','One-to-One','','daliaosborn@example.com','Personal','Home','','false','','','','false','false','false','false','false','','','false','','','','','','','','','','0.0','','0.0','','','','','','0.0','','0.0','','','','0.0','','','','0.0','0.0','0.0','0.0','0.0','0.0','0.0','0.0','0.0','0.0','0.0','','','','','0.0','0.0','111',NULL);
INSERT INTO "Contact" VALUES(58,'','Tyrone','Pearson','tyronepearson@example.com','','','','','','','','','','','','One-to-One','','tyronepearson@example.com','Personal','Home','','false','','','','false','false','false','false','false','','','false','','','','','','','','','','0.0','','0.0','','','','','','0.0','','0.0','','','','0.0','','','','0.0','0.0','0.0','0.0','0.0','0.0','0.0','0.0','0.0','0.0','0.0','','','','','0.0','0.0','112',NULL);
INSERT INTO "Contact" VALUES(59,'','Ariella','Branch','ariellabranch@example.com','','','','','','','','','','','','One-to-One','','ariellabranch@example.com','Personal','Home','','false','','','','false','false','false','false','false','','','false','','','','','','','','','','0.0','','0.0','','','','','','0.0','','0.0','','','','0.0','','','','0.0','0.0','0.0','0.0','0.0','0.0','0.0','0.0','0.0','0.0','0.0','','','','','0.0','0.0','113',NULL);
INSERT INTO "Contact" VALUES(60,'','Jaydon','Bates','jaydonbates@example.com','','','','','','','','','','','','One-to-One','','jaydonbates@example.com','Personal','Home','','false','','','','false','false','false','false','false','','','false','','','','','','','','','','0.0','','0.0','','','','','','0.0','','0.0','','','','0.0','','','','0.0','0.0','0.0','0.0','0.0','0.0','0.0','0.0','0.0','0.0','0.0','','','','','0.0','0.0','114',NULL);
INSERT INTO "Contact" VALUES(61,'','Javon','Rodgers','javonrodgers@example.com','','','','','','','','','','','','One-to-One','','javonrodgers@example.com','Personal','Home','','false','','','','false','false','false','false','false','','','false','','','','','','','','','','0.0','','0.0','','','','','','0.0','','0.0','','','','0.0','','','','0.0','0.0','0.0','0.0','0.0','0.0','0.0','0.0','0.0','0.0','0.0','','','','','0.0','0.0','115',NULL);
INSERT INTO "Contact" VALUES(62,'','Josie','Mcclure','josiemcclure@example.com','','','','','','','','','','','','One-to-One','','josiemcclure@example.com','Personal','Home','','false','','','','false','false','false','false','false','','','false','','','','','','','','','','0.0','','0.0','','','','','','0.0','','0.0','','','','0.0','','','','0.0','0.0','0.0','0.0','0.0','0.0','0.0','0.0','0.0','0.0','0.0','','','','','0.0','0.0','116',NULL);
INSERT INTO "Contact" VALUES(63,'','Marcus','Huynh','marcushuynh@example.com','','','','','','','','','','','','One-to-One','','marcushuynh@example.com','Personal','Home','','false','','','','false','false','false','false','false','','','false','','','','','','','','','','0.0','','0.0','','','','','','0.0','','0.0','','','','0.0','','','','0.0','0.0','0.0','0.0','0.0','0.0','0.0','0.0','0.0','0.0','0.0','','','','','0.0','0.0','117',NULL);
INSERT INTO "Contact" VALUES(64,'','Ayanna','Gonzalez','ayannagonzalez@example.com','','','','','','','','','','','','One-to-One','','ayannagonzalez@example.com','Personal','Home','','false','','','','false','false','false','false','false','','','false','','','','','','','','','','0.0','','0.0','','','','','','0.0','','0.0','','','','0.0','','','','0.0','0.0','0.0','0.0','0.0','0.0','0.0','0.0','0.0','0.0','0.0','','','','','0.0','0.0','118',NULL);
INSERT INTO "Contact" VALUES(65,'','Taniya','Singleton','taniyasingleton@example.com','','','','','','','','','','','','One-to-One','','taniyasingleton@example.com','Personal','Home','','false','','','','false','false','false','false','false','','','false','','','','','','','','','','0.0','','0.0','','','','','','0.0','','0.0','','','','0.0','','','','0.0','0.0','0.0','0.0','0.0','0.0','0.0','0.0','0.0','0.0','0.0','','','','','0.0','0.0','119',NULL);
INSERT INTO "Contact" VALUES(66,'','Laura','Woodard','laurawoodard@example.com','','','','','','','','','','','','One-to-One','','laurawoodard@example.com','Personal','Home','','false','','','','false','false','false','false','false','','','false','','','','','','','','','','0.0','','0.0','','','','','','0.0','','0.0','','','','0.0','','','','0.0','0.0','0.0','0.0','0.0','0.0','0.0','0.0','0.0','0.0','0.0','','','','','0.0','0.0','120',NULL);
INSERT INTO "Contact" VALUES(67,'','Shane','Gibson','shanegibson@example.com','','','','','','','','','','','','One-to-One','','shanegibson@example.com','Personal','Home','','false','','','','false','false','false','false','false','','','false','','','','','','','','','','0.0','','0.0','','','','','','0.0','','0.0','','','','0.0','','','','0.0','0.0','0.0','0.0','0.0','0.0','0.0','0.0','0.0','0.0','0.0','','','','','0.0','0.0','121',NULL);
INSERT INTO "Contact" VALUES(68,'','Arthur','Baker','','','','','','','','3810 Green Avenue','Oakland','CA','94612','United States','One-to-One','','','Personal','Home','Home','false','','','','false','false','false','false','false','','','false','','','','','','','','','','0.0','','0.0','','','','','','0.0','','0.0','','','','0.0','','','','0.0','0.0','0.0','0.0','0.0','0.0','0.0','0.0','0.0','0.0','0.0','','','','','0.0','0.0','1',NULL);
INSERT INTO "Contact" VALUES(69,'','Arlene','Baker','alanbaker@example.com','555-524-0749','1-333-444-5555','','555-524-0749','','1969-12-24','3810 Green Avenue','Oakland','CA','94612','United States','One-to-One','','alanbaker@example.com','Personal','Home','Home','false','','','','false','false','false','false','false','','','false','','','','','','','','','','0.0','','500.0','2019','500.0','2019-09-02','','0.0','500.0','2019-09-02','500.0','2019-09-02','','','500.0','','','','1.0','1.0','0.0','500.0','500.0','0.0','0.0','1.0','1.0','0.0','500.0','','','','','500.0','500.0','1',NULL);
INSERT INTO "Contact" VALUES(70,'','Robin','Brooks','robinbrooks@example.com','555-347-3702','1-333-444-5555','','555-347-3702','','1984-12-29','2546 Harrison Street','Oakland','CA','94612','','One-to-One','','robinbrooks@example.com','Personal','Home','Home','false','','','','false','false','false','false','false','','','false','','','','','','','','','','0.0','','0.0','','','','','0.0','0.0','','0.0','','','','0.0','','','','0.0','0.0','0.0','0.0','0.0','0.0','0.0','0.0','0.0','0.0','0.0','','','','','0.0','0.0','2',NULL);
INSERT INTO "Contact" VALUES(71,'','Darryl','Graham','darrylgraham@example.com','555-347-3702','','','555-347-3702','','','2546 Harrison Street','Oakland','CA','94612','','One-to-One','','darrylgraham@example.com','Personal','Home','Home','false','','','','false','false','false','false','false','','','false','','','','','','','','','','0.0','','400.0','2019','400.0','2019-08-05','','1.0','400.0','2019-08-05','400.0','2019-08-05','','','400.0','','','','1.0','1.0','0.0','400.0','400.0','0.0','0.0','1.0','1.0','0.0','400.0','','','','','400.0','400.0','2',NULL);
INSERT INTO "Contact" VALUES(72,'','Lynn','Barnes','lynnbarnes@example.com','555-893-4763','','','555-893-4763','','','2340 Thompson Drive','Oakland','CA','94621','','One-to-One','','lynnbarnes@example.com','Personal','Home','Home','false','','','','false','false','false','false','false','','','false','','','','','','','','','','0.0','','500.0','2019','500.0','2019-07-01','','2.0','500.0','2019-07-01','500.0','2019-07-01','','','500.0','','','','1.0','1.0','0.0','500.0','500.0','0.0','0.0','1.0','1.0','0.0','500.0','','','','','500.0','500.0','3',NULL);
INSERT INTO "Contact" VALUES(73,'','David','Barnes','davidbarnes@example.com','555-893-4763','','','555-893-4763','','','2340 Thompson Drive','Oakland','CA','94621','','One-to-One','','davidbarnes@example.com','Personal','Home','Home','false','','','','false','false','false','false','false','500.0','2019-07-01','false','500.0','2019-07-01','500.0','2019-07-01','1.0','1.0','0.0','1.0','0.0','500.0','','0.0','','','','','1.0','0.0','','0.0','','','','0.0','','','','0.0','0.0','0.0','0.0','0.0','0.0','0.0','0.0','0.0','0.0','0.0','0.0','500.0','500.0','0.0','0.0','0.0','3',NULL);
INSERT INTO "Contact" VALUES(74,'','Jason','Barnes','jasonbarnes@example.com','555-893-4763','1-333-444-5555','','555-893-4763','','2002-10-29','2340 Thompson Drive','Oakland','CA','94621','','One-to-One','','jasonbarnes@example.com','Personal','Home','Home','false','','','','false','false','true','true','false','500.0','2019-07-01','false','500.0','2019-07-01','500.0','2019-07-01','1.0','1.0','0.0','1.0','0.0','500.0','','0.0','','','','','0.0','0.0','','0.0','','','','0.0','','','Household__c.Formal_Greeting__c;Household__c.Informal_Greeting__c','0.0','0.0','0.0','0.0','0.0','0.0','0.0','0.0','0.0','0.0','0.0','0.0','500.0','500.0','0.0','0.0','0.0','3',NULL);
INSERT INTO "Contact" VALUES(75,'Mrs.','Anne','Boyd','anneboyd@example.com','555-380-8532','555-673-2987','','555-380-8532','','1970-01-01','3528 Rardin Drive','Oakland','CA','94612','United States','One-to-One','','anneboyd@example.com','Personal','Home','Home','false','','','','false','false','false','false','false','','','false','','','','','','','','','','0.0','','0.0','','','','','','0.0','','0.0','','','','0.0','','','','0.0','0.0','0.0','0.0','0.0','0.0','0.0','0.0','0.0','0.0','0.0','','','','','0.0','0.0','4',NULL);
INSERT INTO "Contact" VALUES(76,'','Norma','Burke','normaburke@example.com','555-830-5295','1-333-444-5555','','555-830-5295','','1949-12-21','3160 Green Avenue','Oakland','CA','94612','United States','One-to-One','','normaburke@example.com','Personal','Home','Home','false','','','','false','false','false','false','false','','','false','','','','','','','','','','0.0','','0.0','','','','','','0.0','','0.0','','','','0.0','','','','0.0','0.0','0.0','0.0','0.0','0.0','0.0','0.0','0.0','0.0','0.0','','','','','0.0','0.0','5',NULL);
INSERT INTO "Contact" VALUES(77,'','Bobby','Henderson','bobbyhenderson@example.com','555-834-2386','1-333-444-5555','','555-834-2386','','1970-01-04','3547 Water Street','Oakland','CA','94606','United States','One-to-One','','bobbyhenderson@example.com','Personal','Home','Home','false','','','','false','false','false','false','false','','','false','','','','','','','','','','0.0','','0.0','','','','','','0.0','','0.0','','','','0.0','','','','0.0','0.0','0.0','0.0','0.0','0.0','0.0','0.0','0.0','0.0','0.0','','','','','0.0','0.0','6',NULL);
INSERT INTO "Contact" VALUES(78,'','Anthony','Hill','anthonyhill@example.com','555-395-9737','1-333-444-5555','','555-395-9737','','1970-01-02','3611 Harrison Street','Oakland','CA','94612','United States','One-to-One','','anthonyhill@example.com','Personal','Home','Home','false','','','','false','false','false','false','false','','','false','','','','','','','','','','0.0','','0.0','','','','','','0.0','','0.0','','','','0.0','','','','0.0','0.0','0.0','0.0','0.0','0.0','0.0','0.0','0.0','0.0','0.0','','','','','0.0','0.0','7',NULL);
INSERT INTO "Contact" VALUES(79,'Ms.','Virginia','Holmes','virginiaholmes@example.com','555-930-8759','1-333-444-5555','','555-930-8759','','1969-12-26','4318 Lynch Street','Oakland','CA','94607','United States','One-to-One','','virginiaholmes@example.com','Personal','Home','Home','false','','','','false','false','false','false','false','','','false','','','','','','','','','','0.0','','0.0','','','','','','0.0','','0.0','','','','0.0','','','','0.0','0.0','0.0','0.0','0.0','0.0','0.0','0.0','0.0','0.0','0.0','','','','','0.0','0.0','8',NULL);
INSERT INTO "Contact" VALUES(80,'','Jose','Jenkins','josejenkins@example.com','555-469-9873','1-333-444-5555','','555-469-9873','','1970-01-12','2203 Alexander Avenue','Oakland','CA','94612','United States','One-to-One','','josejenkins@example.com','Personal','Home','Home','false','','','','false','false','false','false','false','','','false','','','','','','','','','','0.0','','0.0','','','','','','0.0','','0.0','','','','0.0','','','','0.0','0.0','0.0','0.0','0.0','0.0','0.0','0.0','0.0','0.0','0.0','','','','','0.0','0.0','9',NULL);
INSERT INTO "Contact" VALUES(81,'','Alia','Duarte','aliaduarte@example.com','','','','','','','','','','','','One-to-One','','aliaduarte@example.com','Personal','Home','','false','','','','false','false','false','false','false','','','false','','','','','','','','','','0.0','','0.0','','','','','','0.0','','0.0','','','','0.0','','','','0.0','0.0','0.0','0.0','0.0','0.0','0.0','0.0','0.0','0.0','0.0','','','','','0.0','0.0','13',NULL);
INSERT INTO "Contact" VALUES(82,'','Neil','Huerta','neilhuerta@example.com','','','','','','','','','','','','One-to-One','','neilhuerta@example.com','Personal','Home','','false','','','','false','false','false','false','false','','','false','','','','','','','','','','0.0','','0.0','','','','','','0.0','','0.0','','','','0.0','','','','0.0','0.0','0.0','0.0','0.0','0.0','0.0','0.0','0.0','0.0','0.0','','','','','0.0','0.0','14',NULL);
INSERT INTO "Contact" VALUES(83,'','Laura','Hernandez','laurahernandez@example.com','','','','','','','','','','','','One-to-One','','laurahernandez@example.com','Personal','Home','','false','','','','false','false','false','false','false','','','false','','','','','','','','','','0.0','','0.0','','','','','','0.0','','0.0','','','','0.0','','','','0.0','0.0','0.0','0.0','0.0','0.0','0.0','0.0','0.0','0.0','0.0','','','','','0.0','0.0','15',NULL);
INSERT INTO "Contact" VALUES(84,'','Makhi','Villegas','makhivillegas@example.com','','','','','','','','','','','','One-to-One','','makhivillegas@example.com','Personal','Home','','false','','','','false','false','false','false','false','','','false','','','','','','','','','','0.0','','0.0','','','','','','0.0','','0.0','','','','0.0','','','','0.0','0.0','0.0','0.0','0.0','0.0','0.0','0.0','0.0','0.0','0.0','','','','','0.0','0.0','16',NULL);
INSERT INTO "Contact" VALUES(85,'','Rafael','Velasquez','rafaelvelasquez@example.com','','','','','','','','','','','','One-to-One','','rafaelvelasquez@example.com','Personal','Home','','false','','','','false','false','false','false','false','','','false','','','','','','','','','','0.0','','0.0','','','','','','0.0','','0.0','','','','0.0','','','','0.0','0.0','0.0','0.0','0.0','0.0','0.0','0.0','0.0','0.0','0.0','','','','','0.0','0.0','17',NULL);
INSERT INTO "Contact" VALUES(86,'','Ryan','Hardin','ryanhardin@example.com','','','','','','','','','','','','One-to-One','','ryanhardin@example.com','Personal','Home','','false','','','','false','false','false','false','false','','','false','','','','','','','','','','0.0','','0.0','','','','','','0.0','','0.0','','','','0.0','','','','0.0','0.0','0.0','0.0','0.0','0.0','0.0','0.0','0.0','0.0','0.0','','','','','0.0','0.0','18',NULL);
INSERT INTO "Contact" VALUES(87,'','Hayley','Bright','hayleybright@example.com','','','','','','','','','','','','One-to-One','','hayleybright@example.com','Personal','Home','','false','','','','false','false','false','false','false','','','false','','','','','','','','','','0.0','','0.0','','','','','','0.0','','0.0','','','','0.0','','','','0.0','0.0','0.0','0.0','0.0','0.0','0.0','0.0','0.0','0.0','0.0','','','','','0.0','0.0','19',NULL);
INSERT INTO "Contact" VALUES(88,'','Dayana','Atkins','dayanaatkins@example.com','','','','','','','','','','','','One-to-One','','dayanaatkins@example.com','Personal','Home','','false','','','','false','false','false','false','false','','','false','','','','','','','','','','0.0','','0.0','','','','','','0.0','','0.0','','','','0.0','','','','0.0','0.0','0.0','0.0','0.0','0.0','0.0','0.0','0.0','0.0','0.0','','','','','0.0','0.0','20',NULL);
INSERT INTO "Contact" VALUES(89,'','Jessica','Woods','jessicawoods@example.com','','','','','','','','','','','','One-to-One','','jessicawoods@example.com','Personal','Home','','false','','','','false','false','false','false','false','','','false','','','','','','','','','','0.0','','0.0','','','','','','0.0','','0.0','','','','0.0','','','','0.0','0.0','0.0','0.0','0.0','0.0','0.0','0.0','0.0','0.0','0.0','','','','','0.0','0.0','21',NULL);
INSERT INTO "Contact" VALUES(90,'','Khloe','Stanley','khloestanley@example.com','','','','','','','','','','','','One-to-One','','khloestanley@example.com','Personal','Home','','false','','','','false','false','false','false','false','','','false','','','','','','','','','','0.0','','0.0','','','','','','0.0','','0.0','','','','0.0','','','','0.0','0.0','0.0','0.0','0.0','0.0','0.0','0.0','0.0','0.0','0.0','','','','','0.0','0.0','22',NULL);
INSERT INTO "Contact" VALUES(91,'','Ray','Fischer','rayfischer@example.com','','','','','','','','','','','','One-to-One','','rayfischer@example.com','Personal','Home','','false','','','','false','false','false','false','false','','','false','','','','','','','','','','0.0','','0.0','','','','','','0.0','','0.0','','','','0.0','','','','0.0','0.0','0.0','0.0','0.0','0.0','0.0','0.0','0.0','0.0','0.0','','','','','0.0','0.0','23',NULL);
INSERT INTO "Contact" VALUES(92,'','Casey','Kline','caseykline@example.com','','','','','','','','','','','','One-to-One','','caseykline@example.com','Personal','Home','','false','','','','false','false','false','false','false','','','false','','','','','','','','','','0.0','','0.0','','','','','','0.0','','0.0','','','','0.0','','','','0.0','0.0','0.0','0.0','0.0','0.0','0.0','0.0','0.0','0.0','0.0','','','','','0.0','0.0','24',NULL);
INSERT INTO "Contact" VALUES(93,'','Aron','Joyce','aronjoyce@example.com','','','','','','','','','','','','One-to-One','','aronjoyce@example.com','Personal','Home','','false','','','','false','false','false','false','false','','','false','','','','','','','','','','0.0','','0.0','','','','','','0.0','','0.0','','','','0.0','','','','0.0','0.0','0.0','0.0','0.0','0.0','0.0','0.0','0.0','0.0','0.0','','','','','0.0','0.0','25',NULL);
INSERT INTO "Contact" VALUES(94,'','Diego','Case','diegocase@example.com','','','','','','','','','','','','One-to-One','','diegocase@example.com','Personal','Home','','false','','','','false','false','false','false','false','','','false','','','','','','','','','','0.0','','0.0','','','','','','0.0','','0.0','','','','0.0','','','','0.0','0.0','0.0','0.0','0.0','0.0','0.0','0.0','0.0','0.0','0.0','','','','','0.0','0.0','26',NULL);
INSERT INTO "Contact" VALUES(95,'','Chelsea','Graves','chelseagraves@example.com','','','','','','','','','','','','One-to-One','','chelseagraves@example.com','Personal','Home','','false','','','','false','false','false','false','false','','','false','','','','','','','','','','0.0','','0.0','','','','','','0.0','','0.0','','','','0.0','','','','0.0','0.0','0.0','0.0','0.0','0.0','0.0','0.0','0.0','0.0','0.0','','','','','0.0','0.0','27',NULL);
INSERT INTO "Contact" VALUES(96,'','Ruth','Wu','ruthwu@example.com','','','','','','','','','','','','One-to-One','','ruthwu@example.com','Personal','Home','','false','','','','false','false','false','false','false','','','false','','','','','','','','','','0.0','','0.0','','','','','','0.0','','0.0','','','','0.0','','','','0.0','0.0','0.0','0.0','0.0','0.0','0.0','0.0','0.0','0.0','0.0','','','','','0.0','0.0','28',NULL);
INSERT INTO "Contact" VALUES(97,'','Isaac','Grant','isaacgrant@example.com','','','','','','','','','','','','One-to-One','','isaacgrant@example.com','Personal','Home','','false','','','','false','false','false','false','false','','','false','','','','','','','','','','0.0','','0.0','','','','','','0.0','','0.0','','','','0.0','','','','0.0','0.0','0.0','0.0','0.0','0.0','0.0','0.0','0.0','0.0','0.0','','','','','0.0','0.0','29',NULL);
INSERT INTO "Contact" VALUES(98,'','Audrina','Rojas','audrinarojas@example.com','','','','','','','','','','','','One-to-One','','audrinarojas@example.com','Personal','Home','','false','','','','false','false','false','false','false','','','false','','','','','','','','','','0.0','','0.0','','','','','','0.0','','0.0','','','','0.0','','','','0.0','0.0','0.0','0.0','0.0','0.0','0.0','0.0','0.0','0.0','0.0','','','','','0.0','0.0','30',NULL);
INSERT INTO "Contact" VALUES(99,'','Koen','Chase','koenchase@example.com','','','','','','','','','','','','One-to-One','','koenchase@example.com','Personal','Home','','false','','','','false','false','false','false','false','','','false','','','','','','','','','','0.0','','0.0','','','','','','0.0','','0.0','','','','0.0','','','','0.0','0.0','0.0','0.0','0.0','0.0','0.0','0.0','0.0','0.0','0.0','','','','','0.0','0.0','31',NULL);
INSERT INTO "Contact" VALUES(100,'','Hailie','Holder','hailieholder@example.com','','','','','','','','','','','','One-to-One','','hailieholder@example.com','Personal','Home','','false','','','','false','false','false','false','false','','','false','','','','','','','','','','0.0','','0.0','','','','','','0.0','','0.0','','','','0.0','','','','0.0','0.0','0.0','0.0','0.0','0.0','0.0','0.0','0.0','0.0','0.0','','','','','0.0','0.0','32',NULL);
INSERT INTO "Contact" VALUES(101,'','Caylee','Pollard','cayleepollard@example.com','','','','','','','','','','','','One-to-One','','cayleepollard@example.com','Personal','Home','','false','','','','false','false','false','false','false','','','false','','','','','','','','','','0.0','','0.0','','','','','','0.0','','0.0','','','','0.0','','','','0.0','0.0','0.0','0.0','0.0','0.0','0.0','0.0','0.0','0.0','0.0','','','','','0.0','0.0','33',NULL);
INSERT INTO "Contact" VALUES(102,'','Guillermo','Quinn','guillermoquinn@example.com','','','','','','','','','','','','One-to-One','','guillermoquinn@example.com','Personal','Home','','false','','','','false','false','false','false','false','','','false','','','','','','','','','','0.0','','0.0','','','','','','0.0','','0.0','','','','0.0','','','','0.0','0.0','0.0','0.0','0.0','0.0','0.0','0.0','0.0','0.0','0.0','','','','','0.0','0.0','34',NULL);
INSERT INTO "Contact" VALUES(103,'','Dominik','Wilkinson','dominikwilkinson@example.com','','','','','','','','','','','','One-to-One','','dominikwilkinson@example.com','Personal','Home','','false','','','','false','false','false','false','false','','','false','','','','','','','','','','0.0','','0.0','','','','','','0.0','','0.0','','','','0.0','','','','0.0','0.0','0.0','0.0','0.0','0.0','0.0','0.0','0.0','0.0','0.0','','','','','0.0','0.0','35',NULL);
INSERT INTO "Contact" VALUES(104,'','Simone','Keller','simonekeller@example.com','','','','','','','','','','','','One-to-One','','simonekeller@example.com','Personal','Home','','false','','','','false','false','false','false','false','','','false','','','','','','','','','','0.0','','0.0','','','','','','0.0','','0.0','','','','0.0','','','','0.0','0.0','0.0','0.0','0.0','0.0','0.0','0.0','0.0','0.0','0.0','','','','','0.0','0.0','36',NULL);
INSERT INTO "Contact" VALUES(105,'','Violet','Ellis','violetellis@example.com','','','','','','','','','','','','One-to-One','','violetellis@example.com','Personal','Home','','false','','','','false','false','false','false','false','','','false','','','','','','','','','','0.0','','0.0','','','','','','0.0','','0.0','','','','0.0','','','','0.0','0.0','0.0','0.0','0.0','0.0','0.0','0.0','0.0','0.0','0.0','','','','','0.0','0.0','37',NULL);
INSERT INTO "Contact" VALUES(106,'','Samir','Neal','samirneal@example.com','','','','','','','','','','','','One-to-One','','samirneal@example.com','Personal','Home','','false','','','','false','false','false','false','false','','','false','','','','','','','','','','0.0','','0.0','','','','','','0.0','','0.0','','','','0.0','','','','0.0','0.0','0.0','0.0','0.0','0.0','0.0','0.0','0.0','0.0','0.0','','','','','0.0','0.0','38',NULL);
INSERT INTO "Contact" VALUES(107,'','Mira','Mcconnell','miramcconnell@example.com','','','','','','','','','','','','One-to-One','','miramcconnell@example.com','Personal','Home','','false','','','','false','false','false','false','false','','','false','','','','','','','','','','0.0','','0.0','','','','','','0.0','','0.0','','','','0.0','','','','0.0','0.0','0.0','0.0','0.0','0.0','0.0','0.0','0.0','0.0','0.0','','','','','0.0','0.0','39',NULL);
INSERT INTO "Contact" VALUES(108,'','Aniya','Arellano','aniyaarellano@example.com','','','','','','','','','','','','One-to-One','','aniyaarellano@example.com','Personal','Home','','false','','','','false','false','false','false','false','','','false','','','','','','','','','','0.0','','0.0','','','','','','0.0','','0.0','','','','0.0','','','','0.0','0.0','0.0','0.0','0.0','0.0','0.0','0.0','0.0','0.0','0.0','','','','','0.0','0.0','40',NULL);
INSERT INTO "Contact" VALUES(109,'','Jakayla','Glover','jakaylaglover@example.com','','','','','','','','','','','','One-to-One','','jakaylaglover@example.com','Personal','Home','','false','','','','false','false','false','false','false','','','false','','','','','','','','','','0.0','','0.0','','','','','','0.0','','0.0','','','','0.0','','','','0.0','0.0','0.0','0.0','0.0','0.0','0.0','0.0','0.0','0.0','0.0','','','','','0.0','0.0','41',NULL);
INSERT INTO "Contact" VALUES(110,'','Angelo','Lutz','angelolutz@example.com','','','','','','','','','','','','One-to-One','','angelolutz@example.com','Personal','Home','','false','','','','false','false','false','false','false','','','false','','','','','','','','','','0.0','','0.0','','','','','','0.0','','0.0','','','','0.0','','','','0.0','0.0','0.0','0.0','0.0','0.0','0.0','0.0','0.0','0.0','0.0','','','','','0.0','0.0','42',NULL);
INSERT INTO "Contact" VALUES(111,'','Audrina','Graves','audrinagraves@example.com','','','','','','','','','','','','One-to-One','','audrinagraves@example.com','Personal','Home','','false','','','','false','false','false','false','false','','','false','','','','','','','','','','0.0','','0.0','','','','','','0.0','','0.0','','','','0.0','','','','0.0','0.0','0.0','0.0','0.0','0.0','0.0','0.0','0.0','0.0','0.0','','','','','0.0','0.0','43',NULL);
INSERT INTO "Contact" VALUES(112,'','Turner','Carson','turnercarson@example.com','','','','','','','','','','','','One-to-One','','turnercarson@example.com','Personal','Home','','false','','','','false','false','false','false','false','','','false','','','','','','','','','','0.0','','0.0','','','','','','0.0','','0.0','','','','0.0','','','','0.0','0.0','0.0','0.0','0.0','0.0','0.0','0.0','0.0','0.0','0.0','','','','','0.0','0.0','44',NULL);
INSERT INTO "Contact" VALUES(113,'','Emelia','Fletcher','emeliafletcher@example.com','','','','','','','','','','','','One-to-One','','emeliafletcher@example.com','Personal','Home','','false','','','','false','false','false','false','false','','','false','','','','','','','','','','0.0','','0.0','','','','','','0.0','','0.0','','','','0.0','','','','0.0','0.0','0.0','0.0','0.0','0.0','0.0','0.0','0.0','0.0','0.0','','','','','0.0','0.0','45',NULL);
INSERT INTO "Contact" VALUES(114,'','Mackenzie','Hernandez','mackenziehernandez@example.com','','','','','','','','','','','','One-to-One','','mackenziehernandez@example.com','Personal','Home','','false','','','','false','false','false','false','false','','','false','','','','','','','','','','0.0','','0.0','','','','','','0.0','','0.0','','','','0.0','','','','0.0','0.0','0.0','0.0','0.0','0.0','0.0','0.0','0.0','0.0','0.0','','','','','0.0','0.0','46',NULL);
INSERT INTO "Contact" VALUES(115,'','Leon','Clayton','leonclayton@example.com','','','','','','','','','','','','One-to-One','','leonclayton@example.com','Personal','Home','','false','','','','false','false','false','false','false','','','false','','','','','','','','','','0.0','','0.0','','','','','','0.0','','0.0','','','','0.0','','','','0.0','0.0','0.0','0.0','0.0','0.0','0.0','0.0','0.0','0.0','0.0','','','','','0.0','0.0','47',NULL);
INSERT INTO "Contact" VALUES(116,'','Marc','Richard','marcrichard@example.com','','','','','','','','','','','','One-to-One','','marcrichard@example.com','Personal','Home','','false','','','','false','false','false','false','false','','','false','','','','','','','','','','0.0','','0.0','','','','','','0.0','','0.0','','','','0.0','','','','0.0','0.0','0.0','0.0','0.0','0.0','0.0','0.0','0.0','0.0','0.0','','','','','0.0','0.0','48',NULL);
INSERT INTO "Contact" VALUES(117,'','Jordan','Waller','jordanwaller@example.com','','','','','','','','','','','','One-to-One','','jordanwaller@example.com','Personal','Home','','false','','','','false','false','false','false','false','','','false','','','','','','','','','','0.0','','0.0','','','','','','0.0','','0.0','','','','0.0','','','','0.0','0.0','0.0','0.0','0.0','0.0','0.0','0.0','0.0','0.0','0.0','','','','','0.0','0.0','49',NULL);
INSERT INTO "Contact" VALUES(118,'','Jace','Hampton','jacehampton@example.com','','','','','','','','','','','','One-to-One','','jacehampton@example.com','Personal','Home','','false','','','','false','false','false','false','false','','','false','','','','','','','','','','0.0','','0.0','','','','','','0.0','','0.0','','','','0.0','','','','0.0','0.0','0.0','0.0','0.0','0.0','0.0','0.0','0.0','0.0','0.0','','','','','0.0','0.0','50',NULL);
INSERT INTO "Contact" VALUES(119,'','Silas','Neal','silasneal@example.com','','','','','','','','','','','','One-to-One','','silasneal@example.com','Personal','Home','','false','','','','false','false','false','false','false','','','false','','','','','','','','','','0.0','','0.0','','','','','','0.0','','0.0','','','','0.0','','','','0.0','0.0','0.0','0.0','0.0','0.0','0.0','0.0','0.0','0.0','0.0','','','','','0.0','0.0','51',NULL);
INSERT INTO "Contact" VALUES(120,'','Sonia','Gentry','soniagentry@example.com','','','','','','','','','','','','One-to-One','','soniagentry@example.com','Personal','Home','','false','','','','false','false','false','false','false','','','false','','','','','','','','','','0.0','','0.0','','','','','','0.0','','0.0','','','','0.0','','','','0.0','0.0','0.0','0.0','0.0','0.0','0.0','0.0','0.0','0.0','0.0','','','','','0.0','0.0','52',NULL);
INSERT INTO "Contact" VALUES(121,'','Alison','Barr','alisonbarr@example.com','','','','','','','','','','','','One-to-One','','alisonbarr@example.com','Personal','Home','','false','','','','false','false','false','false','false','','','false','','','','','','','','','','0.0','','0.0','','','','','','0.0','','0.0','','','','0.0','','','','0.0','0.0','0.0','0.0','0.0','0.0','0.0','0.0','0.0','0.0','0.0','','','','','0.0','0.0','53',NULL);
INSERT INTO "Contact" VALUES(122,'','Vu','Pham','vupham@example.com','','','','','','','','','','','','One-to-One','','vupham@example.com','Personal','Home','','false','','','','false','false','false','false','false','','','false','','','','','','','','','','0.0','','0.0','','','','','','0.0','','0.0','','','','0.0','','','','0.0','0.0','0.0','0.0','0.0','0.0','0.0','0.0','0.0','0.0','0.0','','','','','0.0','0.0','54',NULL);
INSERT INTO "Contact" VALUES(123,'','Kellen','Cooley','kellencooley@example.com','','','','','','','','','','','','One-to-One','','kellencooley@example.com','Personal','Home','','false','','','','false','false','false','false','false','','','false','','','','','','','','','','0.0','','0.0','','','','','','0.0','','0.0','','','','0.0','','','','0.0','0.0','0.0','0.0','0.0','0.0','0.0','0.0','0.0','0.0','0.0','','','','','0.0','0.0','55',NULL);
INSERT INTO "Contact" VALUES(124,'','Jay','Zimmerman','jayzimmerman@example.com','','','','','','','','','','','','One-to-One','','jayzimmerman@example.com','Personal','Home','','false','','','','false','false','false','false','false','','','false','','','','','','','','','','0.0','','0.0','','','','','','0.0','','0.0','','','','0.0','','','','0.0','0.0','0.0','0.0','0.0','0.0','0.0','0.0','0.0','0.0','0.0','','','','','0.0','0.0','56',NULL);
INSERT INTO "Contact" VALUES(125,'','Melanie','Wheeler','melaniewheeler@example.com','','','','','','','','','','','','One-to-One','','melaniewheeler@example.com','Personal','Home','','false','','','','false','false','false','false','false','','','false','','','','','','','','','','0.0','','0.0','','','','','','0.0','','0.0','','','','0.0','','','','0.0','0.0','0.0','0.0','0.0','0.0','0.0','0.0','0.0','0.0','0.0','','','','','0.0','0.0','57',NULL);
INSERT INTO "Contact" VALUES(126,'','Fernando','Beltran','fernandobeltran@example.com','','','','','','','','','','','','One-to-One','','fernandobeltran@example.com','Personal','Home','','false','','','','false','false','false','false','false','','','false','','','','','','','','','','0.0','','0.0','','','','','','0.0','','0.0','','','','0.0','','','','0.0','0.0','0.0','0.0','0.0','0.0','0.0','0.0','0.0','0.0','0.0','','','','','0.0','0.0','58',NULL);
INSERT INTO "Contact" VALUES(127,'','Yuliana','Bird','yulianabird@example.com','','','','','','','','','','','','One-to-One','','yulianabird@example.com','Personal','Home','','false','','','','false','false','false','false','false','','','false','','','','','','','','','','0.0','','0.0','','','','','','0.0','','0.0','','','','0.0','','','','0.0','0.0','0.0','0.0','0.0','0.0','0.0','0.0','0.0','0.0','0.0','','','','','0.0','0.0','59',NULL);
INSERT INTO "Contact" VALUES(128,'','Alyson','Duffy','alysonduffy@example.com','','','','','','','','','','','','One-to-One','','alysonduffy@example.com','Personal','Home','','false','','','','false','false','false','false','false','','','false','','','','','','','','','','0.0','','0.0','','','','','','0.0','','0.0','','','','0.0','','','','0.0','0.0','0.0','0.0','0.0','0.0','0.0','0.0','0.0','0.0','0.0','','','','','0.0','0.0','60',NULL);
INSERT INTO "Contact" VALUES(129,'','Nyla','Woods','nylawoods@example.com','','','','','','','','','','','','One-to-One','','nylawoods@example.com','Personal','Home','','false','','','','false','false','false','false','false','','','false','','','','','','','','','','0.0','','0.0','','','','','','0.0','','0.0','','','','0.0','','','','0.0','0.0','0.0','0.0','0.0','0.0','0.0','0.0','0.0','0.0','0.0','','','','','0.0','0.0','61',NULL);
INSERT INTO "Contact" VALUES(130,'','James','Richards','jamesrichards@example.com','','','','','','','','','','','','One-to-One','','jamesrichards@example.com','Personal','Home','','false','','','','false','false','false','false','false','','','false','','','','','','','','','','0.0','','0.0','','','','','','0.0','','0.0','','','','0.0','','','','0.0','0.0','0.0','0.0','0.0','0.0','0.0','0.0','0.0','0.0','0.0','','','','','0.0','0.0','62',NULL);
INSERT INTO "Contact" VALUES(131,'','Aaron','Valdez','aaronvaldez@example.com','','','','','','','','','','','','One-to-One','','aaronvaldez@example.com','Personal','Home','','false','','','','false','false','false','false','false','','','false','','','','','','','','','','0.0','','0.0','','','','','','0.0','','0.0','','','','0.0','','','','0.0','0.0','0.0','0.0','0.0','0.0','0.0','0.0','0.0','0.0','0.0','','','','','0.0','0.0','63',NULL);
INSERT INTO "Contact" VALUES(132,'','John','Mills','johnmills@example.com','','','','','','','','','','','','One-to-One','','johnmills@example.com','Personal','Home','','false','','','','false','false','false','false','false','','','false','','','','','','','','','','0.0','','0.0','','','','','','0.0','','0.0','','','','0.0','','','','0.0','0.0','0.0','0.0','0.0','0.0','0.0','0.0','0.0','0.0','0.0','','','','','0.0','0.0','64',NULL);
INSERT INTO "Contact" VALUES(133,'','Shannon','Greene','shannongreene@example.com','','','','','','','','','','','','One-to-One','','shannongreene@example.com','Personal','Home','','false','','','','false','false','false','false','false','','','false','','','','','','','','','','0.0','','0.0','','','','','','0.0','','0.0','','','','0.0','','','','0.0','0.0','0.0','0.0','0.0','0.0','0.0','0.0','0.0','0.0','0.0','','','','','0.0','0.0','65',NULL);
INSERT INTO "Contact" VALUES(134,'','Marco','Escobar','marcoescobar@example.com','','','','','','','','','','','','One-to-One','','marcoescobar@example.com','Personal','Home','','false','','','','false','false','false','false','false','','','false','','','','','','','','','','0.0','','0.0','','','','','','0.0','','0.0','','','','0.0','','','','0.0','0.0','0.0','0.0','0.0','0.0','0.0','0.0','0.0','0.0','0.0','','','','','0.0','0.0','66',NULL);
INSERT INTO "Contact" VALUES(135,'','Lorelai','Gross','lorelaigross@example.com','','','','','','','','','','','','One-to-One','','lorelaigross@example.com','Personal','Home','','false','','','','false','false','false','false','false','','','false','','','','','','','','','','0.0','','0.0','','','','','','0.0','','0.0','','','','0.0','','','','0.0','0.0','0.0','0.0','0.0','0.0','0.0','0.0','0.0','0.0','0.0','','','','','0.0','0.0','67',NULL);
INSERT INTO "Contact" VALUES(136,'','Elsa','Guerrero','elsaguerrero@example.com','','','','','','','','','','','','One-to-One','','elsaguerrero@example.com','Personal','Home','','false','','','','false','false','false','false','false','','','false','','','','','','','','','','0.0','','0.0','','','','','','0.0','','0.0','','','','0.0','','','','0.0','0.0','0.0','0.0','0.0','0.0','0.0','0.0','0.0','0.0','0.0','','','','','0.0','0.0','68',NULL);
INSERT INTO "Contact" VALUES(137,'','Yesenia','Ritter','yeseniaritter@example.com','','','','','','','','','','','','One-to-One','','yeseniaritter@example.com','Personal','Home','','false','','','','false','false','false','false','false','','','false','','','','','','','','','','0.0','','0.0','','','','','','0.0','','0.0','','','','0.0','','','','0.0','0.0','0.0','0.0','0.0','0.0','0.0','0.0','0.0','0.0','0.0','','','','','0.0','0.0','69',NULL);
INSERT INTO "Contact" VALUES(138,'','Abraham','Sims','abrahamsims@example.com','','','','','','','','','','','','One-to-One','','abrahamsims@example.com','Personal','Home','','false','','','','false','false','false','false','false','','','false','','','','','','','','','','0.0','','0.0','','','','','','0.0','','0.0','','','','0.0','','','','0.0','0.0','0.0','0.0','0.0','0.0','0.0','0.0','0.0','0.0','0.0','','','','','0.0','0.0','70',NULL);
INSERT INTO "Contact" VALUES(139,'','Kyle','Huffman','kylehuffman@example.com','','','','','','','','','','','','One-to-One','','kylehuffman@example.com','Personal','Home','','false','','','','false','false','false','false','false','','','false','','','','','','','','','','0.0','','0.0','','','','','','0.0','','0.0','','','','0.0','','','','0.0','0.0','0.0','0.0','0.0','0.0','0.0','0.0','0.0','0.0','0.0','','','','','0.0','0.0','71',NULL);
INSERT INTO "Contact" VALUES(140,'','Cora','Hall','corahall@example.com','','','','','','','','','','','','One-to-One','','corahall@example.com','Personal','Home','','false','','','','false','false','false','false','false','','','false','','','','','','','','','','0.0','','0.0','','','','','','0.0','','0.0','','','','0.0','','','','0.0','0.0','0.0','0.0','0.0','0.0','0.0','0.0','0.0','0.0','0.0','','','','','0.0','0.0','72',NULL);
INSERT INTO "Contact" VALUES(141,'','Isaac','Barker','isaacbarker@example.com','','','','','','','','','','','','One-to-One','','isaacbarker@example.com','Personal','Home','','false','','','','false','false','false','false','false','','','false','','','','','','','','','','0.0','','0.0','','','','','','0.0','','0.0','','','','0.0','','','','0.0','0.0','0.0','0.0','0.0','0.0','0.0','0.0','0.0','0.0','0.0','','','','','0.0','0.0','73',NULL);
INSERT INTO "Contact" VALUES(142,'','Kailey','Glass','kaileyglass@example.com','','','','','','','','','','','','One-to-One','','kaileyglass@example.com','Personal','Home','','false','','','','false','false','false','false','false','','','false','','','','','','','','','','0.0','','0.0','','','','','','0.0','','0.0','','','','0.0','','','','0.0','0.0','0.0','0.0','0.0','0.0','0.0','0.0','0.0','0.0','0.0','','','','','0.0','0.0','74',NULL);
INSERT INTO "Contact" VALUES(143,'','Delilah','Ibarra','delilahibarra@example.com','','','','','','','','','','','','One-to-One','','delilahibarra@example.com','Personal','Home','','false','','','','false','false','false','false','false','','','false','','','','','','','','','','0.0','','0.0','','','','','','0.0','','0.0','','','','0.0','','','','0.0','0.0','0.0','0.0','0.0','0.0','0.0','0.0','0.0','0.0','0.0','','','','','0.0','0.0','75',NULL);
INSERT INTO "Contact" VALUES(144,'','Zackery','Morgan','zackerymorgan@example.com','','','','','','','','','','','','One-to-One','','zackerymorgan@example.com','Personal','Home','','false','','','','false','false','false','false','false','','','false','','','','','','','','','','0.0','','0.0','','','','','','0.0','','0.0','','','','0.0','','','','0.0','0.0','0.0','0.0','0.0','0.0','0.0','0.0','0.0','0.0','0.0','','','','','0.0','0.0','76',NULL);
INSERT INTO "Contact" VALUES(145,'','Duncan','Bowers','duncanbowers@example.com','','','','','','','','','','','','One-to-One','','duncanbowers@example.com','Personal','Home','','false','','','','false','false','false','false','false','','','false','','','','','','','','','','0.0','','0.0','','','','','','0.0','','0.0','','','','0.0','','','','0.0','0.0','0.0','0.0','0.0','0.0','0.0','0.0','0.0','0.0','0.0','','','','','0.0','0.0','77',NULL);
INSERT INTO "Contact" VALUES(146,'','Lauryn','Odom','laurynodom@example.com','','','','','','','','','','','','One-to-One','','laurynodom@example.com','Personal','Home','','false','','','','false','false','false','false','false','','','false','','','','','','','','','','0.0','','0.0','','','','','','0.0','','0.0','','','','0.0','','','','0.0','0.0','0.0','0.0','0.0','0.0','0.0','0.0','0.0','0.0','0.0','','','','','0.0','0.0','78',NULL);
INSERT INTO "Contact" VALUES(147,'','Yusef','Flores','yusefflores@example.com','','','','','','','','','','','','One-to-One','','yusefflores@example.com','Personal','Home','','false','','','','false','false','false','false','false','','','false','','','','','','','','','','0.0','','0.0','','','','','','0.0','','0.0','','','','0.0','','','','0.0','0.0','0.0','0.0','0.0','0.0','0.0','0.0','0.0','0.0','0.0','','','','','0.0','0.0','79',NULL);
INSERT INTO "Contact" VALUES(148,'','Semaj','Wall','semajwall@example.com','','','','','','','','','','','','One-to-One','','semajwall@example.com','Personal','Home','','false','','','','false','false','false','false','false','','','false','','','','','','','','','','0.0','','0.0','','','','','','0.0','','0.0','','','','0.0','','','','0.0','0.0','0.0','0.0','0.0','0.0','0.0','0.0','0.0','0.0','0.0','','','','','0.0','0.0','80',NULL);
INSERT INTO "Contact" VALUES(149,'','Frankie','Waller','frankiewaller@example.com','','','','','','','','','','','','One-to-One','','frankiewaller@example.com','Personal','Home','','false','','','','false','false','false','false','false','','','false','','','','','','','','','','0.0','','0.0','','','','','','0.0','','0.0','','','','0.0','','','','0.0','0.0','0.0','0.0','0.0','0.0','0.0','0.0','0.0','0.0','0.0','','','','','0.0','0.0','81',NULL);
INSERT INTO "Contact" VALUES(150,'','Eliezer','Bray','eliezerbray@example.com','','','','','','','','','','','','One-to-One','','eliezerbray@example.com','Personal','Home','','false','','','','false','false','false','false','false','','','false','','','','','','','','','','0.0','','0.0','','','','','','0.0','','0.0','','','','0.0','','','','0.0','0.0','0.0','0.0','0.0','0.0','0.0','0.0','0.0','0.0','0.0','','','','','0.0','0.0','82',NULL);
INSERT INTO "Contact" VALUES(151,'','Jaden','Conner','jadenconner@example.com','','','','','','','','','','','','One-to-One','','jadenconner@example.com','Personal','Home','','false','','','','false','false','false','false','false','','','false','','','','','','','','','','0.0','','0.0','','','','','','0.0','','0.0','','','','0.0','','','','0.0','0.0','0.0','0.0','0.0','0.0','0.0','0.0','0.0','0.0','0.0','','','','','0.0','0.0','83',NULL);
INSERT INTO "Contact" VALUES(152,'','Steven','Harper','stevenharper@example.com','','','','','','','','','','','','One-to-One','','stevenharper@example.com','Personal','Home','','false','','','','false','false','false','false','false','','','false','','','','','','','','','','0.0','','0.0','','','','','','0.0','','0.0','','','','0.0','','','','0.0','0.0','0.0','0.0','0.0','0.0','0.0','0.0','0.0','0.0','0.0','','','','','0.0','0.0','84',NULL);
INSERT INTO "Contact" VALUES(153,'','Karissa','Aguilar','karissaaguilar@example.com','','','','','','','','','','','','One-to-One','','karissaaguilar@example.com','Personal','Home','','false','','','','false','false','false','false','false','','','false','','','','','','','','','','0.0','','0.0','','','','','','0.0','','0.0','','','','0.0','','','','0.0','0.0','0.0','0.0','0.0','0.0','0.0','0.0','0.0','0.0','0.0','','','','','0.0','0.0','85',NULL);
INSERT INTO "Contact" VALUES(154,'','Tiara','Cummings','tiaracummings@example.com','','','','','','','','','','','','One-to-One','','tiaracummings@example.com','Personal','Home','','false','','','','false','false','false','false','false','','','false','','','','','','','','','','0.0','','0.0','','','','','','0.0','','0.0','','','','0.0','','','','0.0','0.0','0.0','0.0','0.0','0.0','0.0','0.0','0.0','0.0','0.0','','','','','0.0','0.0','86',NULL);
INSERT INTO "Contact" VALUES(155,'','Cecilia','Cardenas','ceciliacardenas@example.com','','','','','','','','','','','','One-to-One','','ceciliacardenas@example.com','Personal','Home','','false','','','','false','false','false','false','false','','','false','','','','','','','','','','0.0','','0.0','','','','','','0.0','','0.0','','','','0.0','','','','0.0','0.0','0.0','0.0','0.0','0.0','0.0','0.0','0.0','0.0','0.0','','','','','0.0','0.0','87',NULL);
INSERT INTO "Contact" VALUES(156,'','Mira','Olson','miraolson@example.com','','','','','','','','','','','','One-to-One','','miraolson@example.com','Personal','Home','','false','','','','false','false','false','false','false','','','false','','','','','','','','','','0.0','','0.0','','','','','','0.0','','0.0','','','','0.0','','','','0.0','0.0','0.0','0.0','0.0','0.0','0.0','0.0','0.0','0.0','0.0','','','','','0.0','0.0','88',NULL);
INSERT INTO "Contact" VALUES(157,'','Anna','Orr','annaorr@example.com','','','','','','','','','','','','One-to-One','','annaorr@example.com','Personal','Home','','false','','','','false','false','false','false','false','','','false','','','','','','','','','','0.0','','0.0','','','','','','0.0','','0.0','','','','0.0','','','','0.0','0.0','0.0','0.0','0.0','0.0','0.0','0.0','0.0','0.0','0.0','','','','','0.0','0.0','89',NULL);
INSERT INTO "Contact" VALUES(158,'','Joe','Salinas','joesalinas@example.com','','','','','','','','','','','','One-to-One','','joesalinas@example.com','Personal','Home','','false','','','','false','false','false','false','false','','','false','','','','','','','','','','0.0','','0.0','','','','','','0.0','','0.0','','','','0.0','','','','0.0','0.0','0.0','0.0','0.0','0.0','0.0','0.0','0.0','0.0','0.0','','','','','0.0','0.0','90',NULL);
INSERT INTO "Contact" VALUES(159,'','Maleah','Bullock','maleahbullock@example.com','','','','','','','','','','','','One-to-One','','maleahbullock@example.com','Personal','Home','','false','','','','false','false','false','false','false','','','false','','','','','','','','','','0.0','','0.0','','','','','','0.0','','0.0','','','','0.0','','','','0.0','0.0','0.0','0.0','0.0','0.0','0.0','0.0','0.0','0.0','0.0','','','','','0.0','0.0','91',NULL);
INSERT INTO "Contact" VALUES(160,'','Anika','Solomon','anikasolomon@example.com','','','','','','','','','','','','One-to-One','','anikasolomon@example.com','Personal','Home','','false','','','','false','false','false','false','false','','','false','','','','','','','','','','0.0','','0.0','','','','','','0.0','','0.0','','','','0.0','','','','0.0','0.0','0.0','0.0','0.0','0.0','0.0','0.0','0.0','0.0','0.0','','','','','0.0','0.0','92',NULL);
INSERT INTO "Contact" VALUES(161,'','Tom','Higgins','thiggins@example.com','555-248-3956','','','555-248-3956','','2007-04-03','3850 Wolf Pen Road','Oakland','CA','94612','','One-to-One','','thiggins@example.com','Personal','Home','Home','false','','','','false','false','true','true','false','','','false','','','','','','','','','','0.0','','0.0','','','','','0.0','0.0','','0.0','','','','0.0','','','Household__c.Formal_Greeting__c;Household__c.Informal_Greeting__c','0.0','0.0','0.0','0.0','0.0','0.0','0.0','0.0','0.0','0.0','0.0','','','','','0.0','0.0','93',NULL);
INSERT INTO "Contact" VALUES(162,'','Lisa','Higgins','lhiggins@example.com','555-248-3956','','','555-248-3956','','','3850 Wolf Pen Road','Oakland','CA','94612','','One-to-One','','lhiggins@example.com','Personal','Home','Home','false','','','','false','false','false','false','false','','','false','','','','','','','','','','0.0','','0.0','','','','','1.0','0.0','','0.0','','','','0.0','','','','0.0','0.0','0.0','0.0','0.0','0.0','0.0','0.0','0.0','0.0','0.0','','','','','0.0','0.0','93',NULL);
INSERT INTO "Contact" VALUES(163,'Dr.','Jeremy','Adams','jeremyadams@example.com','555-648-7204','555-510-9375','','555-648-7204','','1970-01-04','1739 Lindale Avenue','Oakland','CA','94612','United States','One-to-One','','jeremyadams@example.com','Personal','Home','Home','false','','','','false','false','false','false','false','','','false','','','','','','','','','','0.0','','0.0','','','','','','0.0','','0.0','','','','0.0','','','','0.0','0.0','0.0','0.0','0.0','0.0','0.0','0.0','0.0','0.0','0.0','','','','','0.0','0.0','94',NULL);
INSERT INTO "Contact" VALUES(164,'Rev.','Angela','Adams','angelaadams@example.com','555-648-4704','1-333-444-5555','','555-648-4704','','1970-01-04','1739 Lindale Avenue','Oakland','CA','94612','United States','One-to-One','','angelaadams@example.com','Personal','Home','Home','false','','','','false','false','false','false','false','','','false','','','','','','','','','','0.0','','0.0','','','','','','0.0','','0.0','','','','0.0','','','','0.0','0.0','0.0','0.0','0.0','0.0','0.0','0.0','0.0','0.0','0.0','','','','','0.0','0.0','94',NULL);
INSERT INTO "Contact" VALUES(165,'','Craig','Johnson','craigjohnso@example.com','555-349-3507','','','555-349-3507','','','3041 Park Street','Oakland','CA','94606','United States','One-to-One','','craigjohnso@example.com','Personal','Home','Home','false','','','','false','false','false','false','false','','','false','','','','','','','','','','0.0','','0.0','','','','','1.0','0.0','','0.0','','','','0.0','','','','0.0','0.0','0.0','0.0','0.0','0.0','0.0','0.0','0.0','0.0','0.0','','','','','0.0','0.0','95',NULL);
INSERT INTO "Contact" VALUES(166,'','Maya','Johnson','','555-349-3507','','','555-349-3507','','','3041 Park Street','Oakland','CA','94606','United States','One-to-One','','','Personal','Home','Home','false','','','','false','false','true','true','true','','','false','','','','','','','','','','0.0','','0.0','','','','','2.0','0.0','','0.0','','','','0.0','','','Household__c.Name;Household__c.Formal_Greeting__c;Household__c.Informal_Greeting__c','0.0','0.0','0.0','0.0','0.0','0.0','0.0','0.0','0.0','0.0','0.0','','','','','0.0','0.0','95',NULL);
INSERT INTO "Contact" VALUES(167,'','Barbara','Johnson','barbarajohnson@example.com','555-349-3507','1-333-444-5555','','555-349-3507','','1970-01-09','3041 Park Street','Oakland','CA','94606','United States','One-to-One','','barbarajohnson@example.com','Personal','Home','Home','false','','','','false','false','false','false','false','','','false','','','','','','','','','','0.0','','0.0','','','','','0.0','0.0','','0.0','','','','0.0','','','','0.0','0.0','0.0','0.0','0.0','0.0','0.0','0.0','0.0','0.0','0.0','','','','','0.0','0.0','95',NULL);
INSERT INTO "Contact" VALUES(168,'','Jose','Burgess','joseburgess@example.com','','','','','','','','','','','','One-to-One','','joseburgess@example.com','Personal','Home','','false','','','','false','false','false','false','false','','','false','','','','','','','','','','0.0','','0.0','','','','','','0.0','','0.0','','','','0.0','','','','0.0','0.0','0.0','0.0','0.0','0.0','0.0','0.0','0.0','0.0','0.0','','','','','0.0','0.0','96',NULL);
INSERT INTO "Contact" VALUES(169,'','Brenda','Bass','brendabass@example.com','','','','','','','','','','','','One-to-One','','brendabass@example.com','Personal','Home','','false','','','','false','false','false','false','false','','','false','','','','','','','','','','0.0','','0.0','','','','','','0.0','','0.0','','','','0.0','','','','0.0','0.0','0.0','0.0','0.0','0.0','0.0','0.0','0.0','0.0','0.0','','','','','0.0','0.0','122',NULL);
INSERT INTO "Contact" VALUES(170,'','Nikhil','Bishop','nikhilbishop@example.com','','','','','','','','','','','','One-to-One','','nikhilbishop@example.com','Personal','Home','','false','','','','false','false','false','false','false','','','false','','','','','','','','','','0.0','','0.0','','','','','','0.0','','0.0','','','','0.0','','','','0.0','0.0','0.0','0.0','0.0','0.0','0.0','0.0','0.0','0.0','0.0','','','','','0.0','0.0','123',NULL);
INSERT INTO "Contact" VALUES(171,'','Juliette','Cisneros','juliettecisneros@example.com','','','','','','','','','','','','One-to-One','','juliettecisneros@example.com','Personal','Home','','false','','','','false','false','false','false','false','','','false','','','','','','','','','','0.0','','0.0','','','','','','0.0','','0.0','','','','0.0','','','','0.0','0.0','0.0','0.0','0.0','0.0','0.0','0.0','0.0','0.0','0.0','','','','','0.0','0.0','124',NULL);
INSERT INTO "Contact" VALUES(172,'','Alana','Owen','alanaowen@example.com','','','','','','','','','','','','One-to-One','','alanaowen@example.com','Personal','Home','','false','','','','false','false','false','false','false','','','false','','','','','','','','','','0.0','','0.0','','','','','','0.0','','0.0','','','','0.0','','','','0.0','0.0','0.0','0.0','0.0','0.0','0.0','0.0','0.0','0.0','0.0','','','','','0.0','0.0','125',NULL);
INSERT INTO "Contact" VALUES(173,'','Cruz','Kerr','cruzkerr@example.com','','','','','','','','','','','','One-to-One','','cruzkerr@example.com','Personal','Home','','false','','','','false','false','false','false','false','','','false','','','','','','','','','','0.0','','0.0','','','','','','0.0','','0.0','','','','0.0','','','','0.0','0.0','0.0','0.0','0.0','0.0','0.0','0.0','0.0','0.0','0.0','','','','','0.0','0.0','126',NULL);
CREATE TABLE "Opportunity" (
	id INTEGER NOT NULL, 
	"npe01__Contact_Id_for_Role__c" VARCHAR(255), 
	"npe01__Membership_Origin__c" VARCHAR(255), 
	"npe01__Member_Level__c" VARCHAR(255), 
	"npe01__Membership_Start_Date__c" VARCHAR(255), 
	"npe01__Membership_End_Date__c" VARCHAR(255), 
	"npe01__Do_Not_Automatically_Create_Payment__c" VARCHAR(255), 
	"Name" VARCHAR(255), 
	"NextStep" VARCHAR(255), 
	"Type" VARCHAR(255), 
	"StageName" VARCHAR(255), 
	"LeadSource" VARCHAR(255), 
	"ForecastCategoryName" VARCHAR(255), 
	"Probability" VARCHAR(255), 
	"TotalOpportunityQuantity" VARCHAR(255), 
	"Description" VARCHAR(255), 
	"CloseDate" VARCHAR(255), 
	"Amount" VARCHAR(255), 
	"IsPrivate" VARCHAR(255), 
	"npsp__Grant_Requirements_Website__c" VARCHAR(255), 
	"npsp__Primary_Contact_Campaign_Member_Status__c" VARCHAR(255), 
	"npsp__Notification_Recipient_Name__c" VARCHAR(255), 
	"npsp__Honoree_Name__c" VARCHAR(255), 
	"npsp__Matching_Gift_Employer__c" VARCHAR(255), 
	"npsp__Grant_Contract_Number__c" VARCHAR(255), 
	"npsp__Notification_Recipient_Information__c" VARCHAR(255), 
	"npsp__Grant_Program_Area_s__c" VARCHAR(255), 
	"npsp__In_Kind_Description__c" VARCHAR(255), 
	"npsp__Tribute_Type__c" VARCHAR(255), 
	"npsp__Notification_Preference__c" VARCHAR(255), 
	"npsp__Matching_Gift_Status__c" VARCHAR(255), 
	"npsp__In_Kind_Type__c" VARCHAR(255), 
	"npsp__Acknowledgment_Status__c" VARCHAR(255), 
	"npsp__Gift_Strategy__c" VARCHAR(255), 
	"npsp__Recurring_Donation_Installment_Number__c" VARCHAR(255), 
	"npsp__Notification_Message__c" VARCHAR(255), 
	"npsp__Closed_Lost_Reason__c" VARCHAR(255), 
	"npsp__Grant_Period_Start_Date__c" VARCHAR(255), 
	"npsp__Grant_Period_End_Date__c" VARCHAR(255), 
	"npsp__Grant_Contract_Date__c" VARCHAR(255), 
	"npsp__Acknowledgment_Date__c" VARCHAR(255), 
	"npsp__Qualified_Date__c" VARCHAR(255), 
	"npsp__Ask_Date__c" VARCHAR(255), 
	"npsp__Fair_Market_Value__c" VARCHAR(255), 
	"npsp__Requested_Amount__c" VARCHAR(255), 
	"npsp__DisableContactRoleAutomation__c" VARCHAR(255), 
	"npsp__In_Kind_Donor_Declared_Value__c" VARCHAR(255), 
	"npsp__Is_Grant_Renewal__c" VARCHAR(255), 
	"npo02__systemHouseholdContactRoleProcessor__c" VARCHAR(255), 
	"AccountId" VARCHAR(255), 
	"npsp__Primary_Contact__c" VARCHAR(255), 
	"npsp__Honoree_Contact__c" VARCHAR(255), 
	"npsp__Notification_Recipient_Contact__c" VARCHAR(255), 
	record_type VARCHAR(255), 
	PRIMARY KEY (id)
);
INSERT INTO "Opportunity" VALUES(1,'0035400000Hsa3XAAR','','','','','false','Arthur Baker Donation in Memoriam','','','Closed Won','','Closed','100.0','','','2019-09-02','500.0','false','','','Arlene Baker','Arthur Baker','','','','','','Memorial','Phone','','','To Be Acknowledged','','','','','','','','2019-09-06','','','','','false','false','false','All Opportunities','1','69','68','69',NULL);
INSERT INTO "Opportunity" VALUES(2,'0035400000HtExuAAF','','','','','false','Darryl Graham 2019 In-Kind Donation','','','In-Kind Received','','Omitted','100.0','','','2019-08-05','400.0','false','','','','','','','','','<p>PSA Production for fundraising drive</p>','','','','Services','Acknowledged','','','','','','','','2019-08-09','','','800.0','','false','true','false','All Opportunities','2','71','','',NULL);
INSERT INTO "Opportunity" VALUES(3,'0035400000HtEyZAAV','','','','','false','Lynn Barnes 1019 Donation','','','Closed Won','','Closed','100.0','','','2019-07-01','500.0','false','','','','','','','','','','','','','','Acknowledged','','','','','','','','2019-07-05','','','','','false','false','false','All Opportunities','3','72','','',NULL);
CREATE TABLE "OpportunityContactRole" (
	id INTEGER NOT NULL, 
	"Role" VARCHAR(255), 
	"IsPrimary" VARCHAR(255), 
	"ContactId" VARCHAR(255), 
	"OpportunityId" VARCHAR(255), 
	record_type VARCHAR(255), 
	PRIMARY KEY (id)
);
INSERT INTO "OpportunityContactRole" VALUES(1,'Donor','true','69','1',NULL);
INSERT INTO "OpportunityContactRole" VALUES(2,'Donor','true','69','1',NULL);
INSERT INTO "OpportunityContactRole" VALUES(3,'Donor','true','69','1',NULL);
INSERT INTO "OpportunityContactRole" VALUES(4,'Donor','true','69','1',NULL);
INSERT INTO "OpportunityContactRole" VALUES(5,'Donor','true','69','1',NULL);
INSERT INTO "OpportunityContactRole" VALUES(6,'Donor','true','69','1',NULL);
INSERT INTO "OpportunityContactRole" VALUES(7,'Donor','true','69','1',NULL);
INSERT INTO "OpportunityContactRole" VALUES(8,'Donor','true','69','1',NULL);
INSERT INTO "OpportunityContactRole" VALUES(9,'Donor','true','69','1',NULL);
INSERT INTO "OpportunityContactRole" VALUES(10,'Tribute','false','68','1',NULL);
INSERT INTO "OpportunityContactRole" VALUES(11,'Household Member','false','68','1',NULL);
INSERT INTO "OpportunityContactRole" VALUES(12,'Tribute','false','68','1',NULL);
INSERT INTO "OpportunityContactRole" VALUES(13,'Household Member','false','68','1',NULL);
INSERT INTO "OpportunityContactRole" VALUES(14,'Tribute','false','68','1',NULL);
INSERT INTO "OpportunityContactRole" VALUES(15,'Tribute','false','68','1',NULL);
INSERT INTO "OpportunityContactRole" VALUES(16,'Tribute','false','68','1',NULL);
INSERT INTO "OpportunityContactRole" VALUES(17,'Tribute','false','68','1',NULL);
INSERT INTO "OpportunityContactRole" VALUES(18,'Tribute','false','68','1',NULL);
INSERT INTO "OpportunityContactRole" VALUES(19,'Donor','true','71','2',NULL);
INSERT INTO "OpportunityContactRole" VALUES(20,'Donor','true','71','2',NULL);
INSERT INTO "OpportunityContactRole" VALUES(21,'Donor','true','71','2',NULL);
INSERT INTO "OpportunityContactRole" VALUES(22,'Donor','true','71','2',NULL);
INSERT INTO "OpportunityContactRole" VALUES(23,'Donor','true','71','2',NULL);
INSERT INTO "OpportunityContactRole" VALUES(24,'Donor','true','71','2',NULL);
INSERT INTO "OpportunityContactRole" VALUES(25,'Donor','true','71','2',NULL);
INSERT INTO "OpportunityContactRole" VALUES(26,'Donor','true','71','2',NULL);
INSERT INTO "OpportunityContactRole" VALUES(27,'Donor','true','71','2',NULL);
INSERT INTO "OpportunityContactRole" VALUES(28,'Household Member','false','70','2',NULL);
INSERT INTO "OpportunityContactRole" VALUES(29,'Household Member','false','70','2',NULL);
INSERT INTO "OpportunityContactRole" VALUES(30,'Household Member','false','70','2',NULL);
INSERT INTO "OpportunityContactRole" VALUES(31,'Household Member','false','70','2',NULL);
INSERT INTO "OpportunityContactRole" VALUES(32,'Household Member','false','70','2',NULL);
INSERT INTO "OpportunityContactRole" VALUES(33,'Household Member','false','70','2',NULL);
INSERT INTO "OpportunityContactRole" VALUES(34,'Household Member','false','70','2',NULL);
INSERT INTO "OpportunityContactRole" VALUES(35,'Household Member','false','70','2',NULL);
INSERT INTO "OpportunityContactRole" VALUES(36,'Household Member','false','70','2',NULL);
INSERT INTO "OpportunityContactRole" VALUES(37,'Household Member','false','74','3',NULL);
INSERT INTO "OpportunityContactRole" VALUES(38,'Household Member','false','74','3',NULL);
INSERT INTO "OpportunityContactRole" VALUES(39,'Household Member','false','74','3',NULL);
INSERT INTO "OpportunityContactRole" VALUES(40,'Household Member','false','74','3',NULL);
INSERT INTO "OpportunityContactRole" VALUES(41,'Household Member','false','74','3',NULL);
INSERT INTO "OpportunityContactRole" VALUES(42,'Household Member','false','74','3',NULL);
INSERT INTO "OpportunityContactRole" VALUES(43,'Household Member','false','74','3',NULL);
INSERT INTO "OpportunityContactRole" VALUES(44,'Household Member','false','74','3',NULL);
INSERT INTO "OpportunityContactRole" VALUES(45,'Household Member','false','74','3',NULL);
INSERT INTO "OpportunityContactRole" VALUES(46,'Household Member','false','73','3',NULL);
INSERT INTO "OpportunityContactRole" VALUES(47,'Household Member','false','73','3',NULL);
INSERT INTO "OpportunityContactRole" VALUES(48,'Household Member','false','73','3',NULL);
INSERT INTO "OpportunityContactRole" VALUES(49,'Household Member','false','73','3',NULL);
INSERT INTO "OpportunityContactRole" VALUES(50,'Household Member','false','73','3',NULL);
INSERT INTO "OpportunityContactRole" VALUES(51,'Household Member','false','73','3',NULL);
INSERT INTO "OpportunityContactRole" VALUES(52,'Household Member','false','73','3',NULL);
INSERT INTO "OpportunityContactRole" VALUES(53,'Household Member','false','73','3',NULL);
INSERT INTO "OpportunityContactRole" VALUES(54,'Household Member','false','73','3',NULL);
INSERT INTO "OpportunityContactRole" VALUES(55,'Donor','true','72','3',NULL);
INSERT INTO "OpportunityContactRole" VALUES(56,'Donor','true','72','3',NULL);
INSERT INTO "OpportunityContactRole" VALUES(57,'Donor','true','72','3',NULL);
INSERT INTO "OpportunityContactRole" VALUES(58,'Donor','true','72','3',NULL);
INSERT INTO "OpportunityContactRole" VALUES(59,'Donor','true','72','3',NULL);
INSERT INTO "OpportunityContactRole" VALUES(60,'Donor','true','72','3',NULL);
INSERT INTO "OpportunityContactRole" VALUES(61,'Donor','true','72','3',NULL);
INSERT INTO "OpportunityContactRole" VALUES(62,'Donor','true','72','3',NULL);
INSERT INTO "OpportunityContactRole" VALUES(63,'Donor','true','72','3',NULL);
CREATE TABLE "ProgramCohort__c" (
	id INTEGER NOT NULL, 
	"Name" VARCHAR(255), 
	"Description__c" VARCHAR(255), 
	"EndDate__c" VARCHAR(255), 
	"StartDate__c" VARCHAR(255), 
	"Status__c" VARCHAR(255), 
	"Program__c" VARCHAR(255), 
	record_type VARCHAR(255), 
	PRIMARY KEY (id)
);
INSERT INTO "ProgramCohort__c" VALUES(1,'Job Readiness 2019-2021','This program is designed to assist adults who have experienced a prolonged absence from the workforce for a variety of reasons such as caring for a family member, protracted joblessness following a layoff or return from a short period of incarceration for a minor crime. It''s also intended to provide support for adults in the workforce who are looking to stabilize their housing or working situation.','2021-04-15','2019-04-15','Active','2',NULL);
INSERT INTO "ProgramCohort__c" VALUES(2,'Genellen','Genellen neighborhood service area','','2019-09-09','Active','4',NULL);
INSERT INTO "ProgramCohort__c" VALUES(3,'Fall 2019 STEM','','2019-12-20','2019-09-09','Active','4',NULL);
INSERT INTO "ProgramCohort__c" VALUES(4,'Eastgate','Eastgate neighborhood service area','','2019-02-01','Active','6',NULL);
INSERT INTO "ProgramCohort__c" VALUES(5,'Riverside','Riverside neighborhood service area','','2019-02-01','Active','6',NULL);
INSERT INTO "ProgramCohort__c" VALUES(6,'Highpoint','Highpoint neighborhood service area','','2019-02-01','Active','6',NULL);
CREATE TABLE "ProgramEngagement__c" (
	id INTEGER NOT NULL, 
	"Name" VARCHAR(255), 
	"ApplicationDate__c" VARCHAR(255), 
	"AutoName_Override__c" VARCHAR(255), 
	"EndDate__c" VARCHAR(255), 
	"Role__c" VARCHAR(255), 
	"Stage__c" VARCHAR(255), 
	"StartDate__c" VARCHAR(255), 
	"Account__c" VARCHAR(255), 
	"Contact__c" VARCHAR(255), 
	"Program__c" VARCHAR(255), 
	"ProgramCohort__c" VARCHAR(255), 
	record_type VARCHAR(255), 
	PRIMARY KEY (id)
);
INSERT INTO "ProgramEngagement__c" VALUES(1,'Maya Johnson 2019-12-02: After School Program, Ages 11-13','','false','','Client','Enrolled','2019-12-02','','166','3','',NULL);
INSERT INTO "ProgramEngagement__c" VALUES(2,'Barbara Johnson 2019-09-09: ESL Program','2019-07-03','false','','Client','Active','2019-09-09','','167','8','',NULL);
INSERT INTO "ProgramEngagement__c" VALUES(3,'Alana Owen 2019-09-09: Mobile Middle School STEM Program','','false','','Client','Active','2019-09-09','','172','4','2',NULL);
INSERT INTO "ProgramEngagement__c" VALUES(4,'Alana Owen 2019-12-19: School Lunch Program','2019-09-09','false','','Client','Active','2019-12-19','','172','10','',NULL);
INSERT INTO "ProgramEngagement__c" VALUES(5,'Naima Crawford 2019-09-09: Mobile Middle School STEM Program','','false','2019-12-20','Client','Active','2019-09-09','','1','4','2',NULL);
INSERT INTO "ProgramEngagement__c" VALUES(6,'Naima Crawford 2020-02-03: School Lunch Program','','false','','Client','Enrolled','2020-02-03','','1','10','',NULL);
INSERT INTO "ProgramEngagement__c" VALUES(7,'Christina Webster 2020-02-03: Remedial Reading Program','','false','','Client','Enrolled','2020-02-03','','10','1','',NULL);
INSERT INTO "ProgramEngagement__c" VALUES(8,'Emilie Costa 2020-01-06: Remedial Reading Program','','false','','Client','Enrolled','2020-01-06','','11','1','',NULL);
INSERT INTO "ProgramEngagement__c" VALUES(9,'Emilie Costa 2020-02-08: After School Program, Ages 11-13','','false','','Client','Enrolled','2020-02-08','','11','3','',NULL);
INSERT INTO "ProgramEngagement__c" VALUES(10,'Lucia Cain 2019-11-06: Financial Literacy Program','','false','','Client','Enrolled','2019-11-06','','13','9','',NULL);
INSERT INTO "ProgramEngagement__c" VALUES(11,'Alice Irwin 2019-12-02: Financial Literacy Program','','false','','Client','Enrolled','2019-12-02','','16','9','',NULL);
INSERT INTO "ProgramEngagement__c" VALUES(12,'Fabian Hughes 2019-12-19: Remedial Reading Program','2019-12-02','false','','Client','Enrolled','2019-12-19','','17','1','',NULL);
INSERT INTO "ProgramEngagement__c" VALUES(13,'Fabian Hughes 2019-09-09: After School Program, Ages 11-13','','false','','Client','Active','2019-09-09','','17','3','',NULL);
INSERT INTO "ProgramEngagement__c" VALUES(14,'Fabian Hughes 2019-09-09: School Lunch Program','','false','','Client','Active','2019-09-09','','17','10','',NULL);
INSERT INTO "ProgramEngagement__c" VALUES(15,'Adrianna Norman 2020-01-06: Job Readiness Program','','false','','Client','Enrolled','2020-01-06','','21','2','',NULL);
INSERT INTO "ProgramEngagement__c" VALUES(16,'Gary Wood 2019-10-02: Job Readiness Program','','false','','Client','Active','2019-10-02','','23','2','',NULL);
INSERT INTO "ProgramEngagement__c" VALUES(17,'Jaylin Morgan 2019-09-24: Housing Assistance Program','','false','','Client','Active','2019-09-24','','25','7','',NULL);
INSERT INTO "ProgramEngagement__c" VALUES(18,'Nico Rivers 2019-09-19: Housing Assistance Program','','false','','Client','Active','2019-09-19','','33','7','',NULL);
INSERT INTO "ProgramEngagement__c" VALUES(19,'Tatiana Lang 2020-01-06: Mobile Middle School STEM Program','','false','','Client','Enrolled','2020-01-06','','39','4','',NULL);
INSERT INTO "ProgramEngagement__c" VALUES(20,'Jay Shah 2019-12-02: Mobile Middle School STEM Program','','false','','Client','Enrolled','2019-12-02','','46','4','',NULL);
INSERT INTO "ProgramEngagement__c" VALUES(21,'Aubrie Booker 2020-01-06: Mobile Middle School STEM Program','','false','','Client','Enrolled','2020-01-06','','48','4','',NULL);
INSERT INTO "ProgramEngagement__c" VALUES(22,'Emelia Mercer 2019-10-02: Housing Assistance Program','','false','','Client','Active','2019-10-02','','49','7','',NULL);
INSERT INTO "ProgramEngagement__c" VALUES(23,'Taniyah Rios 2019-09-09: Mobile Middle School STEM Program','','false','2019-12-20','Client','Active','2019-09-09','','51','4','2',NULL);
INSERT INTO "ProgramEngagement__c" VALUES(24,'Dalia Osborn 2020-01-06: Housing Assistance Program','','false','','Client','Enrolled','2020-01-06','','57','7','',NULL);
INSERT INTO "ProgramEngagement__c" VALUES(25,'Ariella Branch 2020-02-03: ESL Program','','false','','Client','Enrolled','2020-02-03','','59','8','',NULL);
INSERT INTO "ProgramEngagement__c" VALUES(26,'Javon Rodgers 2019-10-01: After School Program, Ages 11-13','','false','','Client','Active','2019-10-01','','61','3','',NULL);
INSERT INTO "ProgramEngagement__c" VALUES(27,'Josie Mcclure 2019-09-09: Financial Literacy Program','','false','','Client','Enrolled','2019-09-09','','62','9','',NULL);
INSERT INTO "ProgramEngagement__c" VALUES(28,'Marcus Huynh 2020-01-08: No More Food Deserts Advocacy','','false','','Volunteer','Enrolled','2020-01-08','','63','5','',NULL);
INSERT INTO "ProgramEngagement__c" VALUES(29,'Ayanna Gonzalez 2019-09-09: Mobile Middle School STEM Program','','false','2019-12-20','Client','Active','2019-09-09','','64','4','2',NULL);
INSERT INTO "ProgramEngagement__c" VALUES(30,'Taniya Singleton 2019-12-02: No More Food Deserts Advocacy','','false','','Volunteer','Enrolled','2019-12-02','','65','5','',NULL);
INSERT INTO "ProgramEngagement__c" VALUES(31,'Neil Huerta 2019-01-08: Drug and Alcohol Recovery Management','','false','','Client','Enrolled','2019-01-08','','82','6','',NULL);
INSERT INTO "ProgramEngagement__c" VALUES(32,'Jessica Woods 2019-09-09: Mobile Middle School STEM Program','','false','2019-12-20','Client','Active','2019-09-09','','89','4','2',NULL);
INSERT INTO "ProgramEngagement__c" VALUES(33,'Khloe Stanley 2020-02-03: Mobile Middle School STEM Program','','false','','Client','Enrolled','2020-02-03','','90','4','',NULL);
INSERT INTO "ProgramEngagement__c" VALUES(34,'Casey Kline 2019-09-09: Mobile Middle School STEM Program','','false','2019-12-20','Client','Active','2019-09-09','','92','4','2',NULL);
INSERT INTO "ProgramEngagement__c" VALUES(35,'Diego Case 2019-09-09: Mobile Middle School STEM Program','','false','2019-12-20','Client','Active','2019-09-09','','94','4','2',NULL);
INSERT INTO "ProgramEngagement__c" VALUES(36,'Isaac Grant 2019-11-04: Housing Assistance Program','','false','','Client','Active','2019-11-04','','97','7','',NULL);
INSERT INTO "ProgramEngagement__c" VALUES(37,'Hailie Holder 2020-02-03: Housing Assistance Program','','false','','Client','Enrolled','2020-02-03','','100','7','',NULL);
INSERT INTO "ProgramEngagement__c" VALUES(38,'Samir Neal 2019-09-09: ESL Program','','false','','Client','Active','2019-09-09','','106','8','',NULL);
INSERT INTO "ProgramEngagement__c" VALUES(39,'Angelo Lutz 2019-12-02: Housing Assistance Program','','false','','Client','Enrolled','2019-12-02','','110','7','',NULL);
INSERT INTO "ProgramEngagement__c" VALUES(40,'Turner Carson 2019-12-10: Drug and Alcohol Recovery Management','','false','','Client','Enrolled','2019-12-10','','112','6','',NULL);
INSERT INTO "ProgramEngagement__c" VALUES(41,'Leon Clayton 2019-09-10: No More Food Deserts Advocacy','','false','','Volunteer','Active','2019-09-10','','115','5','',NULL);
INSERT INTO "ProgramEngagement__c" VALUES(42,'Marc Richard 2019-08-12: No More Food Deserts Advocacy','','false','','Volunteer','Active','2019-08-12','','116','5','',NULL);
INSERT INTO "ProgramEngagement__c" VALUES(43,'Jordan Waller 2019-09-09: Remedial Reading Program','','false','','Client','Active','2019-09-09','','117','1','',NULL);
INSERT INTO "ProgramEngagement__c" VALUES(44,'Jace Hampton 2020-01-06: After School Program, Ages 11-13','','false','','Client','Enrolled','2020-01-06','','118','3','',NULL);
INSERT INTO "ProgramEngagement__c" VALUES(45,'Sonia Gentry 2019-09-09: After School Program, Ages 11-13','','false','2019-12-20','Client','Active','2019-09-09','','120','3','',NULL);
INSERT INTO "ProgramEngagement__c" VALUES(46,'Sonia Gentry 2019-12-02: School Lunch Program','','false','','Client','Enrolled','2019-12-02','','120','10','',NULL);
INSERT INTO "ProgramEngagement__c" VALUES(47,'Alison Barr 2019-02-04: Drug and Alcohol Recovery Management','','false','','Client','Enrolled','2019-02-04','','121','6','',NULL);
INSERT INTO "ProgramEngagement__c" VALUES(48,'Kellen Cooley 2019-12-02: After School Program, Ages 11-13','','false','','Client','Active','2019-12-02','','123','3','',NULL);
INSERT INTO "ProgramEngagement__c" VALUES(49,'Jay Zimmerman 2019-11-12: No More Food Deserts Advocacy','','false','','Volunteer','Active','2019-11-12','','124','5','',NULL);
INSERT INTO "ProgramEngagement__c" VALUES(50,'Fernando Beltran 2019-12-02: ESL Program','','false','','Client','Enrolled','2019-12-02','','126','8','',NULL);
INSERT INTO "ProgramEngagement__c" VALUES(51,'Yuliana Bird 2019-09-09: Mobile Middle School STEM Program','','false','2019-12-20','Client','Active','2019-09-09','','127','4','2',NULL);
INSERT INTO "ProgramEngagement__c" VALUES(52,'James Richards 2020-01-06: Housing Assistance Program','','false','','Client','Enrolled','2020-01-06','','130','7','',NULL);
INSERT INTO "ProgramEngagement__c" VALUES(53,'Aaron Valdez 2019-10-02: No More Food Deserts Advocacy','','false','','Volunteer','Active','2019-10-02','','131','5','',NULL);
INSERT INTO "ProgramEngagement__c" VALUES(54,'John Mills 2019-09-02: No More Food Deserts Advocacy','','false','','Volunteer','Active','2019-09-02','','132','5','',NULL);
INSERT INTO "ProgramEngagement__c" VALUES(55,'Shannon Greene 2020-01-08: No More Food Deserts Advocacy','','false','','Volunteer','Enrolled','2020-01-08','','133','5','',NULL);
INSERT INTO "ProgramEngagement__c" VALUES(56,'Marco Escobar 2019-09-09: Remedial Reading Program','','false','','Client','Active','2019-09-09','','134','1','',NULL);
INSERT INTO "ProgramEngagement__c" VALUES(57,'Marco Escobar 2019-09-09: After School Program, Ages 11-13','','false','','Client','Active','2019-09-09','','134','3','',NULL);
INSERT INTO "ProgramEngagement__c" VALUES(58,'Abraham Sims 2019-09-09: Mobile Middle School STEM Program','','false','','Client','Active','2019-09-09','','138','4','2',NULL);
INSERT INTO "ProgramEngagement__c" VALUES(59,'Abraham Sims 2020-01-06: School Lunch Program','','false','','Client','Enrolled','2020-01-06','','138','10','',NULL);
INSERT INTO "ProgramEngagement__c" VALUES(60,'Isaac Barker 2019-09-09: Financial Literacy Program','','false','','Client','Active','2019-09-09','','141','9','',NULL);
INSERT INTO "ProgramEngagement__c" VALUES(61,'Zackery Morgan 2020-01-07: No More Food Deserts Advocacy','','false','','Volunteer','Enrolled','2020-01-07','','144','5','',NULL);
INSERT INTO "ProgramEngagement__c" VALUES(62,'Zackery Morgan 2019-10-18: Drug and Alcohol Recovery Management','','false','','Client','Active','2019-10-18','','144','6','',NULL);
INSERT INTO "ProgramEngagement__c" VALUES(63,'Yusef Flores 2020-01-06: ESL Program','','false','','Client','Enrolled','2020-01-06','','147','8','',NULL);
INSERT INTO "ProgramEngagement__c" VALUES(64,'Yusef Flores 2019-09-09: Financial Literacy Program','','false','','Client','Active','2019-09-09','','147','9','',NULL);
INSERT INTO "ProgramEngagement__c" VALUES(65,'Semaj Wall 2019-10-01: ESL Program','','false','','Client','Active','2019-10-01','','148','8','',NULL);
INSERT INTO "ProgramEngagement__c" VALUES(66,'Semaj Wall 2019-09-09: Financial Literacy Program','','false','','Client','Active','2019-09-09','','148','9','',NULL);
INSERT INTO "ProgramEngagement__c" VALUES(67,'Frankie Waller 2019-12-01: Financial Literacy Program','','false','','Client','Active','2019-12-01','','149','9','',NULL);
INSERT INTO "ProgramEngagement__c" VALUES(68,'Eliezer Bray 2020-02-08: No More Food Deserts Advocacy','','false','','Volunteer','Enrolled','2020-02-08','','150','5','',NULL);
INSERT INTO "ProgramEngagement__c" VALUES(69,'Steven Harper 2019-10-10: Financial Literacy Program','2019-09-10','false','','Client','Enrolled','2019-10-10','','152','9','',NULL);
INSERT INTO "ProgramEngagement__c" VALUES(70,'Joe Salinas 2020-02-06: Job Readiness Program','','false','','Client','Enrolled','2020-02-06','','158','2','',NULL);
INSERT INTO "ProgramEngagement__c" VALUES(71,'Tom Higgins 2019-09-09: Remedial Reading Program','2019-04-12','false','','Client','Active','2019-09-09','','161','1','',NULL);
INSERT INTO "ProgramEngagement__c" VALUES(72,'Tom Higgins 2019-09-03: After School Program, Ages 11-13','2019-08-29','false','','Client','Active','2019-09-03','','161','3','',NULL);
INSERT INTO "ProgramEngagement__c" VALUES(73,'Tom Higgins 2019-09-03: School Lunch Program','2019-06-08','false','','Client','Enrolled','2019-09-03','','161','10','',NULL);
INSERT INTO "ProgramEngagement__c" VALUES(74,'Arlene Baker 2019-09-04: Job Readiness Program','2019-06-19','false','','Client','Active','2019-09-04','','69','2','1',NULL);
INSERT INTO "ProgramEngagement__c" VALUES(75,'Robin Brooks 2019-09-04: Job Readiness Program','2019-09-02','false','','Client','Active','2019-09-04','','70','2','1',NULL);
INSERT INTO "ProgramEngagement__c" VALUES(76,'Robin Brooks 2019-09-03: Drug and Alcohol Recovery Management','2019-08-24','false','','Client','Active','2019-09-03','','70','6','',NULL);
INSERT INTO "ProgramEngagement__c" VALUES(77,'Jason Barnes 2019-09-09: Financial Literacy Program','2019-08-23','false','','Client','Active','2019-09-09','','74','9','',NULL);
INSERT INTO "ProgramEngagement__c" VALUES(78,'Anthony Hill 2019-12-19: Job Readiness Program','','false','','Client','Enrolled','2019-12-19','','78','2','1',NULL);
INSERT INTO "ProgramEngagement__c" VALUES(79,'Alia Duarte 2019-09-09: Mobile Middle School STEM Program','','false','','Client','Active','2019-09-09','13','81','4','2',NULL);
INSERT INTO "ProgramEngagement__c" VALUES(80,'Tom Higgins 2019-06-01: Housing Assistance Program','2019-05-25','false','','Client','Enrolled','2019-06-01','93','161','7','',NULL);
CREATE TABLE "Program__c" (
	id INTEGER NOT NULL, 
	"Name" VARCHAR(255), 
	"Description__c" VARCHAR(255), 
	"EndDate__c" VARCHAR(255), 
	"ProgramIssueArea__c" VARCHAR(255), 
	"StartDate__c" VARCHAR(255), 
	"Status__c" VARCHAR(255), 
	"ShortSummary__c" VARCHAR(255), 
	"TargetPopulation__c" VARCHAR(255), 
	record_type VARCHAR(255), 
	PRIMARY KEY (id)
);
INSERT INTO "Program__c" VALUES(1,'Remedial Reading Program','A structured reading assistance program designed targeted at students who have underperformed on state reading comprehension tests.','2020-05-15','Education','2019-06-03','Active','Provides students the support they need to achieve an age appropriate reading level.','Children under 18  enrolled in school district 31',NULL);
INSERT INTO "Program__c" VALUES(2,'Job Readiness Program','This program is designed to assist adults who have experienced a prolonged absence from the workforce for a variety of reasons such as caring for a family member, protracted joblessness following a layoff or return from a short period of incarceration for a minor crime. It''s also intended to provide support for adults in the workforce who are looking to stabilize their housing or working situation.','2021-04-15','Employment','2019-04-15','Active','Assisting adults who have experienced a prolonged absence from the workforce or are  seeking to progressively stabilize their experience in the workforce.','Adults under the poverty line, seeking to  re-enter the  workforce after an absence or seeking to progressively stabilize their experience in the workforce',NULL);
INSERT INTO "Program__c" VALUES(3,'After School Program, Ages 11-13','This program''s goal is to provide  a safe and monitored after school activity for district 31 middle school children whose parents work or are otherwise unavailable weekdays when school is in session. It runs from 3:00-5:30 PM on weekdays. Children can attend in a drop-in basis if they can produce a valid student ID card. There is a nominal fee to participate in the program. This fee can be paid out of other monetary assistance program offered to qualifying families with children in district 31.','2020-05-31','Education','2019-09-01','Active','An after school program for children enrolled in district 31.','Children aged 11-13 enrolled in school district 31',NULL);
INSERT INTO "Program__c" VALUES(4,'Mobile Middle School STEM Program','The program focuses on bringing hands-on mid-level STEM courses into the classroom at least twice a week, and promotes awareness of the STEM fields and occupations. It provides standards-based structured inquiry-based and real-world problem-based learning, connecting all four of the STEM subjects, science, technology, engineering, and math. The goal is to pique students'' interest in them wanting to pursue the courses, not because they have to.','2020-05-15','Education','2019-09-09','Active','The program brings hands-on mid-level STEM courses into the classroom at least twice a week','Middle School students aged 11-14',NULL);
INSERT INTO "Program__c" VALUES(5,'No More Food Deserts Advocacy','Advocacy program calling attention to and seeking remediation for the area''s lack of affordable grocery store options. This is an awareness-building campaign intended to garner support and funding for affordable alternatives from grantmakers and to be supported by the city and county councils.','','Advocacy','2019-08-01','Active','Calling attention to and seeking remediation for the area''s lack of affordable grocery store options.','Area residents, city and county government and grantmakers funding in the region.',NULL);
INSERT INTO "Program__c" VALUES(6,'Drug and Alcohol Recovery Management','Recovery management and mental health services addressing  alcohol and drug dependency, and opioid addiction.','2019-12-31','','2019-01-01','Active','Recovery program for adults with dependency on alcohol, drugs,  or opioids.','Adult individuals, families and communities affected by addiction to alcohol and other drugs.',NULL);
INSERT INTO "Program__c" VALUES(7,'Housing Assistance Program','The Housing Assistance program provides assistance for families with children under the age of 18. The family shelters provide both short-term ( and also longer term up to 3 months) emergency shelter. Case management services are available to applicants including referrals to other non-profit needed resources, counseling, food, personal hygiene supplies and free bus tickets. The primary goal of the program is to help families find more permanent housing.','','Housing','2019-05-01','Active','Providing assistance for families with children under the age of 18.','Families with children under the age of 18',NULL);
INSERT INTO "Program__c" VALUES(8,'ESL Program','The primary objective of the ESL program is to teach the students how to read, write, speak and listen to English to be more successful in the all-English classroom setting. Spanish is the language spoken most often by our English learners. Other languages include: German, Chinese, Haitian Creole, Arabic, and some Indian Dialects from Mexico and Guatemala.','2020-05-30','','2019-09-09','Active','A language instruction educational program for students whose primary language is not English.','A practical conversational  English class for those whose primary language is not English.',NULL);
INSERT INTO "Program__c" VALUES(9,'Financial Literacy Program','The Financial Literacy program teaches students the basics of money management: budgeting, saving, debt, investing, and giving. That knowledge lays a foundation for students to build strong money habits early on and avoid many of the mistakes that lead to lifelong money struggles.','2019-12-13','Education','2019-09-04','Active','Teaches students the basics of money management.','Children aged 15-18 enrolled in school district 31',NULL);
INSERT INTO "Program__c" VALUES(10,'School Lunch Program','Public Schools Nutrition Services fuels over 14,600 student lunches and 5,800 breakfasts each day and adheres to the highest level of national nutrition standards and provides many locally sourced fruits, vegetables and beans daily.','2020-05-30','Food and Nutrition','2019-09-03','Active','A school lunch program that adheres to the highest level of national nutrition standards and provides many locally sourced fruits, vegetables and beans daily.','Children under 18  enrolled in school district 31',NULL);
CREATE TABLE "ServiceDelivery__c" (
	id INTEGER NOT NULL, 
	"Name" VARCHAR(255), 
	"AutonameOverride__c" VARCHAR(255), 
	"DeliveryDate__c" VARCHAR(255), 
	"Quantity__c" VARCHAR(255), 
	"Service__c" VARCHAR(255), 
	"Account__c" VARCHAR(255), 
	"Contact__c" VARCHAR(255), 
	"ProgramEngagement__c" VARCHAR(255), 
	record_type VARCHAR(255), 
	PRIMARY KEY (id)
);
INSERT INTO "ServiceDelivery__c" VALUES(1,'Arlene Baker 2020-01-06: Financial Advisor Sessions','false','2020-01-06','0.5','3','','69','74',NULL);
INSERT INTO "ServiceDelivery__c" VALUES(2,'Robin Brooks 2019-10-07: Financial Advisor Sessions','false','2019-10-07','0.5','3','','70','75',NULL);
INSERT INTO "ServiceDelivery__c" VALUES(3,'Robin Brooks 2019-11-04: Financial Advisor Sessions','false','2019-11-04','0.5','3','','70','75',NULL);
INSERT INTO "ServiceDelivery__c" VALUES(4,'Robin Brooks 2019-09-09: Financial Advisor Sessions','false','2019-09-09','0.5','3','','70','75',NULL);
INSERT INTO "ServiceDelivery__c" VALUES(5,'Adrianna Norman 2020-01-07: Job Readiness Coaching','false','2020-01-07','1.0','4','','21','15',NULL);
INSERT INTO "ServiceDelivery__c" VALUES(6,'Gary Wood 2019-12-20: Job Readiness Coaching','false','2019-12-20','0.75','4','','23','16',NULL);
INSERT INTO "ServiceDelivery__c" VALUES(7,'Gary Wood 2019-11-21: Job Readiness Coaching','false','2019-11-21','0.75','4','','23','16',NULL);
INSERT INTO "ServiceDelivery__c" VALUES(8,'Gary Wood 2019-10-25: Job Readiness Coaching','false','2019-10-25','0.75','4','','23','16',NULL);
INSERT INTO "ServiceDelivery__c" VALUES(9,'Arlene Baker 2019-11-27: Job Readiness Coaching','false','2019-11-27','0.5','4','','69','74',NULL);
INSERT INTO "ServiceDelivery__c" VALUES(10,'Arlene Baker 2019-11-29: Job Readiness Coaching','false','2019-11-29','0.75','4','','69','74',NULL);
INSERT INTO "ServiceDelivery__c" VALUES(11,'Arlene Baker 2019-09-25: Job Readiness Coaching','false','2019-09-25','0.75','4','','69','74',NULL);
INSERT INTO "ServiceDelivery__c" VALUES(12,'Arlene Baker 2019-10-30: Job Readiness Coaching','false','2019-10-30','0.75','4','','69','74',NULL);
INSERT INTO "ServiceDelivery__c" VALUES(13,'Robin Brooks 2019-12-20: Job Readiness Coaching','false','2019-12-20','0.75','4','','70','75',NULL);
INSERT INTO "ServiceDelivery__c" VALUES(14,'Robin Brooks 2019-10-28: Job Readiness Coaching','false','2019-10-28','0.75','4','','70','75',NULL);
INSERT INTO "ServiceDelivery__c" VALUES(15,'Robin Brooks 2019-09-27: Job Readiness Coaching','false','2019-09-27','0.75','4','','70','75',NULL);
INSERT INTO "ServiceDelivery__c" VALUES(16,'Maya Johnson 2019-12-13: After School Activities','false','2019-12-13','2.0','5','','166','1',NULL);
INSERT INTO "ServiceDelivery__c" VALUES(17,'Maya Johnson 2019-12-20: After School Activities','false','2019-12-20','2.0','5','','166','1',NULL);
INSERT INTO "ServiceDelivery__c" VALUES(18,'Maya Johnson 2019-12-06: After School Activities','false','2019-12-06','2.0','5','','166','1',NULL);
INSERT INTO "ServiceDelivery__c" VALUES(19,'Maya Johnson 2020-01-10: After School Activities','false','2020-01-10','2.0','5','','166','1',NULL);
INSERT INTO "ServiceDelivery__c" VALUES(20,'Emilie Costa 2020-01-10: After School Activities','false','2020-01-10','2.0','5','','11','9',NULL);
INSERT INTO "ServiceDelivery__c" VALUES(21,'Fabian Hughes 2019-09-13: After School Activities','false','2019-09-13','3.0','5','','17','13',NULL);
INSERT INTO "ServiceDelivery__c" VALUES(22,'Fabian Hughes 2019-10-25: After School Activities','false','2019-10-25','3.0','5','','17','13',NULL);
INSERT INTO "ServiceDelivery__c" VALUES(23,'Fabian Hughes 2019-11-22: After School Activities','false','2019-11-22','3.0','5','','17','13',NULL);
INSERT INTO "ServiceDelivery__c" VALUES(24,'Fabian Hughes 2019-10-11: After School Activities','false','2019-10-11','3.0','5','','17','13',NULL);
INSERT INTO "ServiceDelivery__c" VALUES(25,'Fabian Hughes 2020-01-10: After School Activities','false','2020-01-10','3.0','5','','17','13',NULL);
INSERT INTO "ServiceDelivery__c" VALUES(26,'Fabian Hughes 2019-11-15: After School Activities','false','2019-11-15','3.0','5','','17','13',NULL);
INSERT INTO "ServiceDelivery__c" VALUES(27,'Fabian Hughes 2019-09-20: After School Activities','false','2019-09-20','3.0','5','','17','13',NULL);
INSERT INTO "ServiceDelivery__c" VALUES(28,'Fabian Hughes 2019-09-27: After School Activities','false','2019-09-27','3.0','5','','17','13',NULL);
INSERT INTO "ServiceDelivery__c" VALUES(29,'Fabian Hughes 2019-10-04: After School Activities','false','2019-10-04','1.0','5','','17','13',NULL);
INSERT INTO "ServiceDelivery__c" VALUES(30,'Naima Crawford 2019-12-09: Subsidized Lunch','false','2019-12-09','1.0','14','','1','6',NULL);
INSERT INTO "ServiceDelivery__c" VALUES(31,'Naima Crawford 2019-12-03: Subsidized Lunch','false','2019-12-03','1.0','14','','1','6',NULL);
INSERT INTO "ServiceDelivery__c" VALUES(32,'Naima Crawford 2019-12-02: Subsidized Lunch','false','2019-12-02','1.0','14','','1','6',NULL);
INSERT INTO "ServiceDelivery__c" VALUES(33,'Naima Crawford 2019-12-04: Subsidized Lunch','false','2019-12-04','1.0','14','','1','6',NULL);
INSERT INTO "ServiceDelivery__c" VALUES(34,'Naima Crawford 2019-12-06: Subsidized Lunch','false','2019-12-06','1.0','14','','1','6',NULL);
INSERT INTO "ServiceDelivery__c" VALUES(35,'Naima Crawford 2019-12-12: Subsidized Lunch','false','2019-12-12','1.0','14','','1','6',NULL);
INSERT INTO "ServiceDelivery__c" VALUES(36,'Naima Crawford 2019-12-10: Subsidized Lunch','false','2019-12-10','1.0','14','','1','6',NULL);
INSERT INTO "ServiceDelivery__c" VALUES(37,'Fabian Hughes 2019-09-10: Subsidized Lunch','false','2019-09-10','1.0','14','','17','14',NULL);
INSERT INTO "ServiceDelivery__c" VALUES(38,'Fabian Hughes 2019-09-20: Subsidized Lunch','false','2019-09-20','1.0','14','','17','14',NULL);
INSERT INTO "ServiceDelivery__c" VALUES(39,'Fabian Hughes 2019-09-09: Subsidized Lunch','false','2019-09-09','1.0','14','','17','14',NULL);
INSERT INTO "ServiceDelivery__c" VALUES(40,'Fabian Hughes 2019-09-11: Subsidized Lunch','false','2019-09-11','1.0','14','','17','14',NULL);
INSERT INTO "ServiceDelivery__c" VALUES(41,'Fabian Hughes 2019-09-17: Subsidized Lunch','false','2019-09-17','1.0','14','','17','14',NULL);
INSERT INTO "ServiceDelivery__c" VALUES(42,'Fabian Hughes 2019-09-23: Subsidized Lunch','false','2019-09-23','1.0','14','','17','14',NULL);
INSERT INTO "ServiceDelivery__c" VALUES(43,'Fabian Hughes 2019-09-12: Subsidized Lunch','false','2019-09-12','1.0','14','','17','14',NULL);
INSERT INTO "ServiceDelivery__c" VALUES(44,'Fabian Hughes 2019-09-13: Subsidized Lunch','false','2019-09-13','1.0','14','','17','14',NULL);
INSERT INTO "ServiceDelivery__c" VALUES(45,'Fabian Hughes 2019-09-16: Subsidized Lunch','false','2019-09-16','1.0','14','','17','14',NULL);
INSERT INTO "ServiceDelivery__c" VALUES(46,'Fabian Hughes 2019-09-18: Subsidized Lunch','false','2019-09-18','1.0','14','','17','14',NULL);
INSERT INTO "ServiceDelivery__c" VALUES(47,'Fabian Hughes 2019-09-19: Subsidized Lunch','false','2019-09-19','1.0','14','','17','14',NULL);
INSERT INTO "ServiceDelivery__c" VALUES(48,'Sonia Gentry 2019-12-03: Subsidized Lunch','false','2019-12-03','','14','','120','46',NULL);
INSERT INTO "ServiceDelivery__c" VALUES(49,'Sonia Gentry 2019-12-02: Subsidized Lunch','false','2019-12-02','','14','','120','46',NULL);
INSERT INTO "ServiceDelivery__c" VALUES(50,'Sonia Gentry 2019-12-02: Subsidized Lunch','false','2019-12-02','','14','','120','46',NULL);
INSERT INTO "ServiceDelivery__c" VALUES(51,'Abraham Sims 2020-01-07: Subsidized Lunch','false','2020-01-07','','14','','138','59',NULL);
INSERT INTO "ServiceDelivery__c" VALUES(52,'Abraham Sims 2020-01-10: Subsidized Lunch','false','2020-01-10','','14','','138','59',NULL);
INSERT INTO "ServiceDelivery__c" VALUES(53,'Abraham Sims 2020-01-06: Subsidized Lunch','false','2020-01-06','','14','','138','59',NULL);
INSERT INTO "ServiceDelivery__c" VALUES(54,'Abraham Sims 2020-01-09: Subsidized Lunch','false','2020-01-09','','14','','138','59',NULL);
INSERT INTO "ServiceDelivery__c" VALUES(55,'Abraham Sims 2020-01-13: Subsidized Lunch','false','2020-01-13','','14','','138','59',NULL);
INSERT INTO "ServiceDelivery__c" VALUES(56,'Abraham Sims 2020-01-08: Subsidized Lunch','false','2020-01-08','','14','','138','59',NULL);
INSERT INTO "ServiceDelivery__c" VALUES(57,'Tom Higgins 2019-10-01: Subsidized Lunch','false','2019-10-01','1.0','14','','161','73',NULL);
INSERT INTO "ServiceDelivery__c" VALUES(58,'Tom Higgins 2019-11-05: Subsidized Lunch','false','2019-11-05','1.0','14','','161','73',NULL);
INSERT INTO "ServiceDelivery__c" VALUES(59,'Tom Higgins 2019-11-06: Subsidized Lunch','false','2019-11-06','1.0','14','','161','73',NULL);
INSERT INTO "ServiceDelivery__c" VALUES(60,'Tom Higgins 2019-11-04: Subsidized Lunch','false','2019-11-04','1.0','14','','161','73',NULL);
INSERT INTO "ServiceDelivery__c" VALUES(61,'Tom Higgins 2019-11-12: Subsidized Lunch','false','2019-11-12','1.0','14','','161','73',NULL);
INSERT INTO "ServiceDelivery__c" VALUES(62,'Tom Higgins 2019-11-07: Subsidized Lunch','false','2019-11-07','1.0','14','','161','73',NULL);
INSERT INTO "ServiceDelivery__c" VALUES(63,'Tom Higgins 2019-10-14: Subsidized Lunch','false','2019-10-14','1.0','14','','161','73',NULL);
INSERT INTO "ServiceDelivery__c" VALUES(64,'Tom Higgins 2019-11-06: Subsidized Lunch','false','2019-11-06','1.0','14','','161','73',NULL);
INSERT INTO "ServiceDelivery__c" VALUES(65,'Tom Higgins 2019-11-11: Subsidized Lunch','false','2019-11-11','1.0','14','','161','73',NULL);
INSERT INTO "ServiceDelivery__c" VALUES(66,'Tom Higgins 2019-10-09: Subsidized Lunch','false','2019-10-09','1.0','14','','161','73',NULL);
INSERT INTO "ServiceDelivery__c" VALUES(67,'Tom Higgins 2019-11-01: Subsidized Lunch','false','2019-11-01','1.0','14','','161','73',NULL);
INSERT INTO "ServiceDelivery__c" VALUES(68,'Tom Higgins 2019-10-03: Subsidized Lunch','false','2019-10-03','1.0','14','','161','73',NULL);
INSERT INTO "ServiceDelivery__c" VALUES(69,'Tom Higgins 2019-11-14: Subsidized Lunch','false','2019-11-14','1.0','14','','161','73',NULL);
INSERT INTO "ServiceDelivery__c" VALUES(70,'Tom Higgins 2019-10-04: Subsidized Lunch','false','2019-10-04','1.0','14','','161','73',NULL);
INSERT INTO "ServiceDelivery__c" VALUES(71,'Tom Higgins 2019-10-07: Subsidized Lunch','false','2019-10-07','1.0','14','','161','73',NULL);
INSERT INTO "ServiceDelivery__c" VALUES(72,'Tom Higgins 2019-11-13: Subsidized Lunch','false','2019-11-13','1.0','14','','161','73',NULL);
INSERT INTO "ServiceDelivery__c" VALUES(73,'Tom Higgins 2019-11-08: Subsidized Lunch','false','2019-11-08','1.0','14','','161','73',NULL);
INSERT INTO "ServiceDelivery__c" VALUES(74,'Tom Higgins 2019-10-08: Subsidized Lunch','false','2019-10-08','1.0','14','','161','73',NULL);
INSERT INTO "ServiceDelivery__c" VALUES(75,'Tom Higgins 2019-10-10: Subsidized Lunch','false','2019-10-10','1.0','14','','161','73',NULL);
INSERT INTO "ServiceDelivery__c" VALUES(76,'Tom Higgins 2019-10-11: Subsidized Lunch','false','2019-10-11','1.0','14','','161','73',NULL);
INSERT INTO "ServiceDelivery__c" VALUES(77,'Tom Higgins 2019-10-02: Subsidized Lunch','false','2019-10-02','1.0','14','','161','73',NULL);
INSERT INTO "ServiceDelivery__c" VALUES(78,'Fabian Hughes 2019-11-01: After School Activities','false','2019-11-01','3.0','5','','17','13',NULL);
INSERT INTO "ServiceDelivery__c" VALUES(79,'Fabian Hughes 2019-10-18: After School Activities','false','2019-10-18','3.0','5','','17','13',NULL);
INSERT INTO "ServiceDelivery__c" VALUES(80,'Fabian Hughes 2019-12-20: After School Activities','false','2019-12-20','1.0','5','','17','13',NULL);
INSERT INTO "ServiceDelivery__c" VALUES(81,'Fabian Hughes 2019-11-08: After School Activities','false','2019-11-08','3.0','5','','17','13',NULL);
INSERT INTO "ServiceDelivery__c" VALUES(82,'Fabian Hughes 2019-12-06: After School Activities','false','2019-12-06','3.0','5','','17','13',NULL);
INSERT INTO "ServiceDelivery__c" VALUES(83,'Fabian Hughes 2019-12-13: After School Activities','false','2019-12-13','2.0','5','','17','13',NULL);
INSERT INTO "ServiceDelivery__c" VALUES(84,'Javon Rodgers 2019-10-29: After School Activities','false','2019-10-29','1.0','5','','61','26',NULL);
INSERT INTO "ServiceDelivery__c" VALUES(85,'Javon Rodgers 2019-10-15: After School Activities','false','2019-10-15','1.0','5','','61','26',NULL);
INSERT INTO "ServiceDelivery__c" VALUES(86,'Javon Rodgers 2019-10-22: After School Activities','false','2019-10-22','1.0','5','','61','26',NULL);
INSERT INTO "ServiceDelivery__c" VALUES(87,'Javon Rodgers 2019-10-01: After School Activities','false','2019-10-01','1.0','5','','61','26',NULL);
INSERT INTO "ServiceDelivery__c" VALUES(88,'Javon Rodgers 2019-11-05: After School Activities','false','2019-11-05','1.0','5','','61','26',NULL);
INSERT INTO "ServiceDelivery__c" VALUES(89,'Javon Rodgers 2019-12-10: After School Activities','false','2019-12-10','1.0','5','','61','26',NULL);
INSERT INTO "ServiceDelivery__c" VALUES(90,'Javon Rodgers 2020-01-07: After School Activities','false','2020-01-07','1.0','5','','61','26',NULL);
INSERT INTO "ServiceDelivery__c" VALUES(91,'Javon Rodgers 2019-10-08: After School Activities','false','2019-10-08','1.0','5','','61','26',NULL);
INSERT INTO "ServiceDelivery__c" VALUES(92,'Javon Rodgers 2019-11-26: After School Activities','false','2019-11-26','1.0','5','','61','26',NULL);
INSERT INTO "ServiceDelivery__c" VALUES(93,'Javon Rodgers 2019-12-17: After School Activities','false','2019-12-17','1.0','5','','61','26',NULL);
INSERT INTO "ServiceDelivery__c" VALUES(94,'Javon Rodgers 2019-12-03: After School Activities','false','2019-12-03','1.0','5','','61','26',NULL);
INSERT INTO "ServiceDelivery__c" VALUES(95,'Javon Rodgers 2019-11-12: After School Activities','false','2019-11-12','1.0','5','','61','26',NULL);
INSERT INTO "ServiceDelivery__c" VALUES(96,'Javon Rodgers 2019-11-19: After School Activities','false','2019-11-19','1.0','5','','61','26',NULL);
INSERT INTO "ServiceDelivery__c" VALUES(97,'Jace Hampton 2020-01-07: After School Activities','false','2020-01-07','1.0','5','','118','44',NULL);
INSERT INTO "ServiceDelivery__c" VALUES(98,'Sonia Gentry 2019-10-24: After School Activities','false','2019-10-24','1.0','5','','120','45',NULL);
INSERT INTO "ServiceDelivery__c" VALUES(99,'Sonia Gentry 2019-11-06: After School Activities','false','2019-11-06','1.0','5','','120','45',NULL);
INSERT INTO "ServiceDelivery__c" VALUES(100,'Sonia Gentry 2019-12-05: After School Activities','false','2019-12-05','1.0','5','','120','45',NULL);
INSERT INTO "ServiceDelivery__c" VALUES(101,'Sonia Gentry 2019-11-13: After School Activities','false','2019-11-13','1.0','5','','120','45',NULL);
INSERT INTO "ServiceDelivery__c" VALUES(102,'Sonia Gentry 2019-12-04: After School Activities','false','2019-12-04','1.0','5','','120','45',NULL);
INSERT INTO "ServiceDelivery__c" VALUES(103,'Sonia Gentry 2019-12-12: After School Activities','false','2019-12-12','1.0','5','','120','45',NULL);
INSERT INTO "ServiceDelivery__c" VALUES(104,'Sonia Gentry 2019-12-18: After School Activities','false','2019-12-18','1.0','5','','120','45',NULL);
INSERT INTO "ServiceDelivery__c" VALUES(105,'Sonia Gentry 2019-10-16: After School Activities','false','2019-10-16','1.0','5','','120','45',NULL);
INSERT INTO "ServiceDelivery__c" VALUES(106,'Sonia Gentry 2019-11-21: After School Activities','false','2019-11-21','1.0','5','','120','45',NULL);
INSERT INTO "ServiceDelivery__c" VALUES(107,'Sonia Gentry 2019-10-17: After School Activities','false','2019-10-17','1.0','5','','120','45',NULL);
INSERT INTO "ServiceDelivery__c" VALUES(108,'Sonia Gentry 2019-10-30: After School Activities','false','2019-10-30','1.0','5','','120','45',NULL);
INSERT INTO "ServiceDelivery__c" VALUES(109,'Sonia Gentry 2019-12-11: After School Activities','false','2019-12-11','1.0','5','','120','45',NULL);
INSERT INTO "ServiceDelivery__c" VALUES(110,'Sonia Gentry 2019-12-19: After School Activities','false','2019-12-19','1.0','5','','120','45',NULL);
INSERT INTO "ServiceDelivery__c" VALUES(111,'Sonia Gentry 2019-10-09: After School Activities','false','2019-10-09','1.0','5','','120','45',NULL);
INSERT INTO "ServiceDelivery__c" VALUES(112,'Sonia Gentry 2019-10-23: After School Activities','false','2019-10-23','1.0','5','','120','45',NULL);
INSERT INTO "ServiceDelivery__c" VALUES(113,'Sonia Gentry 2019-11-20: After School Activities','false','2019-11-20','1.0','5','','120','45',NULL);
INSERT INTO "ServiceDelivery__c" VALUES(114,'Sonia Gentry 2019-10-10: After School Activities','false','2019-10-10','1.0','5','','120','45',NULL);
INSERT INTO "ServiceDelivery__c" VALUES(115,'Sonia Gentry 2019-10-31: After School Activities','false','2019-10-31','1.0','5','','120','45',NULL);
INSERT INTO "ServiceDelivery__c" VALUES(116,'Sonia Gentry 2019-11-14: After School Activities','false','2019-11-14','1.0','5','','120','45',NULL);
INSERT INTO "ServiceDelivery__c" VALUES(117,'Kellen Cooley 2019-12-17: After School Activities','false','2019-12-17','1.0','5','','123','48',NULL);
INSERT INTO "ServiceDelivery__c" VALUES(118,'Kellen Cooley 2020-01-07: After School Activities','false','2020-01-07','1.0','5','','123','48',NULL);
INSERT INTO "ServiceDelivery__c" VALUES(119,'Kellen Cooley 2019-12-10: After School Activities','false','2019-12-10','1.0','5','','123','48',NULL);
INSERT INTO "ServiceDelivery__c" VALUES(120,'Kellen Cooley 2019-12-03: After School Activities','false','2019-12-03','1.0','5','','123','48',NULL);
INSERT INTO "ServiceDelivery__c" VALUES(121,'Marco Escobar 2019-10-04: After School Activities','false','2019-10-04','1.0','5','','134','57',NULL);
INSERT INTO "ServiceDelivery__c" VALUES(122,'Marco Escobar 2019-09-20: After School Activities','false','2019-09-20','1.0','5','','134','57',NULL);
INSERT INTO "ServiceDelivery__c" VALUES(123,'Marco Escobar 2019-10-25: After School Activities','false','2019-10-25','1.0','5','','134','57',NULL);
INSERT INTO "ServiceDelivery__c" VALUES(124,'Marco Escobar 2019-12-13: After School Activities','false','2019-12-13','1.0','5','','134','57',NULL);
INSERT INTO "ServiceDelivery__c" VALUES(125,'Marco Escobar 2019-12-20: After School Activities','false','2019-12-20','1.0','5','','134','57',NULL);
INSERT INTO "ServiceDelivery__c" VALUES(126,'Marco Escobar 2019-09-13: After School Activities','false','2019-09-13','1.0','5','','134','57',NULL);
INSERT INTO "ServiceDelivery__c" VALUES(127,'Marco Escobar 2019-11-01: After School Activities','false','2019-11-01','1.0','5','','134','57',NULL);
INSERT INTO "ServiceDelivery__c" VALUES(128,'Marco Escobar 2019-11-22: After School Activities','false','2019-11-22','1.0','5','','134','57',NULL);
INSERT INTO "ServiceDelivery__c" VALUES(129,'Marco Escobar 2019-09-27: After School Activities','false','2019-09-27','1.0','5','','134','57',NULL);
INSERT INTO "ServiceDelivery__c" VALUES(130,'Marco Escobar 2019-10-18: After School Activities','false','2019-10-18','1.0','5','','134','57',NULL);
INSERT INTO "ServiceDelivery__c" VALUES(131,'Marco Escobar 2019-10-11: After School Activities','false','2019-10-11','1.0','5','','134','57',NULL);
INSERT INTO "ServiceDelivery__c" VALUES(132,'Marco Escobar 2020-01-10: After School Activities','false','2020-01-10','1.0','5','','134','57',NULL);
INSERT INTO "ServiceDelivery__c" VALUES(133,'Marco Escobar 2019-11-15: After School Activities','false','2019-11-15','1.0','5','','134','57',NULL);
INSERT INTO "ServiceDelivery__c" VALUES(134,'Marco Escobar 2019-11-29: After School Activities','false','2019-11-29','1.0','5','','134','57',NULL);
INSERT INTO "ServiceDelivery__c" VALUES(135,'Marco Escobar 2019-11-08: After School Activities','false','2019-11-08','1.0','5','','134','57',NULL);
INSERT INTO "ServiceDelivery__c" VALUES(136,'Marco Escobar 2019-12-06: After School Activities','false','2019-12-06','1.0','5','','134','57',NULL);
INSERT INTO "ServiceDelivery__c" VALUES(137,'Tom Higgins 2019-09-13: After School Activities','false','2019-09-13','4.0','5','','161','72',NULL);
INSERT INTO "ServiceDelivery__c" VALUES(138,'Tom Higgins 2019-10-18: After School Activities','false','2019-10-18','2.0','5','','161','72',NULL);
INSERT INTO "ServiceDelivery__c" VALUES(139,'Tom Higgins 2019-11-08: After School Activities','false','2019-11-08','4.0','5','','161','72',NULL);
INSERT INTO "ServiceDelivery__c" VALUES(140,'Tom Higgins 2019-11-01: After School Activities','false','2019-11-01','4.0','5','','161','72',NULL);
INSERT INTO "ServiceDelivery__c" VALUES(141,'Tom Higgins 2019-09-27: After School Activities','false','2019-09-27','4.0','5','','161','72',NULL);
INSERT INTO "ServiceDelivery__c" VALUES(142,'Tom Higgins 2019-10-25: After School Activities','false','2019-10-25','4.0','5','','161','72',NULL);
INSERT INTO "ServiceDelivery__c" VALUES(143,'Tom Higgins 2019-11-29: After School Activities','false','2019-11-29','4.0','5','','161','72',NULL);
INSERT INTO "ServiceDelivery__c" VALUES(144,'Tom Higgins 2020-01-10: After School Activities','false','2020-01-10','4.0','5','','161','72',NULL);
INSERT INTO "ServiceDelivery__c" VALUES(145,'Tom Higgins 2019-12-13: After School Activities','false','2019-12-13','4.0','5','','161','72',NULL);
INSERT INTO "ServiceDelivery__c" VALUES(146,'Tom Higgins 2019-12-20: After School Activities','false','2019-12-20','4.0','5','','161','72',NULL);
INSERT INTO "ServiceDelivery__c" VALUES(147,'Tom Higgins 2019-09-20: After School Activities','false','2019-09-20','4.0','5','','161','72',NULL);
INSERT INTO "ServiceDelivery__c" VALUES(148,'Tom Higgins 2019-10-04: After School Activities','false','2019-10-04','4.0','5','','161','72',NULL);
INSERT INTO "ServiceDelivery__c" VALUES(149,'Tom Higgins 2019-10-11: After School Activities','false','2019-10-11','4.0','5','','161','72',NULL);
INSERT INTO "ServiceDelivery__c" VALUES(150,'Tom Higgins 2019-11-22: After School Activities','false','2019-11-22','4.0','5','','161','72',NULL);
INSERT INTO "ServiceDelivery__c" VALUES(151,'Tom Higgins 2019-11-15: After School Activities','false','2019-11-15','4.0','5','','161','72',NULL);
INSERT INTO "ServiceDelivery__c" VALUES(152,'Tom Higgins 2019-12-06: After School Activities','false','2019-12-06','4.0','5','','161','72',NULL);
INSERT INTO "ServiceDelivery__c" VALUES(153,'Alana Owen 2019-09-11: Middle School STEM Classroom Hours','false','2019-09-11','2.0','6','','172','3',NULL);
INSERT INTO "ServiceDelivery__c" VALUES(154,'Alana Owen 2019-09-25: Middle School STEM Classroom Hours','false','2019-09-25','2.0','6','','172','3',NULL);
INSERT INTO "ServiceDelivery__c" VALUES(155,'Alana Owen 2019-10-30: Middle School STEM Classroom Hours','false','2019-10-30','2.0','6','','172','3',NULL);
INSERT INTO "ServiceDelivery__c" VALUES(156,'Alana Owen 2019-12-18: Middle School STEM Classroom Hours','false','2019-12-18','2.0','6','','172','3',NULL);
INSERT INTO "ServiceDelivery__c" VALUES(157,'Alana Owen 2019-11-06: Middle School STEM Classroom Hours','false','2019-11-06','2.0','6','','172','3',NULL);
INSERT INTO "ServiceDelivery__c" VALUES(158,'Alana Owen 2019-10-16: Middle School STEM Classroom Hours','false','2019-10-16','2.0','6','','172','3',NULL);
INSERT INTO "ServiceDelivery__c" VALUES(159,'Alana Owen 2019-10-02: Middle School STEM Classroom Hours','false','2019-10-02','2.0','6','','172','3',NULL);
INSERT INTO "ServiceDelivery__c" VALUES(160,'Alana Owen 2019-12-04: Middle School STEM Classroom Hours','false','2019-12-04','2.0','6','','172','3',NULL);
INSERT INTO "ServiceDelivery__c" VALUES(161,'Alana Owen 2019-12-11: Middle School STEM Classroom Hours','false','2019-12-11','2.0','6','','172','3',NULL);
INSERT INTO "ServiceDelivery__c" VALUES(162,'Alana Owen 2019-10-23: Middle School STEM Classroom Hours','false','2019-10-23','2.0','6','','172','3',NULL);
INSERT INTO "ServiceDelivery__c" VALUES(163,'Alana Owen 2019-11-13: Middle School STEM Classroom Hours','false','2019-11-13','2.0','6','','172','3',NULL);
INSERT INTO "ServiceDelivery__c" VALUES(164,'Alana Owen 2019-11-20: Middle School STEM Classroom Hours','false','2019-11-20','2.0','6','','172','3',NULL);
INSERT INTO "ServiceDelivery__c" VALUES(165,'Alana Owen 2019-09-18: Middle School STEM Classroom Hours','false','2019-09-18','2.0','6','','172','3',NULL);
INSERT INTO "ServiceDelivery__c" VALUES(166,'Naima Crawford 2019-09-11: Middle School STEM Classroom Hours','false','2019-09-11','2.0','6','','1','5',NULL);
INSERT INTO "ServiceDelivery__c" VALUES(167,'Naima Crawford 2019-10-16: Middle School STEM Classroom Hours','false','2019-10-16','2.0','6','','1','5',NULL);
INSERT INTO "ServiceDelivery__c" VALUES(168,'Naima Crawford 2019-11-20: Middle School STEM Classroom Hours','false','2019-11-20','2.0','6','','1','5',NULL);
INSERT INTO "ServiceDelivery__c" VALUES(169,'Naima Crawford 2019-12-04: Middle School STEM Classroom Hours','false','2019-12-04','2.0','6','','1','5',NULL);
INSERT INTO "ServiceDelivery__c" VALUES(170,'Naima Crawford 2019-10-09: Middle School STEM Classroom Hours','false','2019-10-09','2.0','6','','1','5',NULL);
INSERT INTO "ServiceDelivery__c" VALUES(171,'Naima Crawford 2019-12-18: Middle School STEM Classroom Hours','false','2019-12-18','2.0','6','','1','5',NULL);
INSERT INTO "ServiceDelivery__c" VALUES(172,'Naima Crawford 2020-01-08: Middle School STEM Classroom Hours','false','2020-01-08','2.0','6','','1','5',NULL);
INSERT INTO "ServiceDelivery__c" VALUES(173,'Naima Crawford 2019-11-13: Middle School STEM Classroom Hours','false','2019-11-13','2.0','6','','1','5',NULL);
INSERT INTO "ServiceDelivery__c" VALUES(174,'Naima Crawford 2019-10-23: Middle School STEM Classroom Hours','false','2019-10-23','2.0','6','','1','5',NULL);
INSERT INTO "ServiceDelivery__c" VALUES(175,'Naima Crawford 2019-09-18: Middle School STEM Classroom Hours','false','2019-09-18','2.0','6','','1','5',NULL);
INSERT INTO "ServiceDelivery__c" VALUES(176,'Naima Crawford 2019-09-25: Middle School STEM Classroom Hours','false','2019-09-25','2.0','6','','1','5',NULL);
INSERT INTO "ServiceDelivery__c" VALUES(177,'Naima Crawford 2019-12-11: Middle School STEM Classroom Hours','false','2019-12-11','2.0','6','','1','5',NULL);
INSERT INTO "ServiceDelivery__c" VALUES(178,'Naima Crawford 2019-11-06: Middle School STEM Classroom Hours','false','2019-11-06','2.0','6','','1','5',NULL);
INSERT INTO "ServiceDelivery__c" VALUES(179,'Naima Crawford 2019-10-30: Middle School STEM Classroom Hours','false','2019-10-30','2.0','6','','1','5',NULL);
INSERT INTO "ServiceDelivery__c" VALUES(180,'Naima Crawford 2019-10-02: Middle School STEM Classroom Hours','false','2019-10-02','2.0','6','','1','5',NULL);
INSERT INTO "ServiceDelivery__c" VALUES(181,'Taniyah Rios 2019-10-30: Middle School STEM Classroom Hours','false','2019-10-30','2.0','6','','51','23',NULL);
INSERT INTO "ServiceDelivery__c" VALUES(182,'Taniyah Rios 2019-09-18: Middle School STEM Classroom Hours','false','2019-09-18','2.0','6','','51','23',NULL);
INSERT INTO "ServiceDelivery__c" VALUES(183,'Taniyah Rios 2019-10-02: Middle School STEM Classroom Hours','false','2019-10-02','2.0','6','','51','23',NULL);
INSERT INTO "ServiceDelivery__c" VALUES(184,'Taniyah Rios 2019-11-13: Middle School STEM Classroom Hours','false','2019-11-13','2.0','6','','51','23',NULL);
INSERT INTO "ServiceDelivery__c" VALUES(185,'Taniyah Rios 2019-11-20: Middle School STEM Classroom Hours','false','2019-11-20','2.0','6','','51','23',NULL);
INSERT INTO "ServiceDelivery__c" VALUES(186,'Taniyah Rios 2020-01-08: Middle School STEM Classroom Hours','false','2020-01-08','2.0','6','','51','23',NULL);
INSERT INTO "ServiceDelivery__c" VALUES(187,'Taniyah Rios 2019-09-25: Middle School STEM Classroom Hours','false','2019-09-25','2.0','6','','51','23',NULL);
INSERT INTO "ServiceDelivery__c" VALUES(188,'Taniyah Rios 2019-11-06: Middle School STEM Classroom Hours','false','2019-11-06','2.0','6','','51','23',NULL);
INSERT INTO "ServiceDelivery__c" VALUES(189,'Taniyah Rios 2019-10-09: Middle School STEM Classroom Hours','false','2019-10-09','2.0','6','','51','23',NULL);
INSERT INTO "ServiceDelivery__c" VALUES(190,'Taniyah Rios 2019-12-18: Middle School STEM Classroom Hours','false','2019-12-18','2.0','6','','51','23',NULL);
INSERT INTO "ServiceDelivery__c" VALUES(191,'Taniyah Rios 2019-09-11: Middle School STEM Classroom Hours','false','2019-09-11','2.0','6','','51','23',NULL);
INSERT INTO "ServiceDelivery__c" VALUES(192,'Taniyah Rios 2019-12-11: Middle School STEM Classroom Hours','false','2019-12-11','2.0','6','','51','23',NULL);
INSERT INTO "ServiceDelivery__c" VALUES(193,'Taniyah Rios 2019-12-04: Middle School STEM Classroom Hours','false','2019-12-04','2.0','6','','51','23',NULL);
INSERT INTO "ServiceDelivery__c" VALUES(194,'Taniyah Rios 2019-10-16: Middle School STEM Classroom Hours','false','2019-10-16','2.0','6','','51','23',NULL);
INSERT INTO "ServiceDelivery__c" VALUES(195,'Taniyah Rios 2019-10-23: Middle School STEM Classroom Hours','false','2019-10-23','2.0','6','','51','23',NULL);
INSERT INTO "ServiceDelivery__c" VALUES(196,'Ayanna Gonzalez 2019-10-16: Middle School STEM Classroom Hours','false','2019-10-16','2.0','6','','64','29',NULL);
INSERT INTO "ServiceDelivery__c" VALUES(197,'Ayanna Gonzalez 2019-10-23: Middle School STEM Classroom Hours','false','2019-10-23','2.0','6','','64','29',NULL);
INSERT INTO "ServiceDelivery__c" VALUES(198,'Ayanna Gonzalez 2019-10-02: Middle School STEM Classroom Hours','false','2019-10-02','2.0','6','','64','29',NULL);
INSERT INTO "ServiceDelivery__c" VALUES(199,'Ayanna Gonzalez 2019-10-09: Middle School STEM Classroom Hours','false','2019-10-09','2.0','6','','64','29',NULL);
INSERT INTO "ServiceDelivery__c" VALUES(200,'Ayanna Gonzalez 2019-11-20: Middle School STEM Classroom Hours','false','2019-11-20','2.0','6','','64','29',NULL);
INSERT INTO "ServiceDelivery__c" VALUES(201,'Ayanna Gonzalez 2019-12-11: Middle School STEM Classroom Hours','false','2019-12-11','2.0','6','','64','29',NULL);
INSERT INTO "ServiceDelivery__c" VALUES(202,'Ayanna Gonzalez 2019-12-18: Middle School STEM Classroom Hours','false','2019-12-18','2.0','6','','64','29',NULL);
INSERT INTO "ServiceDelivery__c" VALUES(203,'Ayanna Gonzalez 2019-09-18: Middle School STEM Classroom Hours','false','2019-09-18','2.0','6','','64','29',NULL);
INSERT INTO "ServiceDelivery__c" VALUES(204,'Ayanna Gonzalez 2019-12-04: Middle School STEM Classroom Hours','false','2019-12-04','2.0','6','','64','29',NULL);
INSERT INTO "ServiceDelivery__c" VALUES(205,'Ayanna Gonzalez 2019-09-11: Middle School STEM Classroom Hours','false','2019-09-11','2.0','6','','64','29',NULL);
INSERT INTO "ServiceDelivery__c" VALUES(206,'Ayanna Gonzalez 2019-11-13: Middle School STEM Classroom Hours','false','2019-11-13','2.0','6','','64','29',NULL);
INSERT INTO "ServiceDelivery__c" VALUES(207,'Ayanna Gonzalez 2019-09-25: Middle School STEM Classroom Hours','false','2019-09-25','2.0','6','','64','29',NULL);
INSERT INTO "ServiceDelivery__c" VALUES(208,'Ayanna Gonzalez 2019-11-06: Middle School STEM Classroom Hours','false','2019-11-06','2.0','6','','64','29',NULL);
INSERT INTO "ServiceDelivery__c" VALUES(209,'Ayanna Gonzalez 2019-10-30: Middle School STEM Classroom Hours','false','2019-10-30','2.0','6','','64','29',NULL);
INSERT INTO "ServiceDelivery__c" VALUES(210,'Ayanna Gonzalez 2020-01-08: Middle School STEM Classroom Hours','false','2020-01-08','2.0','6','','64','29',NULL);
INSERT INTO "ServiceDelivery__c" VALUES(211,'Alia Duarte 2019-12-04: Middle School STEM Classroom Hours','false','2019-12-04','2.0','6','','81','79',NULL);
INSERT INTO "ServiceDelivery__c" VALUES(212,'Alia Duarte 2019-12-11: Middle School STEM Classroom Hours','false','2019-12-11','2.0','6','','81','79',NULL);
INSERT INTO "ServiceDelivery__c" VALUES(213,'Alia Duarte 2019-10-30: Middle School STEM Classroom Hours','false','2019-10-30','2.0','6','','81','79',NULL);
INSERT INTO "ServiceDelivery__c" VALUES(214,'Alia Duarte 2019-09-18: Middle School STEM Classroom Hours','false','2019-09-18','2.0','6','','81','79',NULL);
INSERT INTO "ServiceDelivery__c" VALUES(215,'Alia Duarte 2019-09-11: Middle School STEM Classroom Hours','false','2019-09-11','2.0','6','','81','79',NULL);
INSERT INTO "ServiceDelivery__c" VALUES(216,'Alia Duarte 2019-10-02: Middle School STEM Classroom Hours','false','2019-10-02','2.0','6','','81','79',NULL);
INSERT INTO "ServiceDelivery__c" VALUES(217,'Alia Duarte 2019-10-09: Middle School STEM Classroom Hours','false','2019-10-09','2.0','6','','81','79',NULL);
INSERT INTO "ServiceDelivery__c" VALUES(218,'Alia Duarte 2019-10-23: Middle School STEM Classroom Hours','false','2019-10-23','2.0','6','','81','79',NULL);
INSERT INTO "ServiceDelivery__c" VALUES(219,'Alia Duarte 2019-11-06: Middle School STEM Classroom Hours','false','2019-11-06','2.0','6','','81','79',NULL);
INSERT INTO "ServiceDelivery__c" VALUES(220,'Alia Duarte 2019-11-20: Middle School STEM Classroom Hours','false','2019-11-20','2.0','6','','81','79',NULL);
INSERT INTO "ServiceDelivery__c" VALUES(221,'Alia Duarte 2019-12-18: Middle School STEM Classroom Hours','false','2019-12-18','2.0','6','','81','79',NULL);
INSERT INTO "ServiceDelivery__c" VALUES(222,'Alia Duarte 2019-09-25: Middle School STEM Classroom Hours','false','2019-09-25','2.0','6','','81','79',NULL);
INSERT INTO "ServiceDelivery__c" VALUES(223,'Alia Duarte 2019-11-13: Middle School STEM Classroom Hours','false','2019-11-13','2.0','6','','81','79',NULL);
INSERT INTO "ServiceDelivery__c" VALUES(224,'Alia Duarte 2019-10-16: Middle School STEM Classroom Hours','false','2019-10-16','2.0','6','','81','79',NULL);
INSERT INTO "ServiceDelivery__c" VALUES(225,'Alia Duarte 2020-01-08: Middle School STEM Classroom Hours','false','2020-01-08','2.0','6','','81','79',NULL);
INSERT INTO "ServiceDelivery__c" VALUES(226,'Jessica Woods 2019-12-11: Middle School STEM Classroom Hours','false','2019-12-11','2.0','6','','89','32',NULL);
INSERT INTO "ServiceDelivery__c" VALUES(227,'Jessica Woods 2019-12-04: Middle School STEM Classroom Hours','false','2019-12-04','2.0','6','','89','32',NULL);
INSERT INTO "ServiceDelivery__c" VALUES(228,'Jessica Woods 2019-11-13: Middle School STEM Classroom Hours','false','2019-11-13','2.0','6','','89','32',NULL);
INSERT INTO "ServiceDelivery__c" VALUES(229,'Jessica Woods 2019-09-25: Middle School STEM Classroom Hours','false','2019-09-25','2.0','6','','89','32',NULL);
INSERT INTO "ServiceDelivery__c" VALUES(230,'Jessica Woods 2019-09-18: Middle School STEM Classroom Hours','false','2019-09-18','2.0','6','','89','32',NULL);
INSERT INTO "ServiceDelivery__c" VALUES(231,'Jessica Woods 2019-10-16: Middle School STEM Classroom Hours','false','2019-10-16','2.0','6','','89','32',NULL);
INSERT INTO "ServiceDelivery__c" VALUES(232,'Jessica Woods 2019-11-06: Middle School STEM Classroom Hours','false','2019-11-06','2.0','6','','89','32',NULL);
INSERT INTO "ServiceDelivery__c" VALUES(233,'Jessica Woods 2019-11-20: Middle School STEM Classroom Hours','false','2019-11-20','2.0','6','','89','32',NULL);
INSERT INTO "ServiceDelivery__c" VALUES(234,'Jessica Woods 2019-09-11: Middle School STEM Classroom Hours','false','2019-09-11','2.0','6','','89','32',NULL);
INSERT INTO "ServiceDelivery__c" VALUES(235,'Jessica Woods 2019-10-02: Middle School STEM Classroom Hours','false','2019-10-02','2.0','6','','89','32',NULL);
INSERT INTO "ServiceDelivery__c" VALUES(236,'Jessica Woods 2019-10-23: Middle School STEM Classroom Hours','false','2019-10-23','2.0','6','','89','32',NULL);
INSERT INTO "ServiceDelivery__c" VALUES(237,'Jessica Woods 2019-10-30: Middle School STEM Classroom Hours','false','2019-10-30','2.0','6','','89','32',NULL);
INSERT INTO "ServiceDelivery__c" VALUES(238,'Jessica Woods 2019-10-09: Middle School STEM Classroom Hours','false','2019-10-09','2.0','6','','89','32',NULL);
INSERT INTO "ServiceDelivery__c" VALUES(239,'Jessica Woods 2019-12-18: Middle School STEM Classroom Hours','false','2019-12-18','2.0','6','','89','32',NULL);
INSERT INTO "ServiceDelivery__c" VALUES(240,'Jessica Woods 2020-01-08: Middle School STEM Classroom Hours','false','2020-01-08','2.0','6','','89','32',NULL);
INSERT INTO "ServiceDelivery__c" VALUES(241,'Casey Kline 2019-09-25: Middle School STEM Classroom Hours','false','2019-09-25','2.0','6','','92','34',NULL);
INSERT INTO "ServiceDelivery__c" VALUES(242,'Casey Kline 2019-11-20: Middle School STEM Classroom Hours','false','2019-11-20','2.0','6','','92','34',NULL);
INSERT INTO "ServiceDelivery__c" VALUES(243,'Casey Kline 2019-11-06: Middle School STEM Classroom Hours','false','2019-11-06','2.0','6','','92','34',NULL);
INSERT INTO "ServiceDelivery__c" VALUES(244,'Casey Kline 2019-10-16: Middle School STEM Classroom Hours','false','2019-10-16','2.0','6','','92','34',NULL);
INSERT INTO "ServiceDelivery__c" VALUES(245,'Casey Kline 2019-10-30: Middle School STEM Classroom Hours','false','2019-10-30','2.0','6','','92','34',NULL);
INSERT INTO "ServiceDelivery__c" VALUES(246,'Casey Kline 2019-12-18: Middle School STEM Classroom Hours','false','2019-12-18','2.0','6','','92','34',NULL);
INSERT INTO "ServiceDelivery__c" VALUES(247,'Casey Kline 2019-10-02: Middle School STEM Classroom Hours','false','2019-10-02','2.0','6','','92','34',NULL);
INSERT INTO "ServiceDelivery__c" VALUES(248,'Casey Kline 2019-10-23: Middle School STEM Classroom Hours','false','2019-10-23','2.0','6','','92','34',NULL);
INSERT INTO "ServiceDelivery__c" VALUES(249,'Casey Kline 2019-10-09: Middle School STEM Classroom Hours','false','2019-10-09','2.0','6','','92','34',NULL);
INSERT INTO "ServiceDelivery__c" VALUES(250,'Casey Kline 2020-01-08: Middle School STEM Classroom Hours','false','2020-01-08','2.0','6','','92','34',NULL);
INSERT INTO "ServiceDelivery__c" VALUES(251,'Casey Kline 2019-12-11: Middle School STEM Classroom Hours','false','2019-12-11','2.0','6','','92','34',NULL);
INSERT INTO "ServiceDelivery__c" VALUES(252,'Casey Kline 2019-09-11: Middle School STEM Classroom Hours','false','2019-09-11','2.0','6','','92','34',NULL);
INSERT INTO "ServiceDelivery__c" VALUES(253,'Casey Kline 2019-11-13: Middle School STEM Classroom Hours','false','2019-11-13','2.0','6','','92','34',NULL);
INSERT INTO "ServiceDelivery__c" VALUES(254,'Casey Kline 2019-12-04: Middle School STEM Classroom Hours','false','2019-12-04','2.0','6','','92','34',NULL);
INSERT INTO "ServiceDelivery__c" VALUES(255,'Casey Kline 2019-09-18: Middle School STEM Classroom Hours','false','2019-09-18','2.0','6','','92','34',NULL);
INSERT INTO "ServiceDelivery__c" VALUES(256,'Diego Case 2019-09-11: Middle School STEM Classroom Hours','false','2019-09-11','2.0','6','','94','35',NULL);
INSERT INTO "ServiceDelivery__c" VALUES(257,'Diego Case 2019-10-16: Middle School STEM Classroom Hours','false','2019-10-16','2.0','6','','94','35',NULL);
INSERT INTO "ServiceDelivery__c" VALUES(258,'Diego Case 2019-10-23: Middle School STEM Classroom Hours','false','2019-10-23','2.0','6','','94','35',NULL);
INSERT INTO "ServiceDelivery__c" VALUES(259,'Angelo Lutz 2020-01-13: Monthly Rent Subsidy','false','2020-01-13','250.0','11','42','110','39',NULL);
INSERT INTO "ServiceDelivery__c" VALUES(260,'Angelo Lutz 2019-12-16: Monthly Rent Subsidy','false','2019-12-16','250.0','11','42','110','39',NULL);
INSERT INTO "ServiceDelivery__c" VALUES(261,'James Richards 2020-01-13: Monthly Rent Subsidy','false','2020-01-13','200.0','11','62','130','52',NULL);
INSERT INTO "ServiceDelivery__c" VALUES(262,'Jaylin Morgan 2019-10-15: Monthly Rent Subsidy','false','2019-10-15','150.0','11','151','25','17',NULL);
INSERT INTO "ServiceDelivery__c" VALUES(263,'Jaylin Morgan 2019-12-13: Monthly Rent Subsidy','false','2019-12-13','150.0','11','151','25','17',NULL);
INSERT INTO "ServiceDelivery__c" VALUES(264,'Jaylin Morgan 2020-01-13: Monthly Rent Subsidy','false','2020-01-13','150.0','11','151','25','17',NULL);
INSERT INTO "ServiceDelivery__c" VALUES(265,'Jaylin Morgan 2019-11-15: Monthly Rent Subsidy','false','2019-11-15','150.0','11','151','25','17',NULL);
INSERT INTO "ServiceDelivery__c" VALUES(266,'Jaylin Morgan 2019-09-24: Monthly Rent Subsidy','false','2019-09-24','150.0','11','151','25','17',NULL);
INSERT INTO "ServiceDelivery__c" VALUES(267,'Nico Rivers 2019-10-15: Monthly Rent Subsidy','false','2019-10-15','175.0','11','159','33','18',NULL);
INSERT INTO "ServiceDelivery__c" VALUES(268,'Nico Rivers 2020-01-13: Monthly Rent Subsidy','false','2020-01-13','175.0','11','159','33','18',NULL);
INSERT INTO "ServiceDelivery__c" VALUES(269,'Nico Rivers 2019-12-13: Monthly Rent Subsidy','false','2019-12-13','175.0','11','159','33','18',NULL);
INSERT INTO "ServiceDelivery__c" VALUES(270,'Nico Rivers 2019-12-19: Monthly Rent Subsidy','false','2019-12-19','175.0','11','159','33','18',NULL);
INSERT INTO "ServiceDelivery__c" VALUES(271,'Nico Rivers 2019-11-15: Monthly Rent Subsidy','false','2019-11-15','175.0','11','159','33','18',NULL);
INSERT INTO "ServiceDelivery__c" VALUES(272,'Emelia Mercer 2019-11-15: Monthly Rent Subsidy','false','2019-11-15','200.0','11','103','49','22',NULL);
INSERT INTO "ServiceDelivery__c" VALUES(273,'Emelia Mercer 2019-10-15: Monthly Rent Subsidy','false','2019-10-15','200.0','11','103','49','22',NULL);
INSERT INTO "ServiceDelivery__c" VALUES(274,'Emelia Mercer 2020-01-13: Monthly Rent Subsidy','false','2020-01-13','200.0','11','103','49','22',NULL);
INSERT INTO "ServiceDelivery__c" VALUES(275,'Emelia Mercer 2019-12-13: Monthly Rent Subsidy','false','2019-12-13','200.0','11','103','49','22',NULL);
INSERT INTO "ServiceDelivery__c" VALUES(276,'Dalia Osborn 2020-01-13: Monthly Rent Subsidy','false','2020-01-13','400.0','11','111','57','24',NULL);
INSERT INTO "ServiceDelivery__c" VALUES(277,'Barbara Johnson 2019-09-05: ESL Classroom Hours','false','2019-09-05','2.0','12','','167','2',NULL);
INSERT INTO "ServiceDelivery__c" VALUES(278,'Diego Case 2019-10-30: Middle School STEM Classroom Hours','false','2019-10-30','2.0','6','','94','35',NULL);
INSERT INTO "ServiceDelivery__c" VALUES(279,'Diego Case 2019-09-18: Middle School STEM Classroom Hours','false','2019-09-18','2.0','6','','94','35',NULL);
INSERT INTO "ServiceDelivery__c" VALUES(280,'Diego Case 2019-09-25: Middle School STEM Classroom Hours','false','2019-09-25','2.0','6','','94','35',NULL);
INSERT INTO "ServiceDelivery__c" VALUES(281,'Diego Case 2019-10-09: Middle School STEM Classroom Hours','false','2019-10-09','2.0','6','','94','35',NULL);
INSERT INTO "ServiceDelivery__c" VALUES(282,'Diego Case 2019-12-11: Middle School STEM Classroom Hours','false','2019-12-11','2.0','6','','94','35',NULL);
INSERT INTO "ServiceDelivery__c" VALUES(283,'Diego Case 2019-12-18: Middle School STEM Classroom Hours','false','2019-12-18','2.0','6','','94','35',NULL);
INSERT INTO "ServiceDelivery__c" VALUES(284,'Diego Case 2019-11-06: Middle School STEM Classroom Hours','false','2019-11-06','2.0','6','','94','35',NULL);
INSERT INTO "ServiceDelivery__c" VALUES(285,'Diego Case 2019-11-13: Middle School STEM Classroom Hours','false','2019-11-13','2.0','6','','94','35',NULL);
INSERT INTO "ServiceDelivery__c" VALUES(286,'Diego Case 2019-11-20: Middle School STEM Classroom Hours','false','2019-11-20','2.0','6','','94','35',NULL);
INSERT INTO "ServiceDelivery__c" VALUES(287,'Diego Case 2019-12-04: Middle School STEM Classroom Hours','false','2019-12-04','2.0','6','','94','35',NULL);
INSERT INTO "ServiceDelivery__c" VALUES(288,'Diego Case 2019-10-02: Middle School STEM Classroom Hours','false','2019-10-02','2.0','6','','94','35',NULL);
INSERT INTO "ServiceDelivery__c" VALUES(289,'Diego Case 2020-01-08: Middle School STEM Classroom Hours','false','2020-01-08','2.0','6','','94','35',NULL);
INSERT INTO "ServiceDelivery__c" VALUES(290,'Yuliana Bird 2019-12-18: Middle School STEM Classroom Hours','false','2019-12-18','2.0','6','','127','51',NULL);
INSERT INTO "ServiceDelivery__c" VALUES(291,'Yuliana Bird 2019-11-13: Middle School STEM Classroom Hours','false','2019-11-13','2.0','6','','127','51',NULL);
INSERT INTO "ServiceDelivery__c" VALUES(292,'Yuliana Bird 2019-10-30: Middle School STEM Classroom Hours','false','2019-10-30','2.0','6','','127','51',NULL);
INSERT INTO "ServiceDelivery__c" VALUES(293,'Yuliana Bird 2019-12-11: Middle School STEM Classroom Hours','false','2019-12-11','2.0','6','','127','51',NULL);
INSERT INTO "ServiceDelivery__c" VALUES(294,'Yuliana Bird 2019-10-16: Middle School STEM Classroom Hours','false','2019-10-16','2.0','6','','127','51',NULL);
INSERT INTO "ServiceDelivery__c" VALUES(295,'Yuliana Bird 2019-11-20: Middle School STEM Classroom Hours','false','2019-11-20','2.0','6','','127','51',NULL);
INSERT INTO "ServiceDelivery__c" VALUES(296,'Yuliana Bird 2019-10-09: Middle School STEM Classroom Hours','false','2019-10-09','2.0','6','','127','51',NULL);
INSERT INTO "ServiceDelivery__c" VALUES(297,'Yuliana Bird 2019-11-06: Middle School STEM Classroom Hours','false','2019-11-06','2.0','6','','127','51',NULL);
INSERT INTO "ServiceDelivery__c" VALUES(298,'Yuliana Bird 2019-10-23: Middle School STEM Classroom Hours','false','2019-10-23','2.0','6','','127','51',NULL);
INSERT INTO "ServiceDelivery__c" VALUES(299,'Yuliana Bird 2019-09-11: Middle School STEM Classroom Hours','false','2019-09-11','2.0','6','','127','51',NULL);
INSERT INTO "ServiceDelivery__c" VALUES(300,'Yuliana Bird 2019-09-18: Middle School STEM Classroom Hours','false','2019-09-18','2.0','6','','127','51',NULL);
INSERT INTO "ServiceDelivery__c" VALUES(301,'Yuliana Bird 2019-12-04: Middle School STEM Classroom Hours','false','2019-12-04','2.0','6','','127','51',NULL);
INSERT INTO "ServiceDelivery__c" VALUES(302,'Yuliana Bird 2019-09-25: Middle School STEM Classroom Hours','false','2019-09-25','2.0','6','','127','51',NULL);
INSERT INTO "ServiceDelivery__c" VALUES(303,'Yuliana Bird 2019-10-02: Middle School STEM Classroom Hours','false','2019-10-02','2.0','6','','127','51',NULL);
INSERT INTO "ServiceDelivery__c" VALUES(304,'Yuliana Bird 2020-01-08: Middle School STEM Classroom Hours','false','2020-01-08','2.0','6','','127','51',NULL);
INSERT INTO "ServiceDelivery__c" VALUES(305,'Barbara Johnson 2019-10-29: ESL Classroom Hours','false','2019-10-29','2.0','12','','167','2',NULL);
INSERT INTO "ServiceDelivery__c" VALUES(306,'Barbara Johnson 2019-11-12: ESL Classroom Hours','false','2019-11-12','2.0','12','','167','2',NULL);
INSERT INTO "ServiceDelivery__c" VALUES(307,'Barbara Johnson 2019-11-26: ESL Classroom Hours','false','2019-11-26','2.0','12','','167','2',NULL);
INSERT INTO "ServiceDelivery__c" VALUES(308,'Barbara Johnson 2019-09-24: ESL Classroom Hours','false','2019-09-24','2.0','12','','167','2',NULL);
INSERT INTO "ServiceDelivery__c" VALUES(309,'Barbara Johnson 2019-12-05: ESL Classroom Hours','false','2019-12-05','2.0','12','','167','2',NULL);
INSERT INTO "ServiceDelivery__c" VALUES(310,'Barbara Johnson 2019-12-12: ESL Classroom Hours','false','2019-12-12','2.0','12','','167','2',NULL);
INSERT INTO "ServiceDelivery__c" VALUES(311,'Barbara Johnson 2019-10-22: ESL Classroom Hours','false','2019-10-22','2.0','12','','167','2',NULL);
INSERT INTO "ServiceDelivery__c" VALUES(312,'Barbara Johnson 2019-11-05: ESL Classroom Hours','false','2019-11-05','2.0','12','','167','2',NULL);
INSERT INTO "ServiceDelivery__c" VALUES(313,'Barbara Johnson 2019-11-19: ESL Classroom Hours','false','2019-11-19','2.0','12','','167','2',NULL);
INSERT INTO "ServiceDelivery__c" VALUES(314,'Barbara Johnson 2019-11-21: ESL Classroom Hours','false','2019-11-21','2.0','12','','167','2',NULL);
INSERT INTO "ServiceDelivery__c" VALUES(315,'Barbara Johnson 2019-09-10: ESL Classroom Hours','false','2019-09-10','2.0','12','','167','2',NULL);
INSERT INTO "ServiceDelivery__c" VALUES(316,'Barbara Johnson 2019-10-24: ESL Classroom Hours','false','2019-10-24','2.0','12','','167','2',NULL);
INSERT INTO "ServiceDelivery__c" VALUES(317,'Barbara Johnson 2019-11-14: ESL Classroom Hours','false','2019-11-14','2.0','12','','167','2',NULL);
INSERT INTO "ServiceDelivery__c" VALUES(318,'Abraham Sims 2019-10-09: Middle School STEM Classroom Hours','false','2019-10-09','2.0','6','','138','58',NULL);
INSERT INTO "ServiceDelivery__c" VALUES(319,'Abraham Sims 2019-10-02: Middle School STEM Classroom Hours','false','2019-10-02','2.0','6','','138','58',NULL);
INSERT INTO "ServiceDelivery__c" VALUES(320,'Abraham Sims 2019-09-25: Middle School STEM Classroom Hours','false','2019-09-25','2.0','6','','138','58',NULL);
INSERT INTO "ServiceDelivery__c" VALUES(321,'Abraham Sims 2019-10-16: Middle School STEM Classroom Hours','false','2019-10-16','2.0','6','','138','58',NULL);
INSERT INTO "ServiceDelivery__c" VALUES(322,'Abraham Sims 2019-10-23: Middle School STEM Classroom Hours','false','2019-10-23','2.0','6','','138','58',NULL);
INSERT INTO "ServiceDelivery__c" VALUES(323,'Abraham Sims 2019-09-11: Middle School STEM Classroom Hours','false','2019-09-11','2.0','6','','138','58',NULL);
INSERT INTO "ServiceDelivery__c" VALUES(324,'Abraham Sims 2019-12-04: Middle School STEM Classroom Hours','false','2019-12-04','2.0','6','','138','58',NULL);
INSERT INTO "ServiceDelivery__c" VALUES(325,'Abraham Sims 2019-12-11: Middle School STEM Classroom Hours','false','2019-12-11','2.0','6','','138','58',NULL);
INSERT INTO "ServiceDelivery__c" VALUES(326,'Abraham Sims 2019-09-18: Middle School STEM Classroom Hours','false','2019-09-18','2.0','6','','138','58',NULL);
INSERT INTO "ServiceDelivery__c" VALUES(327,'Abraham Sims 2019-11-20: Middle School STEM Classroom Hours','false','2019-11-20','2.0','6','','138','58',NULL);
INSERT INTO "ServiceDelivery__c" VALUES(328,'Abraham Sims 2019-11-06: Middle School STEM Classroom Hours','false','2019-11-06','2.0','6','','138','58',NULL);
INSERT INTO "ServiceDelivery__c" VALUES(329,'Abraham Sims 2019-10-30: Middle School STEM Classroom Hours','false','2019-10-30','2.0','6','','138','58',NULL);
INSERT INTO "ServiceDelivery__c" VALUES(330,'Abraham Sims 2019-12-18: Middle School STEM Classroom Hours','false','2019-12-18','2.0','6','','138','58',NULL);
INSERT INTO "ServiceDelivery__c" VALUES(331,'Abraham Sims 2019-11-13: Middle School STEM Classroom Hours','false','2019-11-13','2.0','6','','138','58',NULL);
INSERT INTO "ServiceDelivery__c" VALUES(332,'Alana Owen 2019-11-25: STEM Field Trips','false','2019-11-25','1.0','7','','172','3',NULL);
INSERT INTO "ServiceDelivery__c" VALUES(333,'Alana Owen 2019-11-25: STEM Field Trips','false','2019-11-25','','7','','172','3',NULL);
INSERT INTO "ServiceDelivery__c" VALUES(334,'Naima Crawford 2019-11-25: STEM Field Trips','false','2019-11-25','1.0','7','','1','5',NULL);
INSERT INTO "ServiceDelivery__c" VALUES(335,'Taniyah Rios 2019-11-25: STEM Field Trips','false','2019-11-25','1.0','7','','51','23',NULL);
INSERT INTO "ServiceDelivery__c" VALUES(336,'Ayanna Gonzalez 2019-11-25: STEM Field Trips','false','2019-11-25','1.0','7','','64','29',NULL);
INSERT INTO "ServiceDelivery__c" VALUES(337,'Alia Duarte 2019-11-25: STEM Field Trips','false','2019-11-25','1.0','7','','81','79',NULL);
INSERT INTO "ServiceDelivery__c" VALUES(338,'Jessica Woods 2019-11-25: STEM Field Trips','false','2019-11-25','1.0','7','','89','32',NULL);
INSERT INTO "ServiceDelivery__c" VALUES(339,'Casey Kline 2019-11-25: STEM Field Trips','false','2019-11-25','1.0','7','','92','34',NULL);
INSERT INTO "ServiceDelivery__c" VALUES(340,'Diego Case 2019-11-25: STEM Field Trips','false','2019-11-25','1.0','7','','94','35',NULL);
INSERT INTO "ServiceDelivery__c" VALUES(341,'Yuliana Bird 2019-11-25: STEM Field Trips','false','2019-11-25','1.0','7','','127','51',NULL);
INSERT INTO "ServiceDelivery__c" VALUES(342,'Abraham Sims 2019-11-25: STEM Field Trips','false','2019-11-25','1.0','7','','138','58',NULL);
INSERT INTO "ServiceDelivery__c" VALUES(343,'Marcus Huynh 2020-01-08: Town Hall Meeting, 1/8/2020','false','2020-01-08','1.0','8','','63','28',NULL);
INSERT INTO "ServiceDelivery__c" VALUES(344,'Taniya Singleton 2020-01-08: Town Hall Meeting, 1/8/2020','false','2020-01-08','1.0','8','','65','30',NULL);
INSERT INTO "ServiceDelivery__c" VALUES(345,'Leon Clayton 2020-01-08: Town Hall Meeting, 1/8/2020','false','2020-01-08','1.0','8','','115','41',NULL);
INSERT INTO "ServiceDelivery__c" VALUES(346,'Barbara Johnson 2019-09-19: ESL Classroom Hours','false','2019-09-19','2.0','12','','167','2',NULL);
INSERT INTO "ServiceDelivery__c" VALUES(347,'Barbara Johnson 2019-12-19: ESL Classroom Hours','false','2019-12-19','2.0','12','','167','2',NULL);
INSERT INTO "ServiceDelivery__c" VALUES(348,'Barbara Johnson 2019-10-10: ESL Classroom Hours','false','2019-10-10','2.0','12','','167','2',NULL);
INSERT INTO "ServiceDelivery__c" VALUES(349,'Barbara Johnson 2019-12-17: ESL Classroom Hours','false','2019-12-17','2.0','12','','167','2',NULL);
INSERT INTO "ServiceDelivery__c" VALUES(350,'Barbara Johnson 2020-01-09: ESL Classroom Hours','false','2020-01-09','2.0','12','','167','2',NULL);
INSERT INTO "ServiceDelivery__c" VALUES(351,'Barbara Johnson 2019-10-01: ESL Classroom Hours','false','2019-10-01','2.0','12','','167','2',NULL);
INSERT INTO "ServiceDelivery__c" VALUES(352,'Barbara Johnson 2019-10-31: ESL Classroom Hours','false','2019-10-31','2.0','12','','167','2',NULL);
INSERT INTO "ServiceDelivery__c" VALUES(353,'Barbara Johnson 2019-11-07: ESL Classroom Hours','false','2019-11-07','2.0','12','','167','2',NULL);
INSERT INTO "ServiceDelivery__c" VALUES(354,'Barbara Johnson 2019-10-08: ESL Classroom Hours','false','2019-10-08','2.0','12','','167','2',NULL);
INSERT INTO "ServiceDelivery__c" VALUES(355,'Barbara Johnson 2019-09-03: ESL Classroom Hours','false','2019-09-03','2.0','12','','167','2',NULL);
INSERT INTO "ServiceDelivery__c" VALUES(356,'Barbara Johnson 2019-09-26: ESL Classroom Hours','false','2019-09-26','2.0','12','','167','2',NULL);
INSERT INTO "ServiceDelivery__c" VALUES(357,'Barbara Johnson 2019-09-12: ESL Classroom Hours','false','2019-09-12','2.0','12','','167','2',NULL);
INSERT INTO "ServiceDelivery__c" VALUES(358,'Barbara Johnson 2019-10-03: ESL Classroom Hours','false','2019-10-03','2.0','12','','167','2',NULL);
INSERT INTO "ServiceDelivery__c" VALUES(359,'Barbara Johnson 2019-10-17: ESL Classroom Hours','false','2019-10-17','2.0','12','','167','2',NULL);
INSERT INTO "ServiceDelivery__c" VALUES(360,'Barbara Johnson 2019-10-15: ESL Classroom Hours','false','2019-10-15','2.0','12','','167','2',NULL);
INSERT INTO "ServiceDelivery__c" VALUES(361,'Barbara Johnson 2019-12-03: ESL Classroom Hours','false','2019-12-03','2.0','12','','167','2',NULL);
INSERT INTO "ServiceDelivery__c" VALUES(362,'Barbara Johnson 2019-09-17: ESL Classroom Hours','false','2019-09-17','2.0','12','','167','2',NULL);
INSERT INTO "ServiceDelivery__c" VALUES(363,'Barbara Johnson 2019-12-10: ESL Classroom Hours','false','2019-12-10','2.0','12','','167','2',NULL);
INSERT INTO "ServiceDelivery__c" VALUES(364,'Barbara Johnson 2020-01-07: ESL Classroom Hours','false','2020-01-07','2.0','12','','167','2',NULL);
INSERT INTO "ServiceDelivery__c" VALUES(365,'Samir Neal 2019-10-17: ESL Classroom Hours','false','2019-10-17','2.0','12','','106','38',NULL);
INSERT INTO "ServiceDelivery__c" VALUES(366,'Samir Neal 2019-10-24: ESL Classroom Hours','false','2019-10-24','2.0','12','','106','38',NULL);
INSERT INTO "ServiceDelivery__c" VALUES(367,'Samir Neal 2019-11-19: ESL Classroom Hours','false','2019-11-19','2.0','12','','106','38',NULL);
INSERT INTO "ServiceDelivery__c" VALUES(368,'Samir Neal 2019-10-22: ESL Classroom Hours','false','2019-10-22','2.0','12','','106','38',NULL);
INSERT INTO "ServiceDelivery__c" VALUES(369,'Samir Neal 2020-01-07: ESL Classroom Hours','false','2020-01-07','2.0','12','','106','38',NULL);
INSERT INTO "ServiceDelivery__c" VALUES(370,'Samir Neal 2019-10-10: ESL Classroom Hours','false','2019-10-10','2.0','12','','106','38',NULL);
INSERT INTO "ServiceDelivery__c" VALUES(371,'Samir Neal 2019-09-12: ESL Classroom Hours','false','2019-09-12','2.0','12','','106','38',NULL);
INSERT INTO "ServiceDelivery__c" VALUES(372,'Samir Neal 2019-12-19: ESL Classroom Hours','false','2019-12-19','2.0','12','','106','38',NULL);
INSERT INTO "ServiceDelivery__c" VALUES(373,'Samir Neal 2020-01-09: ESL Classroom Hours','false','2020-01-09','2.0','12','','106','38',NULL);
INSERT INTO "ServiceDelivery__c" VALUES(374,'Samir Neal 2019-10-29: ESL Classroom Hours','false','2019-10-29','2.0','12','','106','38',NULL);
INSERT INTO "ServiceDelivery__c" VALUES(375,'Marc Richard 2020-01-08: Town Hall Meeting, 1/8/2020','false','2020-01-08','1.0','8','','116','42',NULL);
INSERT INTO "ServiceDelivery__c" VALUES(376,'John Mills 2020-01-08: Town Hall Meeting, 1/8/2020','false','2020-01-08','1.0','8','','132','54',NULL);
INSERT INTO "ServiceDelivery__c" VALUES(377,'Shannon Greene 2020-01-08: Town Hall Meeting, 1/8/2020','false','2020-01-08','1.0','8','','133','55',NULL);
INSERT INTO "ServiceDelivery__c" VALUES(378,'Zackery Morgan 2020-01-08: Town Hall Meeting, 1/8/2020','false','2020-01-08','1.0','8','','144','61',NULL);
INSERT INTO "ServiceDelivery__c" VALUES(379,'Eliezer Bray 2020-01-08: Town Hall Meeting, 1/8/2020','false','2020-01-08','1.0','8','','150','68',NULL);
INSERT INTO "ServiceDelivery__c" VALUES(380,'Taniya Singleton 2019-12-02: Letter writing campaign to Council Members','false','2019-12-02','1.0','9','','65','30',NULL);
INSERT INTO "ServiceDelivery__c" VALUES(381,'Leon Clayton 2019-09-10: Letter writing campaign to Council Members','false','2019-09-10','1.0','9','','115','41',NULL);
INSERT INTO "ServiceDelivery__c" VALUES(382,'Marc Richard 2019-08-12: Letter writing campaign to Council Members','false','2019-08-12','1.0','9','','116','42',NULL);
INSERT INTO "ServiceDelivery__c" VALUES(383,'Jay Zimmerman 2019-11-12: Letter writing campaign to Council Members','false','2019-11-12','1.0','9','','124','49',NULL);
INSERT INTO "ServiceDelivery__c" VALUES(384,'Aaron Valdez 2019-10-02: Letter writing campaign to Council Members','false','2019-10-02','1.0','9','','131','53',NULL);
INSERT INTO "ServiceDelivery__c" VALUES(385,'John Mills 2019-09-02: Letter writing campaign to Council Members','false','2019-09-02','1.0','9','','132','54',NULL);
INSERT INTO "ServiceDelivery__c" VALUES(386,'Shannon Greene 2020-01-08: Letter writing campaign to Council Members','false','2020-01-08','1.0','9','','133','55',NULL);
INSERT INTO "ServiceDelivery__c" VALUES(387,'Zackery Morgan 2020-01-07: Letter writing campaign to Council Members','false','2020-01-07','1.0','9','','144','61',NULL);
INSERT INTO "ServiceDelivery__c" VALUES(388,'Eliezer Bray 2020-01-08: Letter writing campaign to Council Members','false','2020-01-08','1.0','9','','150','68',NULL);
INSERT INTO "ServiceDelivery__c" VALUES(389,'Neil Huerta 2020-01-13: 12 Step Recovery Program','false','2020-01-13','1.0','10','','82','31',NULL);
INSERT INTO "ServiceDelivery__c" VALUES(390,'Neil Huerta 2020-01-16: 12 Step Recovery Program','false','2020-01-16','1.0','10','','82','31',NULL);
INSERT INTO "ServiceDelivery__c" VALUES(391,'Turner Carson 2019-12-30: 12 Step Recovery Program','false','2019-12-30','1.0','10','','112','40',NULL);
INSERT INTO "ServiceDelivery__c" VALUES(392,'Turner Carson 2020-01-07: 12 Step Recovery Program','false','2020-01-07','1.0','10','','112','40',NULL);
INSERT INTO "ServiceDelivery__c" VALUES(393,'Turner Carson 2019-12-17: 12 Step Recovery Program','false','2019-12-17','1.0','10','','112','40',NULL);
INSERT INTO "ServiceDelivery__c" VALUES(394,'Turner Carson 2019-12-24: 12 Step Recovery Program','false','2019-12-24','1.0','10','','112','40',NULL);
INSERT INTO "ServiceDelivery__c" VALUES(395,'Turner Carson 2019-12-10: 12 Step Recovery Program','false','2019-12-10','1.0','10','','112','40',NULL);
INSERT INTO "ServiceDelivery__c" VALUES(396,'Zackery Morgan 2019-12-30: 12 Step Recovery Program','false','2019-12-30','1.0','10','','144','62',NULL);
INSERT INTO "ServiceDelivery__c" VALUES(397,'Zackery Morgan 2019-10-29: 12 Step Recovery Program','false','2019-10-29','1.0','10','','144','62',NULL);
INSERT INTO "ServiceDelivery__c" VALUES(398,'Zackery Morgan 2019-11-05: 12 Step Recovery Program','false','2019-11-05','1.0','10','','144','62',NULL);
INSERT INTO "ServiceDelivery__c" VALUES(399,'Zackery Morgan 2019-11-12: 12 Step Recovery Program','false','2019-11-12','1.0','10','','144','62',NULL);
INSERT INTO "ServiceDelivery__c" VALUES(400,'Zackery Morgan 2019-12-03: 12 Step Recovery Program','false','2019-12-03','1.0','10','','144','62',NULL);
INSERT INTO "ServiceDelivery__c" VALUES(401,'Zackery Morgan 2019-12-10: 12 Step Recovery Program','false','2019-12-10','1.0','10','','144','62',NULL);
INSERT INTO "ServiceDelivery__c" VALUES(402,'Zackery Morgan 2019-11-19: 12 Step Recovery Program','false','2019-11-19','1.0','10','','144','62',NULL);
INSERT INTO "ServiceDelivery__c" VALUES(403,'Samir Neal 2019-10-31: ESL Classroom Hours','false','2019-10-31','2.0','12','','106','38',NULL);
INSERT INTO "ServiceDelivery__c" VALUES(404,'Samir Neal 2019-11-07: ESL Classroom Hours','false','2019-11-07','2.0','12','','106','38',NULL);
INSERT INTO "ServiceDelivery__c" VALUES(405,'Samir Neal 2019-11-21: ESL Classroom Hours','false','2019-11-21','2.0','12','','106','38',NULL);
INSERT INTO "ServiceDelivery__c" VALUES(406,'Samir Neal 2019-09-10: ESL Classroom Hours','false','2019-09-10','2.0','12','','106','38',NULL);
INSERT INTO "ServiceDelivery__c" VALUES(407,'Samir Neal 2019-09-24: ESL Classroom Hours','false','2019-09-24','2.0','12','','106','38',NULL);
INSERT INTO "ServiceDelivery__c" VALUES(408,'Samir Neal 2019-09-26: ESL Classroom Hours','false','2019-09-26','2.0','12','','106','38',NULL);
INSERT INTO "ServiceDelivery__c" VALUES(409,'Samir Neal 2019-12-03: ESL Classroom Hours','false','2019-12-03','2.0','12','','106','38',NULL);
INSERT INTO "ServiceDelivery__c" VALUES(410,'Samir Neal 2019-12-12: ESL Classroom Hours','false','2019-12-12','2.0','12','','106','38',NULL);
INSERT INTO "ServiceDelivery__c" VALUES(411,'Samir Neal 2019-10-01: ESL Classroom Hours','false','2019-10-01','2.0','12','','106','38',NULL);
INSERT INTO "ServiceDelivery__c" VALUES(412,'Samir Neal 2019-11-05: ESL Classroom Hours','false','2019-11-05','2.0','12','','106','38',NULL);
INSERT INTO "ServiceDelivery__c" VALUES(413,'Samir Neal 2019-09-17: ESL Classroom Hours','false','2019-09-17','2.0','12','','106','38',NULL);
INSERT INTO "ServiceDelivery__c" VALUES(414,'Samir Neal 2019-11-12: ESL Classroom Hours','false','2019-11-12','2.0','12','','106','38',NULL);
INSERT INTO "ServiceDelivery__c" VALUES(415,'Samir Neal 2019-12-05: ESL Classroom Hours','false','2019-12-05','2.0','12','','106','38',NULL);
INSERT INTO "ServiceDelivery__c" VALUES(416,'Samir Neal 2019-10-08: ESL Classroom Hours','false','2019-10-08','2.0','12','','106','38',NULL);
INSERT INTO "ServiceDelivery__c" VALUES(417,'Samir Neal 2019-11-14: ESL Classroom Hours','false','2019-11-14','2.0','12','','106','38',NULL);
INSERT INTO "ServiceDelivery__c" VALUES(418,'Samir Neal 2019-10-15: ESL Classroom Hours','false','2019-10-15','2.0','12','','106','38',NULL);
INSERT INTO "ServiceDelivery__c" VALUES(419,'Samir Neal 2019-11-26: ESL Classroom Hours','false','2019-11-26','2.0','12','','106','38',NULL);
INSERT INTO "ServiceDelivery__c" VALUES(420,'Samir Neal 2019-12-10: ESL Classroom Hours','false','2019-12-10','2.0','12','','106','38',NULL);
INSERT INTO "ServiceDelivery__c" VALUES(421,'Samir Neal 2019-09-19: ESL Classroom Hours','false','2019-09-19','2.0','12','','106','38',NULL);
INSERT INTO "ServiceDelivery__c" VALUES(422,'Samir Neal 2019-12-17: ESL Classroom Hours','false','2019-12-17','2.0','12','','106','38',NULL);
INSERT INTO "ServiceDelivery__c" VALUES(423,'Samir Neal 2019-10-03: ESL Classroom Hours','false','2019-10-03','2.0','12','','106','38',NULL);
INSERT INTO "ServiceDelivery__c" VALUES(424,'Fernando Beltran 2019-12-19: ESL Classroom Hours','false','2019-12-19','2.0','12','','126','50',NULL);
INSERT INTO "ServiceDelivery__c" VALUES(425,'Fernando Beltran 2020-01-09: ESL Classroom Hours','false','2020-01-09','2.0','12','','126','50',NULL);
INSERT INTO "ServiceDelivery__c" VALUES(426,'Fernando Beltran 2019-12-10: ESL Classroom Hours','false','2019-12-10','2.0','12','','126','50',NULL);
INSERT INTO "ServiceDelivery__c" VALUES(427,'Fernando Beltran 2019-12-12: ESL Classroom Hours','false','2019-12-12','2.0','12','','126','50',NULL);
INSERT INTO "ServiceDelivery__c" VALUES(428,'Fernando Beltran 2019-12-05: ESL Classroom Hours','false','2019-12-05','2.0','12','','126','50',NULL);
INSERT INTO "ServiceDelivery__c" VALUES(429,'Fernando Beltran 2020-01-07: ESL Classroom Hours','false','2020-01-07','2.0','12','','126','50',NULL);
INSERT INTO "ServiceDelivery__c" VALUES(430,'Fernando Beltran 2019-12-17: ESL Classroom Hours','false','2019-12-17','2.0','12','','126','50',NULL);
INSERT INTO "ServiceDelivery__c" VALUES(431,'Fernando Beltran 2019-12-03: ESL Classroom Hours','false','2019-12-03','2.0','12','','126','50',NULL);
INSERT INTO "ServiceDelivery__c" VALUES(432,'Emilie Costa 2020-01-10: Grade 1-8 Reading Tutoring','false','2020-01-10','3.0','1','','11','8',NULL);
INSERT INTO "ServiceDelivery__c" VALUES(433,'Fabian Hughes 2019-12-20: Grade 1-8 Reading Tutoring','false','2019-12-20','1.0','1','','17','12',NULL);
INSERT INTO "ServiceDelivery__c" VALUES(434,'Fabian Hughes 2020-01-10: Grade 1-8 Reading Tutoring','false','2020-01-10','3.0','1','','17','12',NULL);
INSERT INTO "ServiceDelivery__c" VALUES(435,'Jordan Waller 2019-09-20: Grade 1-8 Reading Tutoring','false','2019-09-20','3.0','1','','117','43',NULL);
INSERT INTO "ServiceDelivery__c" VALUES(436,'Jordan Waller 2019-10-04: Grade 1-8 Reading Tutoring','false','2019-10-04','3.0','1','','117','43',NULL);
INSERT INTO "ServiceDelivery__c" VALUES(437,'Zackery Morgan 2019-11-26: 12 Step Recovery Program','false','2019-11-26','1.0','10','','144','62',NULL);
INSERT INTO "ServiceDelivery__c" VALUES(438,'Zackery Morgan 2019-12-24: 12 Step Recovery Program','false','2019-12-24','1.0','10','','144','62',NULL);
INSERT INTO "ServiceDelivery__c" VALUES(439,'Zackery Morgan 2020-01-07: 12 Step Recovery Program','false','2020-01-07','1.0','10','','144','62',NULL);
INSERT INTO "ServiceDelivery__c" VALUES(440,'Zackery Morgan 2020-01-07: 12 Step Recovery Program','false','2020-01-07','1.0','10','','144','62',NULL);
INSERT INTO "ServiceDelivery__c" VALUES(441,'Zackery Morgan 2019-10-22: 12 Step Recovery Program','false','2019-10-22','1.0','10','','144','62',NULL);
INSERT INTO "ServiceDelivery__c" VALUES(442,'Robin Brooks 2019-10-08: 12 Step Recovery Program','false','2019-10-08','1.0','10','','70','76',NULL);
INSERT INTO "ServiceDelivery__c" VALUES(443,'Robin Brooks 2019-10-15: 12 Step Recovery Program','false','2019-10-15','1.0','10','','70','76',NULL);
INSERT INTO "ServiceDelivery__c" VALUES(444,'Robin Brooks 2019-12-30: 12 Step Recovery Program','false','2019-12-30','1.0','10','','70','76',NULL);
INSERT INTO "ServiceDelivery__c" VALUES(445,'Robin Brooks 2019-10-22: 12 Step Recovery Program','false','2019-10-22','1.0','10','','70','76',NULL);
INSERT INTO "ServiceDelivery__c" VALUES(446,'Robin Brooks 2019-12-10: 12 Step Recovery Program','false','2019-12-10','1.0','10','','70','76',NULL);
INSERT INTO "ServiceDelivery__c" VALUES(447,'Robin Brooks 2019-11-05: 12 Step Recovery Program','false','2019-11-05','1.0','10','','70','76',NULL);
INSERT INTO "ServiceDelivery__c" VALUES(448,'Robin Brooks 2019-12-03: 12 Step Recovery Program','false','2019-12-03','1.0','10','','70','76',NULL);
INSERT INTO "ServiceDelivery__c" VALUES(449,'Robin Brooks 2019-12-17: 12 Step Recovery Program','false','2019-12-17','1.0','10','','70','76',NULL);
INSERT INTO "ServiceDelivery__c" VALUES(450,'Robin Brooks 2019-09-03: 12 Step Recovery Program','false','2019-09-03','1.0','10','','70','76',NULL);
INSERT INTO "ServiceDelivery__c" VALUES(451,'Robin Brooks 2019-09-10: 12 Step Recovery Program','false','2019-09-10','1.0','10','','70','76',NULL);
INSERT INTO "ServiceDelivery__c" VALUES(452,'Robin Brooks 2019-09-17: 12 Step Recovery Program','false','2019-09-17','1.0','10','','70','76',NULL);
INSERT INTO "ServiceDelivery__c" VALUES(453,'Robin Brooks 2019-09-24: 12 Step Recovery Program','false','2019-09-24','1.0','10','','70','76',NULL);
INSERT INTO "ServiceDelivery__c" VALUES(454,'Robin Brooks 2020-01-07: 12 Step Recovery Program','false','2020-01-07','1.0','10','','70','76',NULL);
INSERT INTO "ServiceDelivery__c" VALUES(455,'Robin Brooks 2019-10-29: 12 Step Recovery Program','false','2019-10-29','1.0','10','','70','76',NULL);
INSERT INTO "ServiceDelivery__c" VALUES(456,'Robin Brooks 2019-11-19: 12 Step Recovery Program','false','2019-11-19','1.0','10','','70','76',NULL);
INSERT INTO "ServiceDelivery__c" VALUES(457,'Robin Brooks 2019-11-26: 12 Step Recovery Program','false','2019-11-26','1.0','10','','70','76',NULL);
INSERT INTO "ServiceDelivery__c" VALUES(458,'Robin Brooks 2019-12-24: 12 Step Recovery Program','false','2019-12-24','1.0','10','','70','76',NULL);
INSERT INTO "ServiceDelivery__c" VALUES(459,'Robin Brooks 2020-01-14: 12 Step Recovery Program','false','2020-01-14','1.0','10','','70','76',NULL);
INSERT INTO "ServiceDelivery__c" VALUES(460,'Robin Brooks 2019-10-01: 12 Step Recovery Program','false','2019-10-01','1.0','10','','70','76',NULL);
INSERT INTO "ServiceDelivery__c" VALUES(461,'Robin Brooks 2019-11-12: 12 Step Recovery Program','false','2019-11-12','1.0','10','','70','76',NULL);
INSERT INTO "ServiceDelivery__c" VALUES(462,'Isaac Grant 2019-11-15: Monthly Rent Subsidy','false','2019-11-15','250.0','11','29','97','36',NULL);
INSERT INTO "ServiceDelivery__c" VALUES(463,'Isaac Grant 2020-01-13: Monthly Rent Subsidy','false','2020-01-13','250.0','11','29','97','36',NULL);
INSERT INTO "ServiceDelivery__c" VALUES(464,'Isaac Grant 2019-12-13: Monthly Rent Subsidy','false','2019-12-13','250.0','11','29','97','36',NULL);
INSERT INTO "ServiceDelivery__c" VALUES(465,'Yusef Flores 2020-01-07: ESL Classroom Hours','false','2020-01-07','2.0','12','','147','63',NULL);
INSERT INTO "ServiceDelivery__c" VALUES(466,'Yusef Flores 2020-01-09: ESL Classroom Hours','false','2020-01-09','2.0','12','','147','63',NULL);
INSERT INTO "ServiceDelivery__c" VALUES(467,'Semaj Wall 2019-11-12: ESL Classroom Hours','false','2019-11-12','2.0','12','','148','65',NULL);
INSERT INTO "ServiceDelivery__c" VALUES(468,'Semaj Wall 2019-12-12: ESL Classroom Hours','false','2019-12-12','2.0','12','','148','65',NULL);
INSERT INTO "ServiceDelivery__c" VALUES(469,'Semaj Wall 2020-01-09: ESL Classroom Hours','false','2020-01-09','2.0','12','','148','65',NULL);
INSERT INTO "ServiceDelivery__c" VALUES(470,'Semaj Wall 2019-11-21: ESL Classroom Hours','false','2019-11-21','2.0','12','','148','65',NULL);
INSERT INTO "ServiceDelivery__c" VALUES(471,'Semaj Wall 2019-10-22: ESL Classroom Hours','false','2019-10-22','2.0','12','','148','65',NULL);
INSERT INTO "ServiceDelivery__c" VALUES(472,'Semaj Wall 2019-10-17: ESL Classroom Hours','false','2019-10-17','2.0','12','','148','65',NULL);
INSERT INTO "ServiceDelivery__c" VALUES(473,'Semaj Wall 2019-11-07: ESL Classroom Hours','false','2019-11-07','2.0','12','','148','65',NULL);
INSERT INTO "ServiceDelivery__c" VALUES(474,'Semaj Wall 2019-10-01: ESL Classroom Hours','false','2019-10-01','2.0','12','','148','65',NULL);
INSERT INTO "ServiceDelivery__c" VALUES(475,'Semaj Wall 2019-12-10: ESL Classroom Hours','false','2019-12-10','2.0','12','','148','65',NULL);
INSERT INTO "ServiceDelivery__c" VALUES(476,'Semaj Wall 2019-12-19: ESL Classroom Hours','false','2019-12-19','2.0','12','','148','65',NULL);
INSERT INTO "ServiceDelivery__c" VALUES(477,'Semaj Wall 2019-10-15: ESL Classroom Hours','false','2019-10-15','2.0','12','','148','65',NULL);
INSERT INTO "ServiceDelivery__c" VALUES(478,'Semaj Wall 2019-10-31: ESL Classroom Hours','false','2019-10-31','2.0','12','','148','65',NULL);
INSERT INTO "ServiceDelivery__c" VALUES(479,'Semaj Wall 2019-11-19: ESL Classroom Hours','false','2019-11-19','2.0','12','','148','65',NULL);
INSERT INTO "ServiceDelivery__c" VALUES(480,'Semaj Wall 2019-12-05: ESL Classroom Hours','false','2019-12-05','2.0','12','','148','65',NULL);
INSERT INTO "ServiceDelivery__c" VALUES(481,'Semaj Wall 2019-10-08: ESL Classroom Hours','false','2019-10-08','2.0','12','','148','65',NULL);
INSERT INTO "ServiceDelivery__c" VALUES(482,'Semaj Wall 2019-10-29: ESL Classroom Hours','false','2019-10-29','2.0','12','','148','65',NULL);
INSERT INTO "ServiceDelivery__c" VALUES(483,'Semaj Wall 2019-11-05: ESL Classroom Hours','false','2019-11-05','2.0','12','','148','65',NULL);
INSERT INTO "ServiceDelivery__c" VALUES(484,'Semaj Wall 2019-11-14: ESL Classroom Hours','false','2019-11-14','2.0','12','','148','65',NULL);
INSERT INTO "ServiceDelivery__c" VALUES(485,'Semaj Wall 2019-12-17: ESL Classroom Hours','false','2019-12-17','2.0','12','','148','65',NULL);
INSERT INTO "ServiceDelivery__c" VALUES(486,'Jordan Waller 2019-09-27: Grade 1-8 Reading Tutoring','false','2019-09-27','3.0','1','','117','43',NULL);
INSERT INTO "ServiceDelivery__c" VALUES(487,'Jordan Waller 2019-12-06: Grade 1-8 Reading Tutoring','false','2019-12-06','3.0','1','','117','43',NULL);
INSERT INTO "ServiceDelivery__c" VALUES(488,'Jordan Waller 2019-10-11: Grade 1-8 Reading Tutoring','false','2019-10-11','3.0','1','','117','43',NULL);
INSERT INTO "ServiceDelivery__c" VALUES(489,'Jordan Waller 2019-11-08: Grade 1-8 Reading Tutoring','false','2019-11-08','3.0','1','','117','43',NULL);
INSERT INTO "ServiceDelivery__c" VALUES(490,'Jordan Waller 2019-11-22: Grade 1-8 Reading Tutoring','false','2019-11-22','3.0','1','','117','43',NULL);
INSERT INTO "ServiceDelivery__c" VALUES(491,'Jordan Waller 2019-12-13: Grade 1-8 Reading Tutoring','false','2019-12-13','3.0','1','','117','43',NULL);
INSERT INTO "ServiceDelivery__c" VALUES(492,'Jordan Waller 2019-11-01: Grade 1-8 Reading Tutoring','false','2019-11-01','3.0','1','','117','43',NULL);
INSERT INTO "ServiceDelivery__c" VALUES(493,'Jordan Waller 2019-11-15: Grade 1-8 Reading Tutoring','false','2019-11-15','3.0','1','','117','43',NULL);
INSERT INTO "ServiceDelivery__c" VALUES(494,'Jordan Waller 2019-11-29: Grade 1-8 Reading Tutoring','false','2019-11-29','3.0','1','','117','43',NULL);
INSERT INTO "ServiceDelivery__c" VALUES(495,'Jordan Waller 2020-01-10: Grade 1-8 Reading Tutoring','false','2020-01-10','3.0','1','','117','43',NULL);
INSERT INTO "ServiceDelivery__c" VALUES(496,'Jordan Waller 2019-09-13: Grade 1-8 Reading Tutoring','false','2019-09-13','3.0','1','','117','43',NULL);
INSERT INTO "ServiceDelivery__c" VALUES(497,'Jordan Waller 2019-10-25: Grade 1-8 Reading Tutoring','false','2019-10-25','3.0','1','','117','43',NULL);
INSERT INTO "ServiceDelivery__c" VALUES(498,'Jordan Waller 2019-12-20: Grade 1-8 Reading Tutoring','false','2019-12-20','3.0','1','','117','43',NULL);
INSERT INTO "ServiceDelivery__c" VALUES(499,'Marco Escobar 2019-12-06: Grade 1-8 Reading Tutoring','false','2019-12-06','2.0','1','','134','56',NULL);
INSERT INTO "ServiceDelivery__c" VALUES(500,'Marco Escobar 2019-10-04: Grade 1-8 Reading Tutoring','false','2019-10-04','3.0','1','','134','56',NULL);
INSERT INTO "ServiceDelivery__c" VALUES(501,'Marco Escobar 2019-10-11: Grade 1-8 Reading Tutoring','false','2019-10-11','3.0','1','','134','56',NULL);
INSERT INTO "ServiceDelivery__c" VALUES(502,'Marco Escobar 2019-10-25: Grade 1-8 Reading Tutoring','false','2019-10-25','3.0','1','','134','56',NULL);
INSERT INTO "ServiceDelivery__c" VALUES(503,'Marco Escobar 2019-09-20: Grade 1-8 Reading Tutoring','false','2019-09-20','3.0','1','','134','56',NULL);
INSERT INTO "ServiceDelivery__c" VALUES(504,'Marco Escobar 2019-11-01: Grade 1-8 Reading Tutoring','false','2019-11-01','3.0','1','','134','56',NULL);
INSERT INTO "ServiceDelivery__c" VALUES(505,'Marco Escobar 2019-11-22: Grade 1-8 Reading Tutoring','false','2019-11-22','3.0','1','','134','56',NULL);
INSERT INTO "ServiceDelivery__c" VALUES(506,'Marco Escobar 2020-01-10: Grade 1-8 Reading Tutoring','false','2020-01-10','3.0','1','','134','56',NULL);
INSERT INTO "ServiceDelivery__c" VALUES(507,'Marco Escobar 2019-11-15: Grade 1-8 Reading Tutoring','false','2019-11-15','3.0','1','','134','56',NULL);
INSERT INTO "ServiceDelivery__c" VALUES(508,'Marco Escobar 2019-11-29: Grade 1-8 Reading Tutoring','false','2019-11-29','3.0','1','','134','56',NULL);
INSERT INTO "ServiceDelivery__c" VALUES(509,'Marco Escobar 2019-09-27: Grade 1-8 Reading Tutoring','false','2019-09-27','3.0','1','','134','56',NULL);
INSERT INTO "ServiceDelivery__c" VALUES(510,'Marco Escobar 2019-12-13: Grade 1-8 Reading Tutoring','false','2019-12-13','3.0','1','','134','56',NULL);
INSERT INTO "ServiceDelivery__c" VALUES(511,'Marco Escobar 2019-10-18: Grade 1-8 Reading Tutoring','false','2019-10-18','3.0','1','','134','56',NULL);
INSERT INTO "ServiceDelivery__c" VALUES(512,'Marco Escobar 2019-11-08: Grade 1-8 Reading Tutoring','false','2019-11-08','3.0','1','','134','56',NULL);
INSERT INTO "ServiceDelivery__c" VALUES(513,'Marco Escobar 2019-12-20: Grade 1-8 Reading Tutoring','false','2019-12-20','3.0','1','','134','56',NULL);
INSERT INTO "ServiceDelivery__c" VALUES(514,'Semaj Wall 2020-01-07: ESL Classroom Hours','false','2020-01-07','2.0','12','','148','65',NULL);
INSERT INTO "ServiceDelivery__c" VALUES(515,'Semaj Wall 2019-11-26: ESL Classroom Hours','false','2019-11-26','2.0','12','','148','65',NULL);
INSERT INTO "ServiceDelivery__c" VALUES(516,'Semaj Wall 2019-10-03: ESL Classroom Hours','false','2019-10-03','2.0','12','','148','65',NULL);
INSERT INTO "ServiceDelivery__c" VALUES(517,'Semaj Wall 2019-10-10: ESL Classroom Hours','false','2019-10-10','2.0','12','','148','65',NULL);
INSERT INTO "ServiceDelivery__c" VALUES(518,'Semaj Wall 2019-10-24: ESL Classroom Hours','false','2019-10-24','2.0','12','','148','65',NULL);
INSERT INTO "ServiceDelivery__c" VALUES(519,'Lucia Cain 2019-12-13: Financial Literacy Classroom Hours','false','2019-12-13','2.0','13','','13','10',NULL);
INSERT INTO "ServiceDelivery__c" VALUES(520,'Lucia Cain 2019-12-20: Financial Literacy Classroom Hours','false','2019-12-20','2.0','13','','13','10',NULL);
INSERT INTO "ServiceDelivery__c" VALUES(521,'Lucia Cain 2020-01-10: Financial Literacy Classroom Hours','false','2020-01-10','2.0','13','','13','10',NULL);
INSERT INTO "ServiceDelivery__c" VALUES(522,'Lucia Cain 2019-12-06: Financial Literacy Classroom Hours','false','2019-12-06','2.0','13','','13','10',NULL);
INSERT INTO "ServiceDelivery__c" VALUES(523,'Alice Irwin 2019-12-20: Financial Literacy Classroom Hours','false','2019-12-20','2.0','13','','16','11',NULL);
INSERT INTO "ServiceDelivery__c" VALUES(524,'Alice Irwin 2019-12-06: Financial Literacy Classroom Hours','false','2019-12-06','2.0','13','','16','11',NULL);
INSERT INTO "ServiceDelivery__c" VALUES(525,'Alice Irwin 2019-12-13: Financial Literacy Classroom Hours','false','2019-12-13','2.0','13','','16','11',NULL);
INSERT INTO "ServiceDelivery__c" VALUES(526,'Alice Irwin 2020-01-10: Financial Literacy Classroom Hours','false','2020-01-10','2.0','13','','16','11',NULL);
INSERT INTO "ServiceDelivery__c" VALUES(527,'Semaj Wall 2019-12-06: Financial Literacy Classroom Hours','false','2019-12-06','2.0','13','','148','66',NULL);
INSERT INTO "ServiceDelivery__c" VALUES(528,'Semaj Wall 2019-11-15: Financial Literacy Classroom Hours','false','2019-11-15','2.0','13','','148','66',NULL);
INSERT INTO "ServiceDelivery__c" VALUES(529,'Semaj Wall 2019-10-11: Financial Literacy Classroom Hours','false','2019-10-11','2.0','13','','148','66',NULL);
INSERT INTO "ServiceDelivery__c" VALUES(530,'Semaj Wall 2020-01-10: Financial Literacy Classroom Hours','false','2020-01-10','2.0','13','','148','66',NULL);
INSERT INTO "ServiceDelivery__c" VALUES(531,'Semaj Wall 2019-10-25: Financial Literacy Classroom Hours','false','2019-10-25','2.0','13','','148','66',NULL);
INSERT INTO "ServiceDelivery__c" VALUES(532,'Marco Escobar 2019-09-13: Grade 1-8 Reading Tutoring','false','2019-09-13','3.0','1','','134','56',NULL);
INSERT INTO "ServiceDelivery__c" VALUES(533,'Tom Higgins 2019-12-13: Grade 1-8 Reading Tutoring','false','2019-12-13','3.0','1','','161','71',NULL);
INSERT INTO "ServiceDelivery__c" VALUES(534,'Tom Higgins 2019-10-11: Grade 1-8 Reading Tutoring','false','2019-10-11','4.0','1','','161','71',NULL);
INSERT INTO "ServiceDelivery__c" VALUES(535,'Tom Higgins 2019-10-04: Grade 1-8 Reading Tutoring','false','2019-10-04','4.0','1','','161','71',NULL);
INSERT INTO "ServiceDelivery__c" VALUES(536,'Tom Higgins 2019-11-22: Grade 1-8 Reading Tutoring','false','2019-11-22','3.0','1','','161','71',NULL);
INSERT INTO "ServiceDelivery__c" VALUES(537,'Tom Higgins 2019-09-13: Grade 1-8 Reading Tutoring','false','2019-09-13','4.0','1','','161','71',NULL);
INSERT INTO "ServiceDelivery__c" VALUES(538,'Tom Higgins 2019-11-15: Grade 1-8 Reading Tutoring','false','2019-11-15','3.0','1','','161','71',NULL);
INSERT INTO "ServiceDelivery__c" VALUES(539,'Tom Higgins 2019-11-29: Grade 1-8 Reading Tutoring','false','2019-11-29','3.0','1','','161','71',NULL);
INSERT INTO "ServiceDelivery__c" VALUES(540,'Tom Higgins 2020-01-10: Grade 1-8 Reading Tutoring','false','2020-01-10','3.0','1','','161','71',NULL);
INSERT INTO "ServiceDelivery__c" VALUES(541,'Tom Higgins 2019-10-18: Grade 1-8 Reading Tutoring','false','2019-10-18','1.0','1','','161','71',NULL);
INSERT INTO "ServiceDelivery__c" VALUES(542,'Tom Higgins 2019-10-25: Grade 1-8 Reading Tutoring','false','2019-10-25','3.0','1','','161','71',NULL);
INSERT INTO "ServiceDelivery__c" VALUES(543,'Tom Higgins 2019-09-27: Grade 1-8 Reading Tutoring','false','2019-09-27','4.0','1','','161','71',NULL);
INSERT INTO "ServiceDelivery__c" VALUES(544,'Tom Higgins 2019-12-20: Grade 1-8 Reading Tutoring','false','2019-12-20','2.0','1','','161','71',NULL);
INSERT INTO "ServiceDelivery__c" VALUES(545,'Tom Higgins 2019-11-01: Grade 1-8 Reading Tutoring','false','2019-11-01','3.0','1','','161','71',NULL);
INSERT INTO "ServiceDelivery__c" VALUES(546,'Tom Higgins 2019-12-06: Grade 1-8 Reading Tutoring','false','2019-12-06','3.0','1','','161','71',NULL);
INSERT INTO "ServiceDelivery__c" VALUES(547,'Tom Higgins 2019-11-08: Grade 1-8 Reading Tutoring','false','2019-11-08','3.0','1','','161','71',NULL);
INSERT INTO "ServiceDelivery__c" VALUES(548,'Tom Higgins 2019-09-20: Grade 1-8 Reading Tutoring','false','2019-09-20','4.0','1','','161','71',NULL);
INSERT INTO "ServiceDelivery__c" VALUES(549,'Arlene Baker 2019-10-11: Job Interviews completed','false','2019-10-11','1.0','2','','69','74',NULL);
INSERT INTO "ServiceDelivery__c" VALUES(550,'Arlene Baker 2019-10-15: Job Interviews completed','false','2019-10-15','2.0','2','','69','74',NULL);
INSERT INTO "ServiceDelivery__c" VALUES(551,'Gary Wood 2019-10-02: Financial Advisor Sessions','false','2019-10-02','0.5','3','','23','16',NULL);
INSERT INTO "ServiceDelivery__c" VALUES(552,'Gary Wood 2019-11-04: Financial Advisor Sessions','false','2019-11-04','0.5','3','','23','16',NULL);
INSERT INTO "ServiceDelivery__c" VALUES(553,'Gary Wood - Financial Advisor Sessions','true','2020-01-02','0.5','3','','23','16',NULL);
INSERT INTO "ServiceDelivery__c" VALUES(554,'Gary Wood - Financial Advisor Sessions','true','2019-12-03','0.5','3','','23','16',NULL);
INSERT INTO "ServiceDelivery__c" VALUES(555,'Gary Wood - Financial Advisor Sessions','true','2020-01-02','0.5','3','','23','16',NULL);
INSERT INTO "ServiceDelivery__c" VALUES(556,'Arlene Baker 2019-09-05: Financial Advisor Sessions','false','2019-09-05','0.5','3','','69','74',NULL);
INSERT INTO "ServiceDelivery__c" VALUES(557,'Arlene Baker 2019-12-04: Financial Advisor Sessions','false','2019-12-04','0.5','3','','69','74',NULL);
INSERT INTO "ServiceDelivery__c" VALUES(558,'Arlene Baker 2019-10-07: Financial Advisor Sessions','false','2019-10-07','0.5','3','','69','74',NULL);
INSERT INTO "ServiceDelivery__c" VALUES(559,'Arlene Baker 2019-11-05: Financial Advisor Sessions','false','2019-11-05','0.5','3','','69','74',NULL);
INSERT INTO "ServiceDelivery__c" VALUES(560,'Semaj Wall 2019-09-13: Financial Literacy Classroom Hours','false','2019-09-13','2.0','13','','148','66',NULL);
INSERT INTO "ServiceDelivery__c" VALUES(561,'Semaj Wall 2019-12-13: Financial Literacy Classroom Hours','false','2019-12-13','2.0','13','','148','66',NULL);
INSERT INTO "ServiceDelivery__c" VALUES(562,'Semaj Wall 2019-09-20: Financial Literacy Classroom Hours','false','2019-09-20','2.0','13','','148','66',NULL);
INSERT INTO "ServiceDelivery__c" VALUES(563,'Semaj Wall 2019-11-01: Financial Literacy Classroom Hours','false','2019-11-01','2.0','13','','148','66',NULL);
INSERT INTO "ServiceDelivery__c" VALUES(564,'Semaj Wall 2019-09-27: Financial Literacy Classroom Hours','false','2019-09-27','2.0','13','','148','66',NULL);
INSERT INTO "ServiceDelivery__c" VALUES(565,'Semaj Wall 2019-11-08: Financial Literacy Classroom Hours','false','2019-11-08','2.0','13','','148','66',NULL);
INSERT INTO "ServiceDelivery__c" VALUES(566,'Semaj Wall 2019-11-22: Financial Literacy Classroom Hours','false','2019-11-22','2.0','13','','148','66',NULL);
INSERT INTO "ServiceDelivery__c" VALUES(567,'Semaj Wall 2019-12-20: Financial Literacy Classroom Hours','false','2019-12-20','2.0','13','','148','66',NULL);
INSERT INTO "ServiceDelivery__c" VALUES(568,'Semaj Wall 2019-10-04: Financial Literacy Classroom Hours','false','2019-10-04','2.0','13','','148','66',NULL);
INSERT INTO "ServiceDelivery__c" VALUES(569,'Semaj Wall 2019-10-18: Financial Literacy Classroom Hours','false','2019-10-18','2.0','13','','148','66',NULL);
INSERT INTO "ServiceDelivery__c" VALUES(570,'Frankie Waller 2020-01-10: Financial Literacy Classroom Hours','false','2020-01-10','2.0','13','','149','67',NULL);
INSERT INTO "ServiceDelivery__c" VALUES(571,'Jason Barnes 2019-10-04: Financial Literacy Classroom Hours','false','2019-10-04','2.0','13','','74','77',NULL);
INSERT INTO "ServiceDelivery__c" VALUES(572,'Jason Barnes 2019-09-27: Financial Literacy Classroom Hours','false','2019-09-27','2.0','13','','74','77',NULL);
INSERT INTO "ServiceDelivery__c" VALUES(573,'Jason Barnes 2019-11-08: Financial Literacy Classroom Hours','false','2019-11-08','2.0','13','','74','77',NULL);
INSERT INTO "ServiceDelivery__c" VALUES(574,'Jason Barnes 2019-11-15: Financial Literacy Classroom Hours','false','2019-11-15','2.0','13','','74','77',NULL);
INSERT INTO "ServiceDelivery__c" VALUES(575,'Jason Barnes 2019-11-29: Financial Literacy Classroom Hours','false','2019-11-29','2.0','13','','74','77',NULL);
INSERT INTO "ServiceDelivery__c" VALUES(576,'Jason Barnes 2020-01-10: Financial Literacy Classroom Hours','false','2020-01-10','2.0','13','','74','77',NULL);
INSERT INTO "ServiceDelivery__c" VALUES(577,'Jason Barnes 2019-11-01: Financial Literacy Classroom Hours','false','2019-11-01','2.0','13','','74','77',NULL);
INSERT INTO "ServiceDelivery__c" VALUES(578,'Jason Barnes 2019-12-20: Financial Literacy Classroom Hours','false','2019-12-20','2.0','13','','74','77',NULL);
INSERT INTO "ServiceDelivery__c" VALUES(579,'Jason Barnes 2019-11-22: Financial Literacy Classroom Hours','false','2019-11-22','2.0','13','','74','77',NULL);
INSERT INTO "ServiceDelivery__c" VALUES(580,'Jason Barnes 2019-12-06: Financial Literacy Classroom Hours','false','2019-12-06','2.0','13','','74','77',NULL);
INSERT INTO "ServiceDelivery__c" VALUES(581,'Jason Barnes 2019-10-25: Financial Literacy Classroom Hours','false','2019-10-25','2.0','13','','74','77',NULL);
INSERT INTO "ServiceDelivery__c" VALUES(582,'Jason Barnes 2019-09-13: Financial Literacy Classroom Hours','false','2019-09-13','2.0','13','','74','77',NULL);
INSERT INTO "ServiceDelivery__c" VALUES(583,'Jason Barnes 2019-10-11: Financial Literacy Classroom Hours','false','2019-10-11','2.0','13','','74','77',NULL);
INSERT INTO "ServiceDelivery__c" VALUES(584,'Jason Barnes 2019-09-20: Financial Literacy Classroom Hours','false','2019-09-20','2.0','13','','74','77',NULL);
INSERT INTO "ServiceDelivery__c" VALUES(585,'Jason Barnes 2019-12-13: Financial Literacy Classroom Hours','false','2019-12-13','2.0','13','','74','77',NULL);
INSERT INTO "ServiceDelivery__c" VALUES(586,'Naima Crawford 2019-12-11: Subsidized Lunch','false','2019-12-11','1.0','14','','1','6',NULL);
INSERT INTO "ServiceDelivery__c" VALUES(587,'Naima Crawford 2019-12-05: Subsidized Lunch','false','2019-12-05','1.0','14','','1','6',NULL);
CREATE TABLE "Service__c" (
	id INTEGER NOT NULL, 
	"Name" VARCHAR(255), 
	"Description__c" VARCHAR(255), 
	"Status__c" VARCHAR(255), 
	"UnitOfMeasurement__c" VARCHAR(255), 
	"Program__c" VARCHAR(255), 
	record_type VARCHAR(255), 
	PRIMARY KEY (id)
);
INSERT INTO "Service__c" VALUES(1,'Grade 1-8 Reading Tutoring','Grade 1-8 Reading Tutoring','Active','Hours','1',NULL);
INSERT INTO "Service__c" VALUES(2,'Job Interviews completed','','Active','Completed Interviews','2',NULL);
INSERT INTO "Service__c" VALUES(3,'Financial Advisor Sessions','','Active','Hours','2',NULL);
INSERT INTO "Service__c" VALUES(4,'Job Readiness Coaching','','Active','Hours','2',NULL);
INSERT INTO "Service__c" VALUES(5,'After School Activities','Indoor/Outdoor After-School Activities','Active','Sessions','3',NULL);
INSERT INTO "Service__c" VALUES(6,'Middle School STEM Classroom Hours','','Active','Hours','4',NULL);
INSERT INTO "Service__c" VALUES(7,'STEM Field Trips','','Active','Field Trips','4',NULL);
INSERT INTO "Service__c" VALUES(8,'Town Hall Meeting, 1/8/2020','','Active','Attendees','5',NULL);
INSERT INTO "Service__c" VALUES(9,'Letter writing campaign to Council Members','','Active','Letters','5',NULL);
INSERT INTO "Service__c" VALUES(10,'12 Step Recovery Program','12 Step Recovery Program','Active','Session','6',NULL);
INSERT INTO "Service__c" VALUES(11,'Monthly Rent Subsidy','Monthly Rent Subsidy - sliding scale','Active','Dollars','7',NULL);
INSERT INTO "Service__c" VALUES(12,'ESL Classroom Hours','ESL Classroom Hours','Active','Hours','8',NULL);
INSERT INTO "Service__c" VALUES(13,'Financial Literacy Classroom Hours','Financial Literacy Classroom Hours','Active','Hours','9',NULL);
INSERT INTO "Service__c" VALUES(14,'Subsidized Lunch','','Active','Lunches','10',NULL);
CREATE TABLE "npe4__Relationship__c" (
	id INTEGER NOT NULL, 
	"npe4__SYSTEM_SystemCreated__c" VARCHAR(255), 
	"npe4__Description__c" VARCHAR(255), 
	"npe4__Status__c" VARCHAR(255), 
	"npe4__Type__c" VARCHAR(255), 
	"npsp__Related_Opportunity_Contact_Role__c" VARCHAR(255), 
	"npe4__Contact__c" VARCHAR(255), 
	"npe4__RelatedContact__c" VARCHAR(255), 
	"npe4__ReciprocalRelationship__c" VARCHAR(255), 
	record_type VARCHAR(255), 
	PRIMARY KEY (id)
);
INSERT INTO "npe4__Relationship__c" VALUES(1,'true','','Current','Spouse','','165','167','6',NULL);
INSERT INTO "npe4__Relationship__c" VALUES(2,'true','','Current','Spouse','','165','167','5',NULL);
INSERT INTO "npe4__Relationship__c" VALUES(3,'true','','Current','Parent','','166','167','8',NULL);
INSERT INTO "npe4__Relationship__c" VALUES(4,'true','','Current','Parent','','166','167','7',NULL);
INSERT INTO "npe4__Relationship__c" VALUES(5,'false','','Current','Husband','','167','165','2',NULL);
INSERT INTO "npe4__Relationship__c" VALUES(6,'true','','Current','Spouse','','167','165','1',NULL);
INSERT INTO "npe4__Relationship__c" VALUES(7,'false','','Current','Daughter','','167','166','4',NULL);
INSERT INTO "npe4__Relationship__c" VALUES(8,'true','','Current','Child','','167','166','3',NULL);
INSERT INTO "npe4__Relationship__c" VALUES(9,'false','','Current','Mother','','161','162','12',NULL);
INSERT INTO "npe4__Relationship__c" VALUES(10,'true','','Current','Parent','','161','162','11',NULL);
INSERT INTO "npe4__Relationship__c" VALUES(11,'true','','Current','Son','','162','161','10',NULL);
INSERT INTO "npe4__Relationship__c" VALUES(12,'true','','Current','Child','','162','161','9',NULL);
INSERT INTO "npe4__Relationship__c" VALUES(13,'true','Arthur is Arlene''s recently deceased father.','Current','Child','','68','69','16',NULL);
INSERT INTO "npe4__Relationship__c" VALUES(14,'true','Arthur is Arlene''s recently deceased father.','Current','Child','','68','69','15',NULL);
INSERT INTO "npe4__Relationship__c" VALUES(15,'false','Arthur is Arlene''s recently deceased father.','Current','Father','Tribute','69','68','14',NULL);
INSERT INTO "npe4__Relationship__c" VALUES(16,'true','Arthur is Arlene''s recently deceased father.','Current','Parent','','69','68','13',NULL);
INSERT INTO "npe4__Relationship__c" VALUES(17,'true','','Current','Son','','72','74','22',NULL);
INSERT INTO "npe4__Relationship__c" VALUES(18,'true','','Current','Child','','72','74','21',NULL);
INSERT INTO "npe4__Relationship__c" VALUES(19,'true','','Current','Son','','73','74','24',NULL);
INSERT INTO "npe4__Relationship__c" VALUES(20,'true','','Current','Child','','73','74','23',NULL);
INSERT INTO "npe4__Relationship__c" VALUES(21,'false','','Current','Mother','','74','72','18',NULL);
INSERT INTO "npe4__Relationship__c" VALUES(22,'true','','Current','Parent','','74','72','17',NULL);
INSERT INTO "npe4__Relationship__c" VALUES(23,'false','','Current','Father','','74','73','20',NULL);
INSERT INTO "npe4__Relationship__c" VALUES(24,'true','','Current','Parent','','74','73','19',NULL);
COMMIT;
