BEGIN TRANSACTION;
CREATE TABLE "Account__HH_Account" (
	id INTEGER NOT NULL, 
	"Name" VARCHAR(255), 
	record_type VARCHAR(255), 
	PRIMARY KEY (id)
);
INSERT INTO "Account__HH_Account" VALUES(1,'Osborn Household','HH_Account');
INSERT INTO "Account__HH_Account" VALUES(2,'Pearson Household','HH_Account');
INSERT INTO "Account__HH_Account" VALUES(3,'Branch Household','HH_Account');
INSERT INTO "Account__HH_Account" VALUES(4,'Bates Household','HH_Account');
INSERT INTO "Account__HH_Account" VALUES(5,'Rodgers Household','HH_Account');
INSERT INTO "Account__HH_Account" VALUES(6,'Mcclure Household','HH_Account');
INSERT INTO "Account__HH_Account" VALUES(7,'Huynh Household','HH_Account');
INSERT INTO "Account__HH_Account" VALUES(8,'Gonzalez Household','HH_Account');
INSERT INTO "Account__HH_Account" VALUES(9,'Singleton Household','HH_Account');
INSERT INTO "Account__HH_Account" VALUES(10,'Woodard Household','HH_Account');
INSERT INTO "Account__HH_Account" VALUES(11,'Gibson Household','HH_Account');
INSERT INTO "Account__HH_Account" VALUES(12,'Duarte Household','HH_Account');
INSERT INTO "Account__HH_Account" VALUES(13,'Huerta Household','HH_Account');
INSERT INTO "Account__HH_Account" VALUES(14,'Hernandez Household','HH_Account');
INSERT INTO "Account__HH_Account" VALUES(15,'Villegas Household','HH_Account');
INSERT INTO "Account__HH_Account" VALUES(16,'Velasquez Household','HH_Account');
INSERT INTO "Account__HH_Account" VALUES(17,'Hardin Household','HH_Account');
INSERT INTO "Account__HH_Account" VALUES(18,'Olson Household','HH_Account');
INSERT INTO "Account__HH_Account" VALUES(19,'Orr Household','HH_Account');
INSERT INTO "Account__HH_Account" VALUES(20,'Salinas Household','HH_Account');
INSERT INTO "Account__HH_Account" VALUES(21,'Bullock Household','HH_Account');
INSERT INTO "Account__HH_Account" VALUES(22,'Solomon Household','HH_Account');
INSERT INTO "Account__HH_Account" VALUES(23,'Higgins Household','HH_Account');
INSERT INTO "Account__HH_Account" VALUES(24,'Adams Household','HH_Account');
INSERT INTO "Account__HH_Account" VALUES(25,'Baker Household','HH_Account');
INSERT INTO "Account__HH_Account" VALUES(26,'Banks and Graham Household','HH_Account');
INSERT INTO "Account__HH_Account" VALUES(27,'Barnes Household','HH_Account');
INSERT INTO "Account__HH_Account" VALUES(28,'Boyd Household','HH_Account');
INSERT INTO "Account__HH_Account" VALUES(29,'Burke Household','HH_Account');
INSERT INTO "Account__HH_Account" VALUES(30,'Henderson Household','HH_Account');
INSERT INTO "Account__HH_Account" VALUES(31,'Hill Household','HH_Account');
INSERT INTO "Account__HH_Account" VALUES(32,'Holmes Household','HH_Account');
INSERT INTO "Account__HH_Account" VALUES(33,'Jenkins Household','HH_Account');
INSERT INTO "Account__HH_Account" VALUES(34,'Johnson Household','HH_Account');
INSERT INTO "Account__HH_Account" VALUES(35,'Burgess Household','HH_Account');
INSERT INTO "Account__HH_Account" VALUES(36,'Bass Household','HH_Account');
INSERT INTO "Account__HH_Account" VALUES(37,'Bishop Household','HH_Account');
INSERT INTO "Account__HH_Account" VALUES(38,'Cisneros Household','HH_Account');
INSERT INTO "Account__HH_Account" VALUES(39,'Owen Household','HH_Account');
INSERT INTO "Account__HH_Account" VALUES(40,'Kerr Household','HH_Account');
INSERT INTO "Account__HH_Account" VALUES(41,'Crawford Household','HH_Account');
INSERT INTO "Account__HH_Account" VALUES(42,'Eaton Household','HH_Account');
INSERT INTO "Account__HH_Account" VALUES(43,'Rasmussen Household','HH_Account');
INSERT INTO "Account__HH_Account" VALUES(44,'Campos Household','HH_Account');
INSERT INTO "Account__HH_Account" VALUES(45,'Bond Household','HH_Account');
INSERT INTO "Account__HH_Account" VALUES(46,'Myers Household','HH_Account');
INSERT INTO "Account__HH_Account" VALUES(47,'Stanton Household','HH_Account');
INSERT INTO "Account__HH_Account" VALUES(48,'Woods Household','HH_Account');
INSERT INTO "Account__HH_Account" VALUES(49,'Spence Household','HH_Account');
INSERT INTO "Account__HH_Account" VALUES(50,'Clayton Household','HH_Account');
INSERT INTO "Account__HH_Account" VALUES(51,'Richard Household','HH_Account');
INSERT INTO "Account__HH_Account" VALUES(52,'Waller Household','HH_Account');
INSERT INTO "Account__HH_Account" VALUES(53,'Hampton Household','HH_Account');
INSERT INTO "Account__HH_Account" VALUES(54,'Neal Household','HH_Account');
INSERT INTO "Account__HH_Account" VALUES(55,'Gentry Household','HH_Account');
INSERT INTO "Account__HH_Account" VALUES(56,'Barr Household','HH_Account');
INSERT INTO "Account__HH_Account" VALUES(57,'Pham Household','HH_Account');
INSERT INTO "Account__HH_Account" VALUES(58,'Cooley Household','HH_Account');
INSERT INTO "Account__HH_Account" VALUES(59,'Zimmerman Household','HH_Account');
INSERT INTO "Account__HH_Account" VALUES(60,'Wheeler Household','HH_Account');
INSERT INTO "Account__HH_Account" VALUES(61,'Beltran Household','HH_Account');
INSERT INTO "Account__HH_Account" VALUES(62,'Bird Household','HH_Account');
INSERT INTO "Account__HH_Account" VALUES(63,'Duffy Household','HH_Account');
INSERT INTO "Account__HH_Account" VALUES(64,'Woods Household','HH_Account');
INSERT INTO "Account__HH_Account" VALUES(65,'Richards Household','HH_Account');
INSERT INTO "Account__HH_Account" VALUES(66,'Valdez Household','HH_Account');
INSERT INTO "Account__HH_Account" VALUES(67,'Mills Household','HH_Account');
INSERT INTO "Account__HH_Account" VALUES(68,'Greene Household','HH_Account');
INSERT INTO "Account__HH_Account" VALUES(69,'Escobar Household','HH_Account');
INSERT INTO "Account__HH_Account" VALUES(70,'Gross Household','HH_Account');
INSERT INTO "Account__HH_Account" VALUES(71,'Guerrero Household','HH_Account');
INSERT INTO "Account__HH_Account" VALUES(72,'Ritter Household','HH_Account');
INSERT INTO "Account__HH_Account" VALUES(73,'Sims Household','HH_Account');
INSERT INTO "Account__HH_Account" VALUES(74,'Huffman Household','HH_Account');
INSERT INTO "Account__HH_Account" VALUES(75,'Hall Household','HH_Account');
INSERT INTO "Account__HH_Account" VALUES(76,'Barker Household','HH_Account');
INSERT INTO "Account__HH_Account" VALUES(77,'Glass Household','HH_Account');
INSERT INTO "Account__HH_Account" VALUES(78,'Ibarra Household','HH_Account');
INSERT INTO "Account__HH_Account" VALUES(79,'Morgan Household','HH_Account');
INSERT INTO "Account__HH_Account" VALUES(80,'Bowers Household','HH_Account');
INSERT INTO "Account__HH_Account" VALUES(81,'Odom Household','HH_Account');
INSERT INTO "Account__HH_Account" VALUES(82,'Flores Household','HH_Account');
INSERT INTO "Account__HH_Account" VALUES(83,'Wall Household','HH_Account');
INSERT INTO "Account__HH_Account" VALUES(84,'Waller Household','HH_Account');
INSERT INTO "Account__HH_Account" VALUES(85,'Bray Household','HH_Account');
INSERT INTO "Account__HH_Account" VALUES(86,'Conner Household','HH_Account');
INSERT INTO "Account__HH_Account" VALUES(87,'Harper Household','HH_Account');
INSERT INTO "Account__HH_Account" VALUES(88,'Aguilar Household','HH_Account');
INSERT INTO "Account__HH_Account" VALUES(89,'Cummings Household','HH_Account');
INSERT INTO "Account__HH_Account" VALUES(90,'Cardenas Household','HH_Account');
INSERT INTO "Account__HH_Account" VALUES(91,'Webster Household','HH_Account');
INSERT INTO "Account__HH_Account" VALUES(92,'Costa Household','HH_Account');
INSERT INTO "Account__HH_Account" VALUES(93,'Humphrey Household','HH_Account');
INSERT INTO "Account__HH_Account" VALUES(94,'Cain Household','HH_Account');
INSERT INTO "Account__HH_Account" VALUES(95,'Dunlap Household','HH_Account');
INSERT INTO "Account__HH_Account" VALUES(96,'Blackwell Household','HH_Account');
INSERT INTO "Account__HH_Account" VALUES(97,'Irwin Household','HH_Account');
INSERT INTO "Account__HH_Account" VALUES(98,'Hughes Household','HH_Account');
INSERT INTO "Account__HH_Account" VALUES(99,'Wells Household','HH_Account');
INSERT INTO "Account__HH_Account" VALUES(100,'Davila Household','HH_Account');
INSERT INTO "Account__HH_Account" VALUES(101,'Barnett Household','HH_Account');
INSERT INTO "Account__HH_Account" VALUES(102,'Norman Household','HH_Account');
INSERT INTO "Account__HH_Account" VALUES(103,'Snow Household','HH_Account');
INSERT INTO "Account__HH_Account" VALUES(104,'Wood Household','HH_Account');
INSERT INTO "Account__HH_Account" VALUES(105,'Norton Household','HH_Account');
INSERT INTO "Account__HH_Account" VALUES(106,'Morgan Household','HH_Account');
INSERT INTO "Account__HH_Account" VALUES(107,'Decker Household','HH_Account');
INSERT INTO "Account__HH_Account" VALUES(108,'Lambert Household','HH_Account');
INSERT INTO "Account__HH_Account" VALUES(109,'Barry Household','HH_Account');
INSERT INTO "Account__HH_Account" VALUES(110,'Oneill Household','HH_Account');
INSERT INTO "Account__HH_Account" VALUES(111,'Cooley Household','HH_Account');
INSERT INTO "Account__HH_Account" VALUES(112,'Leach Household','HH_Account');
INSERT INTO "Account__HH_Account" VALUES(113,'Pacheco Household','HH_Account');
INSERT INTO "Account__HH_Account" VALUES(114,'Rivers Household','HH_Account');
INSERT INTO "Account__HH_Account" VALUES(115,'Griffith Household','HH_Account');
INSERT INTO "Account__HH_Account" VALUES(116,'Glenn Household','HH_Account');
INSERT INTO "Account__HH_Account" VALUES(117,'Francis Household','HH_Account');
INSERT INTO "Account__HH_Account" VALUES(118,'Rhodes Household','HH_Account');
INSERT INTO "Account__HH_Account" VALUES(119,'White Household','HH_Account');
INSERT INTO "Account__HH_Account" VALUES(120,'Lang Household','HH_Account');
INSERT INTO "Account__HH_Account" VALUES(121,'Ramirez Household','HH_Account');
INSERT INTO "Account__HH_Account" VALUES(122,'Serrano Household','HH_Account');
INSERT INTO "Account__HH_Account" VALUES(123,'Galloway Household','HH_Account');
INSERT INTO "Account__HH_Account" VALUES(124,'Clark Household','HH_Account');
INSERT INTO "Account__HH_Account" VALUES(125,'Gonzales Household','HH_Account');
INSERT INTO "Account__HH_Account" VALUES(126,'Cobb Household','HH_Account');
INSERT INTO "Account__HH_Account" VALUES(127,'Shah Household','HH_Account');
INSERT INTO "Account__HH_Account" VALUES(128,'Arroyo Household','HH_Account');
INSERT INTO "Account__HH_Account" VALUES(129,'Booker Household','HH_Account');
INSERT INTO "Account__HH_Account" VALUES(130,'Mercer Household','HH_Account');
INSERT INTO "Account__HH_Account" VALUES(131,'Horton Household','HH_Account');
INSERT INTO "Account__HH_Account" VALUES(132,'Rios Household','HH_Account');
INSERT INTO "Account__HH_Account" VALUES(133,'Craig Household','HH_Account');
INSERT INTO "Account__HH_Account" VALUES(134,'Oliver Household','HH_Account');
INSERT INTO "Account__HH_Account" VALUES(135,'Montgomery Household','HH_Account');
INSERT INTO "Account__HH_Account" VALUES(136,'Cooke Household','HH_Account');
INSERT INTO "Account__HH_Account" VALUES(137,'Morrison Household','HH_Account');
INSERT INTO "Account__HH_Account" VALUES(138,'Bright Household','HH_Account');
INSERT INTO "Account__HH_Account" VALUES(139,'Atkins Household','HH_Account');
INSERT INTO "Account__HH_Account" VALUES(140,'Woods Household','HH_Account');
INSERT INTO "Account__HH_Account" VALUES(141,'Stanley Household','HH_Account');
INSERT INTO "Account__HH_Account" VALUES(142,'Fischer Household','HH_Account');
INSERT INTO "Account__HH_Account" VALUES(143,'Kline Household','HH_Account');
INSERT INTO "Account__HH_Account" VALUES(144,'Joyce Household','HH_Account');
INSERT INTO "Account__HH_Account" VALUES(145,'Case Household','HH_Account');
INSERT INTO "Account__HH_Account" VALUES(146,'Graves Household','HH_Account');
INSERT INTO "Account__HH_Account" VALUES(147,'Wu Household','HH_Account');
INSERT INTO "Account__HH_Account" VALUES(148,'Grant Household','HH_Account');
INSERT INTO "Account__HH_Account" VALUES(149,'Rojas Household','HH_Account');
INSERT INTO "Account__HH_Account" VALUES(150,'Chase Household','HH_Account');
INSERT INTO "Account__HH_Account" VALUES(151,'Holder Household','HH_Account');
INSERT INTO "Account__HH_Account" VALUES(152,'Pollard Household','HH_Account');
INSERT INTO "Account__HH_Account" VALUES(153,'Quinn Household','HH_Account');
INSERT INTO "Account__HH_Account" VALUES(154,'Wilkinson Household','HH_Account');
INSERT INTO "Account__HH_Account" VALUES(155,'Keller Household','HH_Account');
INSERT INTO "Account__HH_Account" VALUES(156,'Ellis Household','HH_Account');
INSERT INTO "Account__HH_Account" VALUES(157,'Neal Household','HH_Account');
INSERT INTO "Account__HH_Account" VALUES(158,'Mcconnell Household','HH_Account');
INSERT INTO "Account__HH_Account" VALUES(159,'Arellano Household','HH_Account');
INSERT INTO "Account__HH_Account" VALUES(160,'Glover Household','HH_Account');
INSERT INTO "Account__HH_Account" VALUES(161,'Lutz Household','HH_Account');
INSERT INTO "Account__HH_Account" VALUES(162,'Graves Household','HH_Account');
INSERT INTO "Account__HH_Account" VALUES(163,'Carson Household','HH_Account');
INSERT INTO "Account__HH_Account" VALUES(164,'Fletcher Household','HH_Account');
INSERT INTO "Account__HH_Account" VALUES(165,'Hernandez Household','HH_Account');
CREATE TABLE "Account__Organization" (
	id INTEGER NOT NULL, 
	"Name" VARCHAR(255), 
	record_type VARCHAR(255), 
	PRIMARY KEY (id)
);
INSERT INTO "Account__Organization" VALUES(1,'Marble Foundation','Organization');
INSERT INTO "Account__Organization" VALUES(2,'Future Potential Fund','Organization');
INSERT INTO "Account__Organization" VALUES(3,'City Department of Human Services','Organization');
CREATE TABLE "Contact" (
	id INTEGER NOT NULL, 
	"FirstName" VARCHAR(255), 
	"LastName" VARCHAR(255), 
	"Email" VARCHAR(255), 
	"npsp__Deceased__c" VARCHAR(255), 
	"npsp__Do_Not_Contact__c" VARCHAR(255), 
	"npsp__Exclude_from_Household_Formal_Greeting__c" VARCHAR(255), 
	"npsp__Exclude_from_Household_Informal_Greeting__c" VARCHAR(255), 
	"npsp__Exclude_from_Household_Name__c" VARCHAR(255), 
	"npsp__First_Soft_Credit_Amount__c" VARCHAR(255), 
	"npsp__First_Soft_Credit_Date__c" VARCHAR(255), 
	"npsp__is_Address_Override__c" VARCHAR(255), 
	"npsp__Largest_Soft_Credit_Amount__c" VARCHAR(255), 
	"npsp__Largest_Soft_Credit_Date__c" VARCHAR(255), 
	"npsp__Last_Soft_Credit_Amount__c" VARCHAR(255), 
	"npsp__Last_Soft_Credit_Date__c" VARCHAR(255), 
	"npsp__Number_of_Soft_Credits__c" VARCHAR(255), 
	"npsp__Number_of_Soft_Credits_Last_N_Days__c" VARCHAR(255), 
	"npsp__Number_of_Soft_Credits_Last_Year__c" VARCHAR(255), 
	"npsp__Number_of_Soft_Credits_This_Year__c" VARCHAR(255), 
	"npsp__Number_of_Soft_Credits_Two_Years_Ago__c" VARCHAR(255), 
	"npsp__Soft_Credit_Last_N_Days__c" VARCHAR(255), 
	PRIMARY KEY (id)
);
INSERT INTO "Contact" VALUES(1,'Dalia','Osborn','daliaosborn@example.com','false','false','false','false','false','','','false','','','','','','','','','','0.0');
INSERT INTO "Contact" VALUES(2,'Laura','Woodard','laurawoodard@example.com','false','false','false','false','false','','','false','','','','','','','','','','0.0');
INSERT INTO "Contact" VALUES(3,'Simon','Davila','simondavila@example.com','false','false','false','false','false','','','false','','','','','','','','','','0.0');
INSERT INTO "Contact" VALUES(4,'Jamarcus','Barnett','jamarcusbarnett@example.com','false','false','false','false','false','','','false','','','','','','','','','','0.0');
INSERT INTO "Contact" VALUES(5,'Adrianna','Norman','adriannanorman@example.com','false','false','false','false','false','','','false','','','','','','','','','','0.0');
INSERT INTO "Contact" VALUES(6,'Donna','Snow','donnasnow@example.com','false','false','false','false','false','','','false','','','','','','','','','','0.0');
INSERT INTO "Contact" VALUES(7,'Gary','Wood','garywood@example.com','false','false','false','false','false','','','false','','','','','','','','','','0.0');
INSERT INTO "Contact" VALUES(8,'Reagan','Norton','reagannorton@example.com','false','false','false','false','false','','','false','','','','','','','','','','0.0');
INSERT INTO "Contact" VALUES(9,'Jaylin','Morgan','jaylinmorgan@example.com','false','false','false','false','false','','','false','','','','','','','','','','0.0');
INSERT INTO "Contact" VALUES(10,'Mira','Decker','miradecker@example.com','false','false','false','false','false','','','false','','','','','','','','','','0.0');
INSERT INTO "Contact" VALUES(11,'Maya','Lambert','mayalambert@example.com','false','false','false','false','false','','','false','','','','','','','','','','0.0');
INSERT INTO "Contact" VALUES(12,'Finley','Barry','finleybarry@example.com','false','false','false','false','false','','','false','','','','','','','','','','0.0');
INSERT INTO "Contact" VALUES(13,'Shane','Gibson','shanegibson@example.com','false','false','false','false','false','','','false','','','','','','','','','','0.0');
INSERT INTO "Contact" VALUES(14,'Ben','Oneill','benoneill@example.com','false','false','false','false','false','','','false','','','','','','','','','','0.0');
INSERT INTO "Contact" VALUES(15,'Maia','Cooley','maiacooley@example.com','false','false','false','false','false','','','false','','','','','','','','','','0.0');
INSERT INTO "Contact" VALUES(16,'Olive','Leach','oliveleach@example.com','false','false','false','false','false','','','false','','','','','','','','','','0.0');
INSERT INTO "Contact" VALUES(17,'Oswaldo','Pacheco','oswaldopacheco@example.com','false','false','false','false','false','','','false','','','','','','','','','','0.0');
INSERT INTO "Contact" VALUES(18,'Nico','Rivers','nicorivers@example.com','false','false','false','false','false','','','false','','','','','','','','','','0.0');
INSERT INTO "Contact" VALUES(19,'Tiara','Griffith','tiaragriffith@example.com','false','false','false','false','false','','','false','','','','','','','','','','0.0');
INSERT INTO "Contact" VALUES(20,'Declan','Glenn','declanglenn@example.com','false','false','false','false','false','','','false','','','','','','','','','','0.0');
INSERT INTO "Contact" VALUES(21,'Madalyn','Francis','madalynfrancis@example.com','false','false','false','false','false','','','false','','','','','','','','','','0.0');
INSERT INTO "Contact" VALUES(22,'Mathew','Rhodes','mathewrhodes@example.com','false','false','false','false','false','','','false','','','','','','','','','','0.0');
INSERT INTO "Contact" VALUES(23,'Eli','White','eliwhite@example.com','false','false','false','false','false','','','false','','','','','','','','','','0.0');
INSERT INTO "Contact" VALUES(24,'Alia','Duarte','aliaduarte@example.com','false','false','false','false','false','','','false','','','','','','','','','','0.0');
INSERT INTO "Contact" VALUES(25,'Tatiana','Lang','tatianalang@example.com','false','false','false','false','false','','','false','','','','','','','','','','0.0');
INSERT INTO "Contact" VALUES(26,'Gia','Ramirez','giaramirez@example.com','false','false','false','false','false','','','false','','','','','','','','','','0.0');
INSERT INTO "Contact" VALUES(27,'Alejandro','Serrano','alejandroserrano@example.com','false','false','false','false','false','','','false','','','','','','','','','','0.0');
INSERT INTO "Contact" VALUES(28,'Mya','Galloway','myagalloway@example.com','false','false','false','false','false','','','false','','','','','','','','','','0.0');
INSERT INTO "Contact" VALUES(29,'Adam','Clark','adamclark@example.com','false','false','false','false','false','','','false','','','','','','','','','','0.0');
INSERT INTO "Contact" VALUES(30,'Marisol','Gonzales','marisolgonzales@example.com','false','false','false','false','false','','','false','','','','','','','','','','0.0');
INSERT INTO "Contact" VALUES(31,'Mya','Cobb','myacobb@example.com','false','false','false','false','false','','','false','','','','','','','','','','0.0');
INSERT INTO "Contact" VALUES(32,'Jay','Shah','jayshah@example.com','false','false','false','false','false','','','false','','','','','','','','','','0.0');
INSERT INTO "Contact" VALUES(33,'Nancy','Arroyo','nancyarroyo@example.com','false','false','false','false','false','','','false','','','','','','','','','','0.0');
INSERT INTO "Contact" VALUES(34,'Aubrie','Booker','aubriebooker@example.com','false','false','false','false','false','','','false','','','','','','','','','','0.0');
INSERT INTO "Contact" VALUES(35,'Neil','Huerta','neilhuerta@example.com','false','false','false','false','false','','','false','','','','','','','','','','0.0');
INSERT INTO "Contact" VALUES(36,'Emelia','Mercer','emeliamercer@example.com','false','false','false','false','false','','','false','','','','','','','','','','0.0');
INSERT INTO "Contact" VALUES(37,'Yadiel','Horton','yadielhorton@example.com','false','false','false','false','false','','','false','','','','','','','','','','0.0');
INSERT INTO "Contact" VALUES(38,'Taniyah','Rios','taniyahrios@example.com','false','false','false','false','false','','','false','','','','','','','','','','0.0');
INSERT INTO "Contact" VALUES(39,'Peyton','Craig','peytoncraig@example.com','false','false','false','false','false','','','false','','','','','','','','','','0.0');
INSERT INTO "Contact" VALUES(40,'Francesca','Oliver','francescaoliver@example.com','false','false','false','false','false','','','false','','','','','','','','','','0.0');
INSERT INTO "Contact" VALUES(41,'Albert','Montgomery','albertmontgomery@example.com','false','false','false','false','false','','','false','','','','','','','','','','0.0');
INSERT INTO "Contact" VALUES(42,'Meredith','Cooke','meredithcooke@example.com','false','false','false','false','false','','','false','','','','','','','','','','0.0');
INSERT INTO "Contact" VALUES(43,'Mckayla','Morrison','mckaylamorrison@example.com','false','false','false','false','false','','','false','','','','','','','','','','0.0');
INSERT INTO "Contact" VALUES(44,'Hayley','Bright','hayleybright@example.com','false','false','false','false','false','','','false','','','','','','','','','','0.0');
INSERT INTO "Contact" VALUES(45,'Dayana','Atkins','dayanaatkins@example.com','false','false','false','false','false','','','false','','','','','','','','','','0.0');
INSERT INTO "Contact" VALUES(46,'Laura','Hernandez','laurahernandez@example.com','false','false','false','false','false','','','false','','','','','','','','','','0.0');
INSERT INTO "Contact" VALUES(47,'Jessica','Woods','jessicawoods@example.com','false','false','false','false','false','','','false','','','','','','','','','','0.0');
INSERT INTO "Contact" VALUES(48,'Khloe','Stanley','khloestanley@example.com','false','false','false','false','false','','','false','','','','','','','','','','0.0');
INSERT INTO "Contact" VALUES(49,'Ray','Fischer','rayfischer@example.com','false','false','false','false','false','','','false','','','','','','','','','','0.0');
INSERT INTO "Contact" VALUES(50,'Casey','Kline','caseykline@example.com','false','false','false','false','false','','','false','','','','','','','','','','0.0');
INSERT INTO "Contact" VALUES(51,'Aron','Joyce','aronjoyce@example.com','false','false','false','false','false','','','false','','','','','','','','','','0.0');
INSERT INTO "Contact" VALUES(52,'Diego','Case','diegocase@example.com','false','false','false','false','false','','','false','','','','','','','','','','0.0');
INSERT INTO "Contact" VALUES(53,'Chelsea','Graves','chelseagraves@example.com','false','false','false','false','false','','','false','','','','','','','','','','0.0');
INSERT INTO "Contact" VALUES(54,'Ruth','Wu','ruthwu@example.com','false','false','false','false','false','','','false','','','','','','','','','','0.0');
INSERT INTO "Contact" VALUES(55,'Isaac','Grant','isaacgrant@example.com','false','false','false','false','false','','','false','','','','','','','','','','0.0');
INSERT INTO "Contact" VALUES(56,'Audrina','Rojas','audrinarojas@example.com','false','false','false','false','false','','','false','','','','','','','','','','0.0');
INSERT INTO "Contact" VALUES(57,'Makhi','Villegas','makhivillegas@example.com','false','false','false','false','false','','','false','','','','','','','','','','0.0');
INSERT INTO "Contact" VALUES(58,'Koen','Chase','koenchase@example.com','false','false','false','false','false','','','false','','','','','','','','','','0.0');
INSERT INTO "Contact" VALUES(59,'Hailie','Holder','hailieholder@example.com','false','false','false','false','false','','','false','','','','','','','','','','0.0');
INSERT INTO "Contact" VALUES(60,'Caylee','Pollard','cayleepollard@example.com','false','false','false','false','false','','','false','','','','','','','','','','0.0');
INSERT INTO "Contact" VALUES(61,'Guillermo','Quinn','guillermoquinn@example.com','false','false','false','false','false','','','false','','','','','','','','','','0.0');
INSERT INTO "Contact" VALUES(62,'Dominik','Wilkinson','dominikwilkinson@example.com','false','false','false','false','false','','','false','','','','','','','','','','0.0');
INSERT INTO "Contact" VALUES(63,'Simone','Keller','simonekeller@example.com','false','false','false','false','false','','','false','','','','','','','','','','0.0');
INSERT INTO "Contact" VALUES(64,'Violet','Ellis','violetellis@example.com','false','false','false','false','false','','','false','','','','','','','','','','0.0');
INSERT INTO "Contact" VALUES(65,'Samir','Neal','samirneal@example.com','false','false','false','false','false','','','false','','','','','','','','','','0.0');
INSERT INTO "Contact" VALUES(66,'Mira','Mcconnell','miramcconnell@example.com','false','false','false','false','false','','','false','','','','','','','','','','0.0');
INSERT INTO "Contact" VALUES(67,'Aniya','Arellano','aniyaarellano@example.com','false','false','false','false','false','','','false','','','','','','','','','','0.0');
INSERT INTO "Contact" VALUES(68,'Rafael','Velasquez','rafaelvelasquez@example.com','false','false','false','false','false','','','false','','','','','','','','','','0.0');
INSERT INTO "Contact" VALUES(69,'Jakayla','Glover','jakaylaglover@example.com','false','false','false','false','false','','','false','','','','','','','','','','0.0');
INSERT INTO "Contact" VALUES(70,'Angelo','Lutz','angelolutz@example.com','false','false','false','false','false','','','false','','','','','','','','','','0.0');
INSERT INTO "Contact" VALUES(71,'Audrina','Graves','audrinagraves@example.com','false','false','false','false','false','','','false','','','','','','','','','','0.0');
INSERT INTO "Contact" VALUES(72,'Turner','Carson','turnercarson@example.com','false','false','false','false','false','','','false','','','','','','','','','','0.0');
INSERT INTO "Contact" VALUES(73,'Emelia','Fletcher','emeliafletcher@example.com','false','false','false','false','false','','','false','','','','','','','','','','0.0');
INSERT INTO "Contact" VALUES(74,'Mackenzie','Hernandez','mackenziehernandez@example.com','false','false','false','false','false','','','false','','','','','','','','','','0.0');
INSERT INTO "Contact" VALUES(75,'Ryan','Hardin','ryanhardin@example.com','false','false','false','false','false','','','false','','','','','','','','','','0.0');
INSERT INTO "Contact" VALUES(76,'Mira','Olson','miraolson@example.com','false','false','false','false','false','','','false','','','','','','','','','','0.0');
INSERT INTO "Contact" VALUES(77,'Anna','Orr','annaorr@example.com','false','false','false','false','false','','','false','','','','','','','','','','0.0');
INSERT INTO "Contact" VALUES(78,'Tyrone','Pearson','tyronepearson@example.com','false','false','false','false','false','','','false','','','','','','','','','','0.0');
INSERT INTO "Contact" VALUES(79,'Joe','Salinas','joesalinas@example.com','false','false','false','false','false','','','false','','','','','','','','','','0.0');
INSERT INTO "Contact" VALUES(80,'Maleah','Bullock','maleahbullock@example.com','false','false','false','false','false','','','false','','','','','','','','','','0.0');
INSERT INTO "Contact" VALUES(81,'Anika','Solomon','anikasolomon@example.com','false','false','false','false','false','','','false','','','','','','','','','','0.0');
INSERT INTO "Contact" VALUES(82,'Tom','Higgins','thiggins@example.com','false','false','true','true','false','','','false','','','','','','','','','','0.0');
INSERT INTO "Contact" VALUES(83,'Lisa','Higgins','lhiggins@example.com','false','false','false','false','false','','','false','','','','','','','','','','0.0');
INSERT INTO "Contact" VALUES(84,'Jeremy','Adams','jeremyadams@example.com','false','false','false','false','false','','','false','','','','','','','','','','0.0');
INSERT INTO "Contact" VALUES(85,'Angela','Adams','angelaadams@example.com','false','false','false','false','false','','','false','','','','','','','','','','0.0');
INSERT INTO "Contact" VALUES(86,'Arthur','Baker','','false','false','false','false','false','','','false','','','','','','','','','','0.0');
INSERT INTO "Contact" VALUES(87,'Arlene','Baker','alanbaker@example.com','false','false','false','false','false','','','false','','','','','','','','','','0.0');
INSERT INTO "Contact" VALUES(88,'Robin','Banks','robinbanks@example.com','false','false','false','false','false','','','false','','','','','','','','','','0.0');
INSERT INTO "Contact" VALUES(89,'Darryl','Graham','darrylgraham@example.com','false','false','false','false','false','','','false','','','','','','','','','','0.0');
INSERT INTO "Contact" VALUES(90,'Lynn','Barnes','lynnbarnes@example.com','false','false','false','false','false','','','false','','','','','','','','','','0.0');
INSERT INTO "Contact" VALUES(91,'David','Barnes','davidbarnes@example.com','false','false','false','false','false','500.0','2019-07-01','false','500.0','2019-07-01','500.0','2019-07-01','1.0','1.0','0.0','1.0','0.0','500.0');
INSERT INTO "Contact" VALUES(92,'Jason','Barnes','jasonbarnes@example.com','false','false','true','true','false','500.0','2019-07-01','false','500.0','2019-07-01','500.0','2019-07-01','1.0','1.0','0.0','1.0','0.0','500.0');
INSERT INTO "Contact" VALUES(93,'Anne','Boyd','anneboyd@example.com','false','false','false','false','false','','','false','','','','','','','','','','0.0');
INSERT INTO "Contact" VALUES(94,'Norma','Burke','normaburke@example.com','false','false','false','false','false','','','false','','','','','','','','','','0.0');
INSERT INTO "Contact" VALUES(95,'Ariella','Branch','ariellabranch@example.com','false','false','false','false','false','','','false','','','','','','','','','','0.0');
INSERT INTO "Contact" VALUES(96,'Bobby','Henderson','bobbyhenderson@example.com','false','false','false','false','false','','','false','','','','','','','','','','0.0');
INSERT INTO "Contact" VALUES(97,'Anthony','Hill','anthonyhill@example.com','false','false','false','false','false','','','false','','','','','','','','','','0.0');
INSERT INTO "Contact" VALUES(98,'Virginia','Holmes','virginiaholmes@example.com','false','false','false','false','false','','','false','','','','','','','','','','0.0');
INSERT INTO "Contact" VALUES(99,'Jose','Jenkins','josejenkins@example.com','false','false','false','false','false','','','false','','','','','','','','','','0.0');
INSERT INTO "Contact" VALUES(100,'Craig','Johnson','craigjohnso@example.com','false','false','false','false','false','','','false','','','','','','','','','','0.0');
INSERT INTO "Contact" VALUES(101,'Maya','Johnson','','false','false','true','true','true','','','false','','','','','','','','','','0.0');
INSERT INTO "Contact" VALUES(102,'Barbara','Johnson','barbarajohnson@example.com','false','false','false','false','false','','','false','','','','','','','','','','0.0');
INSERT INTO "Contact" VALUES(103,'Jose','Burgess','joseburgess@example.com','false','false','false','false','false','','','false','','','','','','','','','','0.0');
INSERT INTO "Contact" VALUES(104,'Brenda','Bass','brendabass@example.com','false','false','false','false','false','','','false','','','','','','','','','','0.0');
INSERT INTO "Contact" VALUES(105,'Nikhil','Bishop','nikhilbishop@example.com','false','false','false','false','false','','','false','','','','','','','','','','0.0');
INSERT INTO "Contact" VALUES(106,'Juliette','Cisneros','juliettecisneros@example.com','false','false','false','false','false','','','false','','','','','','','','','','0.0');
INSERT INTO "Contact" VALUES(107,'Alana','Owen','alanaowen@example.com','false','false','false','false','false','','','false','','','','','','','','','','0.0');
INSERT INTO "Contact" VALUES(108,'Jaydon','Bates','jaydonbates@example.com','false','false','false','false','false','','','false','','','','','','','','','','0.0');
INSERT INTO "Contact" VALUES(109,'Cruz','Kerr','cruzkerr@example.com','false','false','false','false','false','','','false','','','','','','','','','','0.0');
INSERT INTO "Contact" VALUES(110,'Naima','Crawford','naimacrawford@example.com','false','false','false','false','false','','','false','','','','','','','','','','0.0');
INSERT INTO "Contact" VALUES(111,'Beau','Eaton','beaueaton@example.com','false','false','false','false','false','','','false','','','','','','','','','','0.0');
INSERT INTO "Contact" VALUES(112,'Chance','Rasmussen','chancerasmussen@example.com','false','false','false','false','false','','','false','','','','','','','','','','0.0');
INSERT INTO "Contact" VALUES(113,'Khloe','Campos','khloecampos@example.com','false','false','false','false','false','','','false','','','','','','','','','','0.0');
INSERT INTO "Contact" VALUES(114,'Amelie','Bond','ameliebond@example.com','false','false','false','false','false','','','false','','','','','','','','','','0.0');
INSERT INTO "Contact" VALUES(115,'Julie','Myers','juliemyers@example.com','false','false','false','false','false','','','false','','','','','','','','','','0.0');
INSERT INTO "Contact" VALUES(116,'Jayda','Stanton','jaydastanton@example.com','false','false','false','false','false','','','false','','','','','','','','','','0.0');
INSERT INTO "Contact" VALUES(117,'Heidi','Woods','heidiwoods@example.com','false','false','false','false','false','','','false','','','','','','','','','','0.0');
INSERT INTO "Contact" VALUES(118,'Leia','Spence','leiaspence@example.com','false','false','false','false','false','','','false','','','','','','','','','','0.0');
INSERT INTO "Contact" VALUES(119,'Javon','Rodgers','javonrodgers@example.com','false','false','false','false','false','','','false','','','','','','','','','','0.0');
INSERT INTO "Contact" VALUES(120,'Leon','Clayton','leonclayton@example.com','false','false','false','false','false','','','false','','','','','','','','','','0.0');
INSERT INTO "Contact" VALUES(121,'Marc','Richard','marcrichard@example.com','false','false','false','false','false','','','false','','','','','','','','','','0.0');
INSERT INTO "Contact" VALUES(122,'Jordan','Waller','jordanwaller@example.com','false','false','false','false','false','','','false','','','','','','','','','','0.0');
INSERT INTO "Contact" VALUES(123,'Jace','Hampton','jacehampton@example.com','false','false','false','false','false','','','false','','','','','','','','','','0.0');
INSERT INTO "Contact" VALUES(124,'Silas','Neal','silasneal@example.com','false','false','false','false','false','','','false','','','','','','','','','','0.0');
INSERT INTO "Contact" VALUES(125,'Sonia','Gentry','soniagentry@example.com','false','false','false','false','false','','','false','','','','','','','','','','0.0');
INSERT INTO "Contact" VALUES(126,'Alison','Barr','alisonbarr@example.com','false','false','false','false','false','','','false','','','','','','','','','','0.0');
INSERT INTO "Contact" VALUES(127,'Vu','Pham','vupham@example.com','false','false','false','false','false','','','false','','','','','','','','','','0.0');
INSERT INTO "Contact" VALUES(128,'Kellen','Cooley','kellencooley@example.com','false','false','false','false','false','','','false','','','','','','','','','','0.0');
INSERT INTO "Contact" VALUES(129,'Jay','Zimmerman','jayzimmerman@example.com','false','false','false','false','false','','','false','','','','','','','','','','0.0');
INSERT INTO "Contact" VALUES(130,'Josie','Mcclure','josiemcclure@example.com','false','false','false','false','false','','','false','','','','','','','','','','0.0');
INSERT INTO "Contact" VALUES(131,'Melanie','Wheeler','melaniewheeler@example.com','false','false','false','false','false','','','false','','','','','','','','','','0.0');
INSERT INTO "Contact" VALUES(132,'Fernando','Beltran','fernandobeltran@example.com','false','false','false','false','false','','','false','','','','','','','','','','0.0');
INSERT INTO "Contact" VALUES(133,'Yuliana','Bird','yulianabird@example.com','false','false','false','false','false','','','false','','','','','','','','','','0.0');
INSERT INTO "Contact" VALUES(134,'Alyson','Duffy','alysonduffy@example.com','false','false','false','false','false','','','false','','','','','','','','','','0.0');
INSERT INTO "Contact" VALUES(135,'Nyla','Woods','nylawoods@example.com','false','false','false','false','false','','','false','','','','','','','','','','0.0');
INSERT INTO "Contact" VALUES(136,'James','Richards','jamesrichards@example.com','false','false','false','false','false','','','false','','','','','','','','','','0.0');
INSERT INTO "Contact" VALUES(137,'Aaron','Valdez','aaronvaldez@example.com','false','false','false','false','false','','','false','','','','','','','','','','0.0');
INSERT INTO "Contact" VALUES(138,'John','Mills','johnmills@example.com','false','false','false','false','false','','','false','','','','','','','','','','0.0');
INSERT INTO "Contact" VALUES(139,'Shannon','Greene','shannongreene@example.com','false','false','false','false','false','','','false','','','','','','','','','','0.0');
INSERT INTO "Contact" VALUES(140,'Marco','Escobar','marcoescobar@example.com','false','false','false','false','false','','','false','','','','','','','','','','0.0');
INSERT INTO "Contact" VALUES(141,'Marcus','Huynh','marcushuynh@example.com','false','false','false','false','false','','','false','','','','','','','','','','0.0');
INSERT INTO "Contact" VALUES(142,'Lorelai','Gross','lorelaigross@example.com','false','false','false','false','false','','','false','','','','','','','','','','0.0');
INSERT INTO "Contact" VALUES(143,'Elsa','Guerrero','elsaguerrero@example.com','false','false','false','false','false','','','false','','','','','','','','','','0.0');
INSERT INTO "Contact" VALUES(144,'Yesenia','Ritter','yeseniaritter@example.com','false','false','false','false','false','','','false','','','','','','','','','','0.0');
INSERT INTO "Contact" VALUES(145,'Abraham','Sims','abrahamsims@example.com','false','false','false','false','false','','','false','','','','','','','','','','0.0');
INSERT INTO "Contact" VALUES(146,'Kyle','Huffman','kylehuffman@example.com','false','false','false','false','false','','','false','','','','','','','','','','0.0');
INSERT INTO "Contact" VALUES(147,'Cora','Hall','corahall@example.com','false','false','false','false','false','','','false','','','','','','','','','','0.0');
INSERT INTO "Contact" VALUES(148,'Isaac','Barker','isaacbarker@example.com','false','false','false','false','false','','','false','','','','','','','','','','0.0');
INSERT INTO "Contact" VALUES(149,'Kailey','Glass','kaileyglass@example.com','false','false','false','false','false','','','false','','','','','','','','','','0.0');
INSERT INTO "Contact" VALUES(150,'Delilah','Ibarra','delilahibarra@example.com','false','false','false','false','false','','','false','','','','','','','','','','0.0');
INSERT INTO "Contact" VALUES(151,'Zackery','Morgan','zackerymorgan@example.com','false','false','false','false','false','','','false','','','','','','','','','','0.0');
INSERT INTO "Contact" VALUES(152,'Ayanna','Gonzalez','ayannagonzalez@example.com','false','false','false','false','false','','','false','','','','','','','','','','0.0');
INSERT INTO "Contact" VALUES(153,'Duncan','Bowers','duncanbowers@example.com','false','false','false','false','false','','','false','','','','','','','','','','0.0');
INSERT INTO "Contact" VALUES(154,'Lauryn','Odom','laurynodom@example.com','false','false','false','false','false','','','false','','','','','','','','','','0.0');
INSERT INTO "Contact" VALUES(155,'Yusef','Flores','yusefflores@example.com','false','false','false','false','false','','','false','','','','','','','','','','0.0');
INSERT INTO "Contact" VALUES(156,'Semaj','Wall','semajwall@example.com','false','false','false','false','false','','','false','','','','','','','','','','0.0');
INSERT INTO "Contact" VALUES(157,'Frankie','Waller','frankiewaller@example.com','false','false','false','false','false','','','false','','','','','','','','','','0.0');
INSERT INTO "Contact" VALUES(158,'Eliezer','Bray','eliezerbray@example.com','false','false','false','false','false','','','false','','','','','','','','','','0.0');
INSERT INTO "Contact" VALUES(159,'Jaden','Conner','jadenconner@example.com','false','false','false','false','false','','','false','','','','','','','','','','0.0');
INSERT INTO "Contact" VALUES(160,'Steven','Harper','stevenharper@example.com','false','false','false','false','false','','','false','','','','','','','','','','0.0');
INSERT INTO "Contact" VALUES(161,'Karissa','Aguilar','karissaaguilar@example.com','false','false','false','false','false','','','false','','','','','','','','','','0.0');
INSERT INTO "Contact" VALUES(162,'Tiara','Cummings','tiaracummings@example.com','false','false','false','false','false','','','false','','','','','','','','','','0.0');
INSERT INTO "Contact" VALUES(163,'Taniya','Singleton','taniyasingleton@example.com','false','false','false','false','false','','','false','','','','','','','','','','0.0');
INSERT INTO "Contact" VALUES(164,'Cecilia','Cardenas','ceciliacardenas@example.com','false','false','false','false','false','','','false','','','','','','','','','','0.0');
INSERT INTO "Contact" VALUES(165,'Christina','Webster','christinawebster@example.com','false','false','false','false','false','','','false','','','','','','','','','','0.0');
INSERT INTO "Contact" VALUES(166,'Emilie','Costa','emiliecosta@example.com','false','false','false','false','false','','','false','','','','','','','','','','0.0');
INSERT INTO "Contact" VALUES(167,'Ayana','Humphrey','ayanahumphrey@example.com','false','false','false','false','false','','','false','','','','','','','','','','0.0');
INSERT INTO "Contact" VALUES(168,'Lucia','Cain','luciacain@example.com','false','false','false','false','false','','','false','','','','','','','','','','0.0');
INSERT INTO "Contact" VALUES(169,'Amaya','Dunlap','amayadunlap@example.com','false','false','false','false','false','','','false','','','','','','','','','','0.0');
INSERT INTO "Contact" VALUES(170,'Derrick','Blackwell','derrickblackwell@example.com','false','false','false','false','false','','','false','','','','','','','','','','0.0');
INSERT INTO "Contact" VALUES(171,'Alice','Irwin','aliceirwin@example.com','false','false','false','false','false','','','false','','','','','','','','','','0.0');
INSERT INTO "Contact" VALUES(172,'Fabian','Hughes','fabianhughes@example.com','false','false','false','false','false','','','false','','','','','','','','','','0.0');
INSERT INTO "Contact" VALUES(173,'Raelynn','Wells','raelynnwells@example.com','false','false','false','false','false','','','false','','','','','','','','','','0.0');
CREATE TABLE "Opportunity" (
	id INTEGER NOT NULL, 
	"Name" VARCHAR(255), 
	"NextStep" VARCHAR(255), 
	"Type" VARCHAR(255), 
	"StageName" VARCHAR(255), 
	"LeadSource" VARCHAR(255), 
	"ForecastCategoryName" VARCHAR(255), 
	"Probability" VARCHAR(255), 
	"TotalOpportunityQuantity" VARCHAR(255), 
	"Description" VARCHAR(255), 
	"CloseDate" VARCHAR(255), 
	"Amount" VARCHAR(255), 
	"IsPrivate" VARCHAR(255), 
	"npsp__Grant_Requirements_Website__c" VARCHAR(255), 
	"npsp__Primary_Contact_Campaign_Member_Status__c" VARCHAR(255), 
	"npsp__Notification_Recipient_Name__c" VARCHAR(255), 
	"npsp__Honoree_Name__c" VARCHAR(255), 
	"npsp__Matching_Gift_Employer__c" VARCHAR(255), 
	"npsp__Grant_Contract_Number__c" VARCHAR(255), 
	"npsp__Notification_Recipient_Information__c" VARCHAR(255), 
	"npsp__Grant_Program_Area_s__c" VARCHAR(255), 
	"npsp__In_Kind_Description__c" VARCHAR(255), 
	"npsp__Tribute_Type__c" VARCHAR(255), 
	"npsp__Notification_Preference__c" VARCHAR(255), 
	"npsp__Matching_Gift_Status__c" VARCHAR(255), 
	"npsp__In_Kind_Type__c" VARCHAR(255), 
	"npsp__Acknowledgment_Status__c" VARCHAR(255), 
	"npsp__Gift_Strategy__c" VARCHAR(255), 
	"npsp__Recurring_Donation_Installment_Number__c" VARCHAR(255), 
	"npsp__Notification_Message__c" VARCHAR(255), 
	"npsp__Closed_Lost_Reason__c" VARCHAR(255), 
	"npsp__Grant_Period_Start_Date__c" VARCHAR(255), 
	"npsp__Grant_Period_End_Date__c" VARCHAR(255), 
	"npsp__Grant_Contract_Date__c" VARCHAR(255), 
	"npsp__Acknowledgment_Date__c" VARCHAR(255), 
	"npsp__Qualified_Date__c" VARCHAR(255), 
	"npsp__Ask_Date__c" VARCHAR(255), 
	"npsp__Fair_Market_Value__c" VARCHAR(255), 
	"npsp__Requested_Amount__c" VARCHAR(255), 
	"npsp__DisableContactRoleAutomation__c" VARCHAR(255), 
	"npsp__In_Kind_Donor_Declared_Value__c" VARCHAR(255), 
	"npsp__Is_Grant_Renewal__c" VARCHAR(255), 
	account_id VARCHAR(255), 
	primary_contact__c VARCHAR(255), 
	honoree_contact__c VARCHAR(255), 
	notification_recipient_contact__c VARCHAR(255), 
	PRIMARY KEY (id)
);
INSERT INTO "Opportunity" VALUES(1,'Arthur Baker Donation in Memoriam','','','Closed Won','','Closed','100.0','','','2019-09-02','500.0','false','','','Arlene Baker','Arthur Baker','','','','','','Memorial','Phone','','','To Be Acknowledged','','','','','','','','2019-09-06','','','','','false','false','false','25','87','86','87');
INSERT INTO "Opportunity" VALUES(2,'Darryl Graham 2019 In-Kind Donation','','','In-Kind Received','','Omitted','100.0','','','2019-08-05','400.0','false','','','','','','','','','<p>PSA Production for fundraising drive</p>','','','','Services','Acknowledged','','','','','','','','2019-08-09','','','800.0','','false','true','false','26','89','','');
INSERT INTO "Opportunity" VALUES(3,'Lynn Barnes 1019 Donation','','','Closed Won','','Closed','100.0','','','2019-07-01','500.0','false','','','','','','','','','','','','','','Acknowledged','','','','','','','','2019-07-05','','','','','false','false','false','27','90','','');
CREATE TABLE "OpportunityContactRole" (
	id INTEGER NOT NULL, 
	"Role" VARCHAR(255), 
	"IsPrimary" VARCHAR(255), 
	contact_id VARCHAR(255), 
	opportunity_id VARCHAR(255), 
	PRIMARY KEY (id)
);
INSERT INTO "OpportunityContactRole" VALUES(1,'Donor','true','87','1');
INSERT INTO "OpportunityContactRole" VALUES(2,'Donor','true','89','2');
INSERT INTO "OpportunityContactRole" VALUES(3,'Donor','true','90','3');
INSERT INTO "OpportunityContactRole" VALUES(4,'Tribute','false','86','1');
INSERT INTO "OpportunityContactRole" VALUES(5,'Household Member','false','88','2');
INSERT INTO "OpportunityContactRole" VALUES(6,'Household Member','false','91','3');
INSERT INTO "OpportunityContactRole" VALUES(7,'Household Member','false','92','3');
INSERT INTO "OpportunityContactRole" VALUES(8,'Donor','true','87','1');
INSERT INTO "OpportunityContactRole" VALUES(9,'Donor','true','87','1');
INSERT INTO "OpportunityContactRole" VALUES(10,'Donor','true','87','1');
INSERT INTO "OpportunityContactRole" VALUES(11,'Donor','true','87','1');
INSERT INTO "OpportunityContactRole" VALUES(12,'Donor','true','87','1');
INSERT INTO "OpportunityContactRole" VALUES(13,'Donor','true','87','1');
INSERT INTO "OpportunityContactRole" VALUES(14,'Donor','true','87','1');
INSERT INTO "OpportunityContactRole" VALUES(15,'Household Member','false','88','2');
INSERT INTO "OpportunityContactRole" VALUES(16,'Household Member','false','88','2');
INSERT INTO "OpportunityContactRole" VALUES(17,'Household Member','false','88','2');
INSERT INTO "OpportunityContactRole" VALUES(18,'Household Member','false','88','2');
INSERT INTO "OpportunityContactRole" VALUES(19,'Household Member','false','88','2');
INSERT INTO "OpportunityContactRole" VALUES(20,'Household Member','false','88','2');
INSERT INTO "OpportunityContactRole" VALUES(21,'Household Member','false','88','2');
INSERT INTO "OpportunityContactRole" VALUES(22,'Donor','true','89','2');
INSERT INTO "OpportunityContactRole" VALUES(23,'Donor','true','89','2');
INSERT INTO "OpportunityContactRole" VALUES(24,'Donor','true','89','2');
INSERT INTO "OpportunityContactRole" VALUES(25,'Donor','true','89','2');
INSERT INTO "OpportunityContactRole" VALUES(26,'Donor','true','89','2');
INSERT INTO "OpportunityContactRole" VALUES(27,'Donor','true','89','2');
INSERT INTO "OpportunityContactRole" VALUES(28,'Donor','true','89','2');
INSERT INTO "OpportunityContactRole" VALUES(29,'Donor','true','90','3');
INSERT INTO "OpportunityContactRole" VALUES(30,'Donor','true','90','3');
INSERT INTO "OpportunityContactRole" VALUES(31,'Donor','true','90','3');
INSERT INTO "OpportunityContactRole" VALUES(32,'Donor','true','90','3');
INSERT INTO "OpportunityContactRole" VALUES(33,'Donor','true','90','3');
INSERT INTO "OpportunityContactRole" VALUES(34,'Donor','true','90','3');
INSERT INTO "OpportunityContactRole" VALUES(35,'Donor','true','90','3');
INSERT INTO "OpportunityContactRole" VALUES(36,'Household Member','false','91','3');
INSERT INTO "OpportunityContactRole" VALUES(37,'Household Member','false','91','3');
INSERT INTO "OpportunityContactRole" VALUES(38,'Household Member','false','91','3');
INSERT INTO "OpportunityContactRole" VALUES(39,'Household Member','false','91','3');
INSERT INTO "OpportunityContactRole" VALUES(40,'Household Member','false','91','3');
INSERT INTO "OpportunityContactRole" VALUES(41,'Household Member','false','91','3');
INSERT INTO "OpportunityContactRole" VALUES(42,'Household Member','false','91','3');
INSERT INTO "OpportunityContactRole" VALUES(43,'Household Member','false','92','3');
INSERT INTO "OpportunityContactRole" VALUES(44,'Household Member','false','92','3');
INSERT INTO "OpportunityContactRole" VALUES(45,'Household Member','false','92','3');
INSERT INTO "OpportunityContactRole" VALUES(46,'Household Member','false','92','3');
INSERT INTO "OpportunityContactRole" VALUES(47,'Household Member','false','92','3');
INSERT INTO "OpportunityContactRole" VALUES(48,'Household Member','false','92','3');
INSERT INTO "OpportunityContactRole" VALUES(49,'Household Member','false','92','3');
INSERT INTO "OpportunityContactRole" VALUES(50,'Tribute','false','86','1');
INSERT INTO "OpportunityContactRole" VALUES(51,'Tribute','false','86','1');
INSERT INTO "OpportunityContactRole" VALUES(52,'Tribute','false','86','1');
INSERT INTO "OpportunityContactRole" VALUES(53,'Tribute','false','86','1');
INSERT INTO "OpportunityContactRole" VALUES(54,'Tribute','false','86','1');
INSERT INTO "OpportunityContactRole" VALUES(55,'Household Member','false','86','1');
INSERT INTO "OpportunityContactRole" VALUES(56,'Tribute','false','86','1');
COMMIT;
