BEGIN TRANSACTION;
CREATE TABLE contacts (
	id INTEGER NOT NULL, 
	"npsp__Deceased__c" VARCHAR(255), 
	"npsp__Do_Not_Contact__c" VARCHAR(255), 
	"npsp__Exclude_from_Household_Formal_Greeting__c" VARCHAR(255), 
	"npsp__Exclude_from_Household_Informal_Greeting__c" VARCHAR(255), 
	"npsp__Exclude_from_Household_Name__c" VARCHAR(255), 
	"npsp__First_Soft_Credit_Amount__c" VARCHAR(255), 
	"npsp__First_Soft_Credit_Date__c" VARCHAR(255), 
	"npsp__is_Address_Override__c" VARCHAR(255), 
	"npsp__Largest_Soft_Credit_Amount__c" VARCHAR(255), 
	"npsp__Largest_Soft_Credit_Date__c" VARCHAR(255), 
	"npsp__Last_Soft_Credit_Amount__c" VARCHAR(255), 
	"npsp__Last_Soft_Credit_Date__c" VARCHAR(255), 
	"npsp__Number_of_Soft_Credits__c" VARCHAR(255), 
	"npsp__Number_of_Soft_Credits_Last_N_Days__c" VARCHAR(255), 
	"npsp__Number_of_Soft_Credits_Last_Year__c" VARCHAR(255), 
	"npsp__Number_of_Soft_Credits_This_Year__c" VARCHAR(255), 
	"npsp__Number_of_Soft_Credits_Two_Years_Ago__c" VARCHAR(255), 
	"npsp__Soft_Credit_Last_N_Days__c" VARCHAR(255), 
	PRIMARY KEY (id)
);
INSERT INTO "contacts" VALUES(1,'false','false','false','false','false','','','false','','','','','','','','','','0.0');
INSERT INTO "contacts" VALUES(2,'false','false','false','false','false','','','false','','','','','','','','','','0.0');
INSERT INTO "contacts" VALUES(3,'false','false','false','false','false','','','false','','','','','','','','','','0.0');
INSERT INTO "contacts" VALUES(4,'false','false','false','false','false','','','false','','','','','','','','','','0.0');
INSERT INTO "contacts" VALUES(5,'false','false','false','false','false','','','false','','','','','','','','','','0.0');
INSERT INTO "contacts" VALUES(6,'false','false','false','false','false','','','false','','','','','','','','','','0.0');
INSERT INTO "contacts" VALUES(7,'false','false','false','false','false','','','false','','','','','','','','','','0.0');
INSERT INTO "contacts" VALUES(8,'false','false','false','false','false','','','false','','','','','','','','','','0.0');
INSERT INTO "contacts" VALUES(9,'false','false','false','false','false','','','false','','','','','','','','','','0.0');
INSERT INTO "contacts" VALUES(10,'false','false','false','false','false','','','false','','','','','','','','','','0.0');
INSERT INTO "contacts" VALUES(11,'false','false','false','false','false','','','false','','','','','','','','','','0.0');
INSERT INTO "contacts" VALUES(12,'false','false','false','false','false','','','false','','','','','','','','','','0.0');
INSERT INTO "contacts" VALUES(13,'false','false','false','false','false','','','false','','','','','','','','','','0.0');
INSERT INTO "contacts" VALUES(14,'false','false','false','false','false','','','false','','','','','','','','','','0.0');
INSERT INTO "contacts" VALUES(15,'false','false','false','false','false','','','false','','','','','','','','','','0.0');
INSERT INTO "contacts" VALUES(16,'false','false','false','false','false','','','false','','','','','','','','','','0.0');
INSERT INTO "contacts" VALUES(17,'false','false','false','false','false','','','false','','','','','','','','','','0.0');
INSERT INTO "contacts" VALUES(18,'false','false','false','false','false','','','false','','','','','','','','','','0.0');
INSERT INTO "contacts" VALUES(19,'false','false','false','false','false','','','false','','','','','','','','','','0.0');
INSERT INTO "contacts" VALUES(20,'false','false','false','false','false','','','false','','','','','','','','','','0.0');
INSERT INTO "contacts" VALUES(21,'false','false','false','false','false','','','false','','','','','','','','','','0.0');
INSERT INTO "contacts" VALUES(22,'false','false','false','false','false','','','false','','','','','','','','','','0.0');
INSERT INTO "contacts" VALUES(23,'false','false','false','false','false','','','false','','','','','','','','','','0.0');
INSERT INTO "contacts" VALUES(24,'false','false','false','false','false','','','false','','','','','','','','','','0.0');
INSERT INTO "contacts" VALUES(25,'false','false','false','false','false','','','false','','','','','','','','','','0.0');
INSERT INTO "contacts" VALUES(26,'false','false','false','false','false','','','false','','','','','','','','','','0.0');
INSERT INTO "contacts" VALUES(27,'false','false','false','false','false','','','false','','','','','','','','','','0.0');
INSERT INTO "contacts" VALUES(28,'false','false','false','false','false','','','false','','','','','','','','','','0.0');
INSERT INTO "contacts" VALUES(29,'false','false','false','false','false','','','false','','','','','','','','','','0.0');
INSERT INTO "contacts" VALUES(30,'false','false','false','false','false','','','false','','','','','','','','','','0.0');
INSERT INTO "contacts" VALUES(31,'false','false','false','false','false','','','false','','','','','','','','','','0.0');
INSERT INTO "contacts" VALUES(32,'false','false','false','false','false','','','false','','','','','','','','','','0.0');
INSERT INTO "contacts" VALUES(33,'false','false','false','false','false','','','false','','','','','','','','','','0.0');
INSERT INTO "contacts" VALUES(34,'false','false','false','false','false','','','false','','','','','','','','','','0.0');
INSERT INTO "contacts" VALUES(35,'false','false','false','false','false','','','false','','','','','','','','','','0.0');
INSERT INTO "contacts" VALUES(36,'false','false','false','false','false','','','false','','','','','','','','','','0.0');
INSERT INTO "contacts" VALUES(37,'false','false','false','false','false','','','false','','','','','','','','','','0.0');
INSERT INTO "contacts" VALUES(38,'false','false','false','false','false','','','false','','','','','','','','','','0.0');
INSERT INTO "contacts" VALUES(39,'false','false','false','false','false','','','false','','','','','','','','','','0.0');
INSERT INTO "contacts" VALUES(40,'false','false','false','false','false','','','false','','','','','','','','','','0.0');
INSERT INTO "contacts" VALUES(41,'false','false','false','false','false','','','false','','','','','','','','','','0.0');
INSERT INTO "contacts" VALUES(42,'false','false','false','false','false','','','false','','','','','','','','','','0.0');
INSERT INTO "contacts" VALUES(43,'false','false','false','false','false','','','false','','','','','','','','','','0.0');
INSERT INTO "contacts" VALUES(44,'false','false','false','false','false','','','false','','','','','','','','','','0.0');
INSERT INTO "contacts" VALUES(45,'false','false','false','false','false','','','false','','','','','','','','','','0.0');
INSERT INTO "contacts" VALUES(46,'false','false','false','false','false','','','false','','','','','','','','','','0.0');
INSERT INTO "contacts" VALUES(47,'false','false','false','false','false','','','false','','','','','','','','','','0.0');
INSERT INTO "contacts" VALUES(48,'false','false','false','false','false','','','false','','','','','','','','','','0.0');
INSERT INTO "contacts" VALUES(49,'false','false','false','false','false','','','false','','','','','','','','','','0.0');
INSERT INTO "contacts" VALUES(50,'false','false','false','false','false','','','false','','','','','','','','','','0.0');
INSERT INTO "contacts" VALUES(51,'false','false','false','false','false','','','false','','','','','','','','','','0.0');
INSERT INTO "contacts" VALUES(52,'false','false','false','false','false','','','false','','','','','','','','','','0.0');
INSERT INTO "contacts" VALUES(53,'false','false','false','false','false','','','false','','','','','','','','','','0.0');
INSERT INTO "contacts" VALUES(54,'false','false','false','false','false','','','false','','','','','','','','','','0.0');
INSERT INTO "contacts" VALUES(55,'false','false','false','false','false','','','false','','','','','','','','','','0.0');
INSERT INTO "contacts" VALUES(56,'false','false','false','false','false','','','false','','','','','','','','','','0.0');
INSERT INTO "contacts" VALUES(57,'false','false','false','false','false','','','false','','','','','','','','','','0.0');
INSERT INTO "contacts" VALUES(58,'false','false','false','false','false','','','false','','','','','','','','','','0.0');
INSERT INTO "contacts" VALUES(59,'false','false','false','false','false','','','false','','','','','','','','','','0.0');
INSERT INTO "contacts" VALUES(60,'false','false','false','false','false','','','false','','','','','','','','','','0.0');
INSERT INTO "contacts" VALUES(61,'false','false','false','false','false','','','false','','','','','','','','','','0.0');
INSERT INTO "contacts" VALUES(62,'false','false','false','false','false','','','false','','','','','','','','','','0.0');
INSERT INTO "contacts" VALUES(63,'false','false','false','false','false','','','false','','','','','','','','','','0.0');
INSERT INTO "contacts" VALUES(64,'false','false','false','false','false','','','false','','','','','','','','','','0.0');
INSERT INTO "contacts" VALUES(65,'false','false','false','false','false','','','false','','','','','','','','','','0.0');
INSERT INTO "contacts" VALUES(66,'false','false','false','false','false','','','false','','','','','','','','','','0.0');
INSERT INTO "contacts" VALUES(67,'false','false','false','false','false','','','false','','','','','','','','','','0.0');
INSERT INTO "contacts" VALUES(68,'false','false','false','false','false','','','false','','','','','','','','','','0.0');
INSERT INTO "contacts" VALUES(69,'false','false','false','false','false','','','false','','','','','','','','','','0.0');
INSERT INTO "contacts" VALUES(70,'false','false','false','false','false','','','false','','','','','','','','','','0.0');
INSERT INTO "contacts" VALUES(71,'false','false','false','false','false','','','false','','','','','','','','','','0.0');
INSERT INTO "contacts" VALUES(72,'false','false','false','false','false','','','false','','','','','','','','','','0.0');
INSERT INTO "contacts" VALUES(73,'false','false','false','false','false','','','false','','','','','','','','','','0.0');
INSERT INTO "contacts" VALUES(74,'false','false','false','false','false','','','false','','','','','','','','','','0.0');
INSERT INTO "contacts" VALUES(75,'false','false','false','false','false','','','false','','','','','','','','','','0.0');
INSERT INTO "contacts" VALUES(76,'false','false','false','false','false','','','false','','','','','','','','','','0.0');
INSERT INTO "contacts" VALUES(77,'false','false','false','false','false','','','false','','','','','','','','','','0.0');
INSERT INTO "contacts" VALUES(78,'false','false','false','false','false','','','false','','','','','','','','','','0.0');
INSERT INTO "contacts" VALUES(79,'false','false','false','false','false','','','false','','','','','','','','','','0.0');
INSERT INTO "contacts" VALUES(80,'false','false','false','false','false','','','false','','','','','','','','','','0.0');
INSERT INTO "contacts" VALUES(81,'false','false','false','false','false','','','false','','','','','','','','','','0.0');
INSERT INTO "contacts" VALUES(82,'false','false','false','false','false','','','false','','','','','','','','','','0.0');
INSERT INTO "contacts" VALUES(83,'false','false','true','true','false','','','false','','','','','','','','','','0.0');
INSERT INTO "contacts" VALUES(84,'false','false','false','false','false','','','false','','','','','','','','','','0.0');
INSERT INTO "contacts" VALUES(85,'false','false','false','false','false','','','false','','','','','','','','','','0.0');
INSERT INTO "contacts" VALUES(86,'false','false','false','false','false','','','false','','','','','','','','','','0.0');
INSERT INTO "contacts" VALUES(87,'false','false','false','false','false','','','false','','','','','','','','','','0.0');
INSERT INTO "contacts" VALUES(88,'false','false','false','false','false','','','false','','','','','','','','','','0.0');
INSERT INTO "contacts" VALUES(89,'false','false','false','false','false','','','false','','','','','','','','','','0.0');
INSERT INTO "contacts" VALUES(90,'false','false','false','false','false','','','false','','','','','','','','','','0.0');
INSERT INTO "contacts" VALUES(91,'false','false','false','false','false','','','false','','','','','','','','','','0.0');
INSERT INTO "contacts" VALUES(92,'false','false','false','false','false','500.0','2019-07-01','false','500.0','2019-07-01','500.0','2019-07-01','1.0','1.0','0.0','1.0','0.0','500.0');
INSERT INTO "contacts" VALUES(93,'false','false','true','true','false','500.0','2019-07-01','false','500.0','2019-07-01','500.0','2019-07-01','1.0','1.0','0.0','1.0','0.0','500.0');
INSERT INTO "contacts" VALUES(94,'false','false','false','false','false','','','false','','','','','','','','','','0.0');
INSERT INTO "contacts" VALUES(95,'false','false','false','false','false','','','false','','','','','','','','','','0.0');
INSERT INTO "contacts" VALUES(96,'false','false','false','false','false','','','false','','','','','','','','','','0.0');
INSERT INTO "contacts" VALUES(97,'false','false','false','false','false','','','false','','','','','','','','','','0.0');
INSERT INTO "contacts" VALUES(98,'false','false','false','false','false','','','false','','','','','','','','','','0.0');
INSERT INTO "contacts" VALUES(99,'false','false','false','false','false','','','false','','','','','','','','','','0.0');
INSERT INTO "contacts" VALUES(100,'false','false','false','false','false','','','false','','','','','','','','','','0.0');
INSERT INTO "contacts" VALUES(101,'false','false','false','false','false','','','false','','','','','','','','','','0.0');
INSERT INTO "contacts" VALUES(102,'false','false','true','true','true','','','false','','','','','','','','','','0.0');
INSERT INTO "contacts" VALUES(103,'false','false','false','false','false','','','false','','','','','','','','','','0.0');
INSERT INTO "contacts" VALUES(104,'false','false','false','false','false','','','false','','','','','','','','','','0.0');
INSERT INTO "contacts" VALUES(105,'false','false','false','false','false','','','false','','','','','','','','','','0.0');
INSERT INTO "contacts" VALUES(106,'false','false','false','false','false','','','false','','','','','','','','','','0.0');
INSERT INTO "contacts" VALUES(107,'false','false','false','false','false','','','false','','','','','','','','','','0.0');
INSERT INTO "contacts" VALUES(108,'false','false','false','false','false','','','false','','','','','','','','','','0.0');
INSERT INTO "contacts" VALUES(109,'false','false','false','false','false','','','false','','','','','','','','','','0.0');
INSERT INTO "contacts" VALUES(110,'false','false','false','false','false','','','false','','','','','','','','','','0.0');
INSERT INTO "contacts" VALUES(111,'false','false','false','false','false','','','false','','','','','','','','','','0.0');
INSERT INTO "contacts" VALUES(112,'false','false','false','false','false','','','false','','','','','','','','','','0.0');
INSERT INTO "contacts" VALUES(113,'false','false','false','false','false','','','false','','','','','','','','','','0.0');
INSERT INTO "contacts" VALUES(114,'false','false','false','false','false','','','false','','','','','','','','','','0.0');
INSERT INTO "contacts" VALUES(115,'false','false','false','false','false','','','false','','','','','','','','','','0.0');
INSERT INTO "contacts" VALUES(116,'false','false','false','false','false','','','false','','','','','','','','','','0.0');
INSERT INTO "contacts" VALUES(117,'false','false','false','false','false','','','false','','','','','','','','','','0.0');
INSERT INTO "contacts" VALUES(118,'false','false','false','false','false','','','false','','','','','','','','','','0.0');
INSERT INTO "contacts" VALUES(119,'false','false','false','false','false','','','false','','','','','','','','','','0.0');
INSERT INTO "contacts" VALUES(120,'false','false','false','false','false','','','false','','','','','','','','','','0.0');
INSERT INTO "contacts" VALUES(121,'false','false','false','false','false','','','false','','','','','','','','','','0.0');
INSERT INTO "contacts" VALUES(122,'false','false','false','false','false','','','false','','','','','','','','','','0.0');
INSERT INTO "contacts" VALUES(123,'false','false','false','false','false','','','false','','','','','','','','','','0.0');
INSERT INTO "contacts" VALUES(124,'false','false','false','false','false','','','false','','','','','','','','','','0.0');
INSERT INTO "contacts" VALUES(125,'false','false','false','false','false','','','false','','','','','','','','','','0.0');
INSERT INTO "contacts" VALUES(126,'false','false','false','false','false','','','false','','','','','','','','','','0.0');
INSERT INTO "contacts" VALUES(127,'false','false','false','false','false','','','false','','','','','','','','','','0.0');
INSERT INTO "contacts" VALUES(128,'false','false','false','false','false','','','false','','','','','','','','','','0.0');
INSERT INTO "contacts" VALUES(129,'false','false','false','false','false','','','false','','','','','','','','','','0.0');
INSERT INTO "contacts" VALUES(130,'false','false','false','false','false','','','false','','','','','','','','','','0.0');
INSERT INTO "contacts" VALUES(131,'false','false','false','false','false','','','false','','','','','','','','','','0.0');
INSERT INTO "contacts" VALUES(132,'false','false','false','false','false','','','false','','','','','','','','','','0.0');
INSERT INTO "contacts" VALUES(133,'false','false','false','false','false','','','false','','','','','','','','','','0.0');
INSERT INTO "contacts" VALUES(134,'false','false','false','false','false','','','false','','','','','','','','','','0.0');
INSERT INTO "contacts" VALUES(135,'false','false','false','false','false','','','false','','','','','','','','','','0.0');
INSERT INTO "contacts" VALUES(136,'false','false','false','false','false','','','false','','','','','','','','','','0.0');
INSERT INTO "contacts" VALUES(137,'false','false','false','false','false','','','false','','','','','','','','','','0.0');
INSERT INTO "contacts" VALUES(138,'false','false','false','false','false','','','false','','','','','','','','','','0.0');
INSERT INTO "contacts" VALUES(139,'false','false','false','false','false','','','false','','','','','','','','','','0.0');
INSERT INTO "contacts" VALUES(140,'false','false','false','false','false','','','false','','','','','','','','','','0.0');
INSERT INTO "contacts" VALUES(141,'false','false','false','false','false','','','false','','','','','','','','','','0.0');
INSERT INTO "contacts" VALUES(142,'false','false','false','false','false','','','false','','','','','','','','','','0.0');
INSERT INTO "contacts" VALUES(143,'false','false','false','false','false','','','false','','','','','','','','','','0.0');
INSERT INTO "contacts" VALUES(144,'false','false','false','false','false','','','false','','','','','','','','','','0.0');
INSERT INTO "contacts" VALUES(145,'false','false','false','false','false','','','false','','','','','','','','','','0.0');
INSERT INTO "contacts" VALUES(146,'false','false','false','false','false','','','false','','','','','','','','','','0.0');
INSERT INTO "contacts" VALUES(147,'false','false','false','false','false','','','false','','','','','','','','','','0.0');
INSERT INTO "contacts" VALUES(148,'false','false','false','false','false','','','false','','','','','','','','','','0.0');
INSERT INTO "contacts" VALUES(149,'false','false','false','false','false','','','false','','','','','','','','','','0.0');
INSERT INTO "contacts" VALUES(150,'false','false','false','false','false','','','false','','','','','','','','','','0.0');
INSERT INTO "contacts" VALUES(151,'false','false','false','false','false','','','false','','','','','','','','','','0.0');
INSERT INTO "contacts" VALUES(152,'false','false','false','false','false','','','false','','','','','','','','','','0.0');
INSERT INTO "contacts" VALUES(153,'false','false','false','false','false','','','false','','','','','','','','','','0.0');
INSERT INTO "contacts" VALUES(154,'false','false','false','false','false','','','false','','','','','','','','','','0.0');
INSERT INTO "contacts" VALUES(155,'false','false','false','false','false','','','false','','','','','','','','','','0.0');
INSERT INTO "contacts" VALUES(156,'false','false','false','false','false','','','false','','','','','','','','','','0.0');
INSERT INTO "contacts" VALUES(157,'false','false','false','false','false','','','false','','','','','','','','','','0.0');
INSERT INTO "contacts" VALUES(158,'false','false','false','false','false','','','false','','','','','','','','','','0.0');
INSERT INTO "contacts" VALUES(159,'false','false','false','false','false','','','false','','','','','','','','','','0.0');
INSERT INTO "contacts" VALUES(160,'false','false','false','false','false','','','false','','','','','','','','','','0.0');
INSERT INTO "contacts" VALUES(161,'false','false','false','false','false','','','false','','','','','','','','','','0.0');
INSERT INTO "contacts" VALUES(162,'false','false','false','false','false','','','false','','','','','','','','','','0.0');
INSERT INTO "contacts" VALUES(163,'false','false','false','false','false','','','false','','','','','','','','','','0.0');
INSERT INTO "contacts" VALUES(164,'false','false','false','false','false','','','false','','','','','','','','','','0.0');
INSERT INTO "contacts" VALUES(165,'false','false','false','false','false','','','false','','','','','','','','','','0.0');
INSERT INTO "contacts" VALUES(166,'false','false','false','false','false','','','false','','','','','','','','','','0.0');
INSERT INTO "contacts" VALUES(167,'false','false','false','false','false','','','false','','','','','','','','','','0.0');
INSERT INTO "contacts" VALUES(168,'false','false','false','false','false','','','false','','','','','','','','','','0.0');
INSERT INTO "contacts" VALUES(169,'false','false','false','false','false','','','false','','','','','','','','','','0.0');
INSERT INTO "contacts" VALUES(170,'false','false','false','false','false','','','false','','','','','','','','','','0.0');
INSERT INTO "contacts" VALUES(171,'false','false','false','false','false','','','false','','','','','','','','','','0.0');
INSERT INTO "contacts" VALUES(172,'false','false','false','false','false','','','false','','','','','','','','','','0.0');
INSERT INTO "contacts" VALUES(173,'false','false','false','false','false','','','false','','','','','','','','','','0.0');
CREATE TABLE household_accounts (
	id INTEGER NOT NULL, 
	record_type VARCHAR(255), 
	PRIMARY KEY (id)
);
CREATE TABLE "npsp__OpportunityContactRole" (
	id INTEGER NOT NULL, 
	"Role" VARCHAR(255), 
	"IsPrimary" VARCHAR(255), 
	contact_id VARCHAR(255), 
	opportunity_id VARCHAR(255), 
	PRIMARY KEY (id)
);
INSERT INTO "npsp__OpportunityContactRole" VALUES(1,'Donor','true','88','1');
INSERT INTO "npsp__OpportunityContactRole" VALUES(2,'Donor','true','90','2');
INSERT INTO "npsp__OpportunityContactRole" VALUES(3,'Donor','true','91','3');
INSERT INTO "npsp__OpportunityContactRole" VALUES(4,'Tribute','false','87','1');
INSERT INTO "npsp__OpportunityContactRole" VALUES(5,'Household Member','false','89','2');
INSERT INTO "npsp__OpportunityContactRole" VALUES(6,'Household Member','false','92','3');
INSERT INTO "npsp__OpportunityContactRole" VALUES(7,'Household Member','false','93','3');
INSERT INTO "npsp__OpportunityContactRole" VALUES(8,'Tribute','false','87','1');
INSERT INTO "npsp__OpportunityContactRole" VALUES(9,'Tribute','false','87','1');
INSERT INTO "npsp__OpportunityContactRole" VALUES(10,'Tribute','false','87','1');
INSERT INTO "npsp__OpportunityContactRole" VALUES(11,'Tribute','false','87','1');
INSERT INTO "npsp__OpportunityContactRole" VALUES(12,'Tribute','false','87','1');
INSERT INTO "npsp__OpportunityContactRole" VALUES(13,'Household Member','false','87','1');
INSERT INTO "npsp__OpportunityContactRole" VALUES(14,'Donor','true','88','1');
INSERT INTO "npsp__OpportunityContactRole" VALUES(15,'Donor','true','88','1');
INSERT INTO "npsp__OpportunityContactRole" VALUES(16,'Donor','true','88','1');
INSERT INTO "npsp__OpportunityContactRole" VALUES(17,'Donor','true','88','1');
INSERT INTO "npsp__OpportunityContactRole" VALUES(18,'Donor','true','88','1');
INSERT INTO "npsp__OpportunityContactRole" VALUES(19,'Donor','true','88','1');
INSERT INTO "npsp__OpportunityContactRole" VALUES(20,'Household Member','false','89','2');
INSERT INTO "npsp__OpportunityContactRole" VALUES(21,'Household Member','false','89','2');
INSERT INTO "npsp__OpportunityContactRole" VALUES(22,'Household Member','false','89','2');
INSERT INTO "npsp__OpportunityContactRole" VALUES(23,'Household Member','false','89','2');
INSERT INTO "npsp__OpportunityContactRole" VALUES(24,'Household Member','false','89','2');
INSERT INTO "npsp__OpportunityContactRole" VALUES(25,'Household Member','false','89','2');
INSERT INTO "npsp__OpportunityContactRole" VALUES(26,'Donor','true','90','2');
INSERT INTO "npsp__OpportunityContactRole" VALUES(27,'Donor','true','90','2');
INSERT INTO "npsp__OpportunityContactRole" VALUES(28,'Donor','true','90','2');
INSERT INTO "npsp__OpportunityContactRole" VALUES(29,'Donor','true','90','2');
INSERT INTO "npsp__OpportunityContactRole" VALUES(30,'Donor','true','90','2');
INSERT INTO "npsp__OpportunityContactRole" VALUES(31,'Donor','true','90','2');
INSERT INTO "npsp__OpportunityContactRole" VALUES(32,'Donor','true','91','3');
INSERT INTO "npsp__OpportunityContactRole" VALUES(33,'Donor','true','91','3');
INSERT INTO "npsp__OpportunityContactRole" VALUES(34,'Donor','true','91','3');
INSERT INTO "npsp__OpportunityContactRole" VALUES(35,'Donor','true','91','3');
INSERT INTO "npsp__OpportunityContactRole" VALUES(36,'Donor','true','91','3');
INSERT INTO "npsp__OpportunityContactRole" VALUES(37,'Donor','true','91','3');
INSERT INTO "npsp__OpportunityContactRole" VALUES(38,'Household Member','false','92','3');
INSERT INTO "npsp__OpportunityContactRole" VALUES(39,'Household Member','false','92','3');
INSERT INTO "npsp__OpportunityContactRole" VALUES(40,'Household Member','false','92','3');
INSERT INTO "npsp__OpportunityContactRole" VALUES(41,'Household Member','false','92','3');
INSERT INTO "npsp__OpportunityContactRole" VALUES(42,'Household Member','false','92','3');
INSERT INTO "npsp__OpportunityContactRole" VALUES(43,'Household Member','false','92','3');
INSERT INTO "npsp__OpportunityContactRole" VALUES(44,'Household Member','false','93','3');
INSERT INTO "npsp__OpportunityContactRole" VALUES(45,'Household Member','false','93','3');
INSERT INTO "npsp__OpportunityContactRole" VALUES(46,'Household Member','false','93','3');
INSERT INTO "npsp__OpportunityContactRole" VALUES(47,'Household Member','false','93','3');
INSERT INTO "npsp__OpportunityContactRole" VALUES(48,'Household Member','false','93','3');
INSERT INTO "npsp__OpportunityContactRole" VALUES(49,'Household Member','false','93','3');
CREATE TABLE npsp__donations (
	id INTEGER NOT NULL, 
	"Name" VARCHAR(255), 
	"NextStep" VARCHAR(255), 
	"Type" VARCHAR(255), 
	"StageName" VARCHAR(255), 
	"LeadSource" VARCHAR(255), 
	"ForecastCategoryName" VARCHAR(255), 
	"Probability" VARCHAR(255), 
	"TotalOpportunityQuantity" VARCHAR(255), 
	"Description" VARCHAR(255), 
	"CloseDate" VARCHAR(255), 
	"Amount" VARCHAR(255), 
	"IsPrivate" VARCHAR(255), 
	"npsp__Grant_Requirements_Website__c" VARCHAR(255), 
	"npsp__Primary_Contact_Campaign_Member_Status__c" VARCHAR(255), 
	"npsp__Notification_Recipient_Name__c" VARCHAR(255), 
	"npsp__Honoree_Name__c" VARCHAR(255), 
	"npsp__Matching_Gift_Employer__c" VARCHAR(255), 
	"npsp__Grant_Contract_Number__c" VARCHAR(255), 
	"npsp__Notification_Recipient_Information__c" VARCHAR(255), 
	"npsp__Grant_Program_Area_s__c" VARCHAR(255), 
	"npsp__In_Kind_Description__c" VARCHAR(255), 
	"npsp__Tribute_Type__c" VARCHAR(255), 
	"npsp__Notification_Preference__c" VARCHAR(255), 
	"npsp__Matching_Gift_Status__c" VARCHAR(255), 
	"npsp__In_Kind_Type__c" VARCHAR(255), 
	"npsp__Acknowledgment_Status__c" VARCHAR(255), 
	"npsp__Gift_Strategy__c" VARCHAR(255), 
	"npsp__Recurring_Donation_Installment_Number__c" VARCHAR(255), 
	"npsp__Notification_Message__c" VARCHAR(255), 
	"npsp__Closed_Lost_Reason__c" VARCHAR(255), 
	"npsp__Grant_Period_Start_Date__c" VARCHAR(255), 
	"npsp__Grant_Period_End_Date__c" VARCHAR(255), 
	"npsp__Grant_Contract_Date__c" VARCHAR(255), 
	"npsp__Acknowledgment_Date__c" VARCHAR(255), 
	"npsp__Qualified_Date__c" VARCHAR(255), 
	"npsp__Ask_Date__c" VARCHAR(255), 
	"npsp__Fair_Market_Value__c" VARCHAR(255), 
	"npsp__Requested_Amount__c" VARCHAR(255), 
	"npsp__DisableContactRoleAutomation__c" VARCHAR(255), 
	"npsp__In_Kind_Donor_Declared_Value__c" VARCHAR(255), 
	"npsp__Is_Grant_Renewal__c" VARCHAR(255), 
	account_id VARCHAR(255), 
	primary_contact__c VARCHAR(255), 
	honoree_contact__c VARCHAR(255), 
	notification_recipient_contact__c VARCHAR(255), 
	PRIMARY KEY (id)
);
INSERT INTO "npsp__donations" VALUES(1,'Arthur Baker Donation in Memoriam','','','Closed Won','','Closed','100.0','','','2019-09-02','500.0','false','','','Arlene Baker','Arthur Baker','','','','','','Memorial','Phone','','','To Be Acknowledged','','','','','','','','2019-09-06','','','','','false','false','false','0015400000QonMmAAJ','88','87','88');
INSERT INTO "npsp__donations" VALUES(2,'Darryl Graham 2019 In-Kind Donation','','','In-Kind Received','','Omitted','100.0','','','2019-08-05','400.0','false','','','','','','','','','<p>PSA Production for fundraising drive</p>','','','','Services','Acknowledged','','','','','','','','2019-08-09','','','800.0','','false','true','false','0015400000QonMnAAJ','90','','');
INSERT INTO "npsp__donations" VALUES(3,'Lynn Barnes 1019 Donation','','','Closed Won','','Closed','100.0','','','2019-07-01','500.0','false','','','','','','','','','','','','','','Acknowledged','','','','','','','','2019-07-05','','','','','false','false','false','0015400000QonMoAAJ','91','','');
CREATE TABLE organization_accounts (
	id INTEGER NOT NULL, 
	record_type VARCHAR(255), 
	PRIMARY KEY (id)
);
COMMIT;
